,,,,,,Corsi (EV),Corsi (EV),Corsi (EV),Corsi (EV),Fenwick (EV),Fenwick (EV),Fenwick (EV),Fenwick (EV),PDO (),PDO (),,Zone Starts (EV),Zone Starts (EV),,,,,,,,-additional
Rk,Player,Age,Tm,Pos,GP,CF,CA,CF%,CF% rel,FF,FA,FF%,FF% rel,oiSH%,oiSV%,PDO,oZS%,dZS%,TOI/60,TOI(EV),TK,GV,E+/-,SAtt.,Thru%,-9999
1,Rodrigo Abols,30,PHI,C,42,306,398,43.5,-6.3,211,268,44.1,-6.1,9.2,90.4,99.5,43.2,56.8,10:30,9:49,11,14,-1.8,88,48.9,abolsro01
2,Noel Acciari,34,PIT,C,67,667,737,47.5,-3.1,475,508,48.3,-2.3,13.4,91.7,105.1,16.7,83.3,13:42,11:03,12,22,0.4,165,56.4,acciano01
3,Andrew Agozzino,35,UTA,LW,2,5,14,26.3,-22.1,5,8,38.5,-12.5,0.0,100.0,100.0,50.0,50.0,6:08,6:08,1,1,-0.2,1,0.0,agozzan01
4,Jack Ahcan,28,COL,D,11,153,102,60.0,7.4,112,78,58.9,7.0,7.8,90.9,98.7,41.5,58.5,11:32,11:30,0,6,3.7,19,42.1,ahcanja01
5,Sebastian Aho,28,CAR,F,79,1479,925,61.5,2.7,1090,718,60.3,2.3,10.2,86.3,96.6,63.8,36.2,19:37,14:45,31,109,12.9,406,48.0,ahose01
6,Marek Alscher,21,FLA,D,4,64,57,52.9,4.5,46,41,52.9,3.6,19.4,92.0,111.4,51.4,48.6,20:22,18:45,1,3,0.8,13,46.2,alschma01
7,Michael Amadio,29,OTT,C,81,1068,1085,49.6,-4.2,791,743,51.6,-2.6,11.6,89.3,100.9,30.6,69.4,16:07,14:54,33,60,3.5,184,52.2,amadimi01
8,Nils Åman,25,VAN,C,2,15,22,40.5,-8.2,12,7,63.2,17.6,16.7,75.0,91.7,50.0,50.0,8:40,8:40,0,1,0.1,3,33.3,amanni01
9,Josh Anderson,31,MTL,RW,72,735,845,46.5,-2.4,496,596,45.4,-4.8,10.8,88.2,99.0,33.1,66.9,14:01,11:42,8,42,-3.8,173,51.4,anderjo05
10,Michael Anderson,26,LAK,D,80,1393,1386,50.1,-2.5,989,1014,49.4,-3.2,9.5,92.2,101.7,40.2,59.8,20:34,18:13,14,53,-2.9,173,35.3,andermi02
11,Rasmus Andersson,29,TOT,D,81,1491,1502,49.8,-3.9,1072,1086,49.7,-3.7,10.4,89.5,99.9,52.2,47.8,23:12,18:58,27,102,1.0,402,44.3,anderra01
11,Rasmus Andersson,29,CGY,D,48,875,948,48.0,-3.9,628,690,47.6,-3.6,11.0,90.2,101.2,46.3,53.7,24:14,18:60,18,66,-4.2,259,43.2,anderra01
11,Rasmus Andersson,29,VEG,D,33,616,554,52.6,-3.6,444,396,52.9,-3.5,9.4,88.3,97.7,61.4,38.6,21:42,18:56,9,36,5.2,143,46.2,anderra01
12,Emil Andrae,23,PHI,D,61,775,786,49.6,2.4,544,569,48.9,0.6,10.8,93.3,104.1,55.8,44.2,15:20,14:46,7,46,3.7,117,30.8,andraem01
13,Mason Appleton,30,DET,C,65,673,786,46.1,-4.0,471,560,45.7,-6.0,8.0,91.8,99.8,44.4,55.6,13:31,12:12,1,22,-7.7,114,55.3,applema01
14,Joel Armia,32,LAK,RW,67,733,758,49.2,-3.3,522,531,49.6,-2.1,7.7,91.9,99.6,44.7,55.3,14:04,11:58,30,51,1.0,190,48.4,armiajo01
15,Viktor Arvidsson,32,BOS,LW,69,846,881,49.0,0.6,627,626,50.0,1.7,14.7,91.7,106.4,43.9,56.1,14:36,12:37,15,58,-4.4,358,48.6,arvidvi01
16,Jonathan Aspirot,26,BOS,D,61,884,946,48.3,-0.1,662,681,49.3,1.3,13.6,92.9,106.5,44.9,55.1,16:44,15:37,10,56,-0.6,129,36.4,aspirjo01
17,Zach Aston-Reese,31,CBJ,C,27,201,230,46.6,-4.4,141,164,46.2,-3.5,6.9,93.0,99.9,26.0,74.0,9:44,9:06,2,10,-1.4,31,54.8,astonza01
18,Nicolas Aubé-Kubel,29,MIN,RW,6,66,85,43.7,-1.1,49,61,44.5,-3.7,8.6,95.2,103.8,56.8,43.2,11:37,11:26,2,1,0.2,13,38.5,aubekni01
19,Oskar Back,25,DAL,C,72,529,560,48.6,0.2,376,375,50.1,1.7,10.2,91.9,102.1,34.8,65.2,12:22,10:02,15,38,3.1,82,51.2,backos01
20,Mikael Backlund,36,CGY,C,82,1167,1189,49.5,0.9,845,850,49.9,1.9,8.9,91.5,100.4,29.9,70.1,17:57,14:25,32,86,-5.5,349,53.3,backlmi01
21,Kevin Bahl,25,CGY,D,76,1316,1530,46.2,-4.7,945,1144,45.2,-5.4,10.2,91.6,101.8,41.2,58.8,21:57,19:06,42,90,-17.2,144,39.6,bahlke01
22,Arshdeep Bains,25,VAN,F,28,213,228,48.3,-0.9,151,164,47.9,-1.2,6.1,92.9,99.0,59.8,40.2,9:12,8:46,6,11,-0.7,31,58.1,bainsar01
23,Uvis Balinskis,29,FLA,D,54,741,718,50.8,-2.2,531,541,49.5,-2.6,8.9,86.6,95.5,57.4,42.6,16:22,14:38,23,33,-0.7,131,50.4,balinuv01
24,Ivan Barbashev,30,VEG,C,82,1290,1198,51.8,-0.5,967,847,53.3,1.2,12.0,89.1,101.1,61.0,39.0,16:15,15:23,15,90,13.8,243,54.7,barbaiv01
25,Zakhar Bardakov,24,COL,C,60,427,357,54.5,-2.2,303,242,55.6,-0.1,8.8,92.8,101.6,50.2,49.8,7:12,7:04,7,27,0.8,79,44.3,bardaza01
26,Denver Barkey,20,PHI,C,43,441,444,49.8,2.4,334,296,53.0,5.0,10.1,87.0,97.1,48.2,51.8,13:24,11:48,8,27,4.4,77,55.8,barkede01
27,Alex Barré-Boulet,28,COL,F,2,16,5,76.2,14.4,10,3,76.9,14.8,0.0,100.0,100.0,100.0,0.0,8:24,6:57,0,0,0.1,3,0.0,barreal01
28,Justin Barron,24,NSH,D,52,682,653,51.1,1.5,479,476,50.2,3.2,9.5,90.4,99.9,46.4,53.6,14:15,13:37,4,52,-2.3,90,34.4,barroju01
29,Morgan Barron,27,WPG,C,65,624,700,47.1,-2.5,460,503,47.8,-1.3,9.5,92.5,102.0,28.8,71.2,12:48,10:54,17,33,-3.6,170,54.7,barromo01
30,Mathew Barzal,28,NYI,C,81,1525,1332,53.4,5.8,1127,966,53.8,6.0,10.8,89.3,100.1,60.2,39.8,20:39,17:09,42,93,7.8,380,48.4,barzama01
31,Nathan Bastian,28,DAL,RW,36,231,268,46.3,-3.1,174,185,48.5,-1.3,10.6,93.5,104.1,42.1,57.9,8:39,8:38,1,11,-1.3,43,58.1,bastina01
32,Drake Batherson,27,OTT,C,79,1189,929,56.1,4.9,858,681,55.8,3.4,9.6,87.4,97.1,69.7,30.3,17:21,14:08,22,63,12.1,338,49.7,bathedr01
33,Jake Bean,27,CGY,D,16,269,217,55.3,3.6,192,141,57.7,7.9,5.3,85.1,90.4,54.2,45.8,15:57,15:25,5,15,2.1,44,36.4,beanja01
34,Anthony Beauvillier,28,WSH,LW,82,1140,1197,48.8,-1.1,843,854,49.7,-1.1,9.9,91.1,101.1,53.5,46.5,15:48,14:06,21,44,0.5,280,55.4,beauvan01
35,Owen Beck,21,MTL,C,15,119,110,52.0,2.1,85,73,53.8,2.1,8.9,98.0,106.9,57.7,42.3,9:11,9:11,2,10,1.1,25,44.0,beckow01
36,Connor Bedard,20,CHI,C,69,1074,1328,44.7,-0.3,815,1023,44.3,-0.7,12.0,88.3,100.3,57.0,43.0,20:52,17:21,27,86,-20.0,421,53.7,bedarco01
37,John Beecher,24,TOT,C,35,271,374,42.0,-5.1,181,247,42.3,-5.0,4.3,92.1,96.4,30.8,69.2,10:26,8:48,6,14,-3.7,68,54.4,beechjo01
37,John Beecher,24,CGY,C,29,227,300,43.1,-4.9,156,198,44.1,-3.6,4.0,91.5,95.5,33.0,67.0,10:26,8:46,6,13,-2.7,58,53.4,beechjo01
37,John Beecher,24,BOS,C,6,44,74,37.3,-5.5,25,49,33.8,-11.1,5.9,94.4,100.3,23.5,76.5,10:24,8:58,0,1,-1.0,10,60.0,beechjo01
38,Matty Beniers,23,SEA,C,82,1185,1322,47.3,2.6,871,961,47.5,2.5,11.8,88.6,100.4,54.0,46.0,19:17,16:05,21,82,-5.2,321,46.4,beniema01
39,Jamie Benn,36,DAL,LW,60,587,693,45.9,-3.6,417,467,47.2,-2.4,14.3,89.3,103.5,53.5,46.5,13:17,11:46,11,35,1.1,126,57.1,bennja01
40,Sam Bennett,29,FLA,C,76,1203,1019,54.1,3.2,865,791,52.2,1.6,11.9,86.3,98.2,58.5,41.5,18:30,14:23,25,73,3.0,421,48.0,bennesa01
41,Matt Benning,31,TOR,D,1,9,14,39.1,-11.5,6,7,46.2,0.0,0.0,100.0,100.0,20.0,80.0,12:26,12:21,0,1,0.3,1,0.0,bennima01
42,Michael Benning,24,FLA,D,18,287,264,52.1,2.2,204,199,50.6,1.2,12.2,86.9,99.1,51.9,48.1,16:54,15:49,5,18,-0.3,51,29.4,bennimi01
43,Simon Benoit,27,TOR,D,73,828,1264,39.6,-6.8,612,901,40.4,-6.2,8.8,90.3,99.0,28.5,71.5,17:18,15:24,12,68,-22.8,146,41.1,benoisi01
44,Zach Benson,20,BUF,LW,65,864,780,52.6,4.6,633,570,52.6,3.7,13.7,91.7,105.4,47.6,52.4,15:53,13:13,25,46,4.4,193,59.6,bensoza01
45,Brett Berard,23,NYR,LW,13,117,144,44.8,-4.6,81,92,46.8,-2.1,4.5,95.3,99.9,37.5,62.5,10:33,10:32,1,9,-0.5,35,28.6,berarbr02
46,Jonatan Berggren,25,TOT,RW,51,625,556,52.9,4.0,440,431,50.5,0.7,8.9,89.6,98.5,53.1,46.9,13:49,12:39,8,41,0.7,128,45.3,berggjo02
46,Jonatan Berggren,25,STL,RW,36,458,394,53.8,7.4,333,311,51.7,4.6,9.5,89.2,98.7,56.8,43.2,14:35,13:18,7,27,2.7,84,45.2,berggjo02
46,Jonatan Berggren,25,DET,RW,15,167,162,50.8,-3.5,107,120,47.1,-8.4,7.0,90.5,97.6,44.7,55.3,11:59,11:05,1,14,-2.0,44,45.5,berggjo02
47,Jacob Bernard-Docker,25,DET,D,63,733,890,45.2,-4.2,518,611,45.9,-4.6,7.3,93.9,101.2,45.4,54.6,14:49,13:22,8,41,-5.6,113,36.3,bernaja01
48,Tyler Bertuzzi,30,CHI,LW,79,1131,1232,47.9,3.0,839,922,47.6,3.5,11.6,87.6,99.2,48.7,51.3,18:27,15:13,21,76,-13.8,296,55.4,bertuty01
49,Lian Bichsel,21,DAL,D,50,579,664,46.6,-1.1,400,470,46.0,-2.7,10.8,93.1,103.9,38.7,61.3,15:40,14:44,14,38,-1.9,89,30.3,bichsli01
50,Oliver Bjorkstrand,30,TBL,RW,80,780,737,51.4,-2.0,541,526,50.7,-2.0,8.0,89.4,97.4,55.5,44.5,13:38,10:31,14,38,0.0,266,48.9,bjorkol01
51,Tobias Björnfot,24,FLA,D,19,218,217,50.1,-2.6,148,152,49.3,-3.2,14.6,88.3,102.9,46.3,53.7,14:11,13:33,2,10,-2.1,26,46.2,bjornto01
52,Nick Bjugstad,33,TOT,C,61,495,613,44.7,-6.9,378,437,46.4,-4.9,7.0,89.4,96.4,43.2,56.8,10:56,10:08,10,23,-3.7,139,55.4,bjugsni01
52,Nick Bjugstad,33,STL,C,35,305,365,45.5,-3.6,227,249,47.7,-1.0,5.6,89.6,95.2,40.8,59.2,11:38,10:41,3,12,-0.7,94,57.4,bjugsni01
52,Nick Bjugstad,33,NJD,C,26,190,248,43.4,-11.1,151,188,44.5,-10.0,9.3,89.1,98.4,47.7,52.3,9:60,9:25,7,11,-2.9,45,51.1,bjugsni01
53,Colin Blackwell,32,DAL,C,70,530,607,46.6,-0.9,352,404,46.6,-1.2,9.9,89.7,99.6,37.5,62.5,11:54,9:49,17,31,-3.4,145,42.1,blackco01
54,Sammy Blais,29,TOT,LW,21,137,151,47.6,-0.3,107,99,51.9,2.0,10.3,91.3,101.6,51.9,48.1,8:26,8:22,4,2,0.4,28,64.3,blaissa01
54,Sammy Blais,29,MTL,LW,13,91,85,51.7,0.5,68,60,53.1,-0.1,10.2,97.9,108.1,52.0,48.0,8:31,8:30,3,0,-0.4,17,64.7,blaissa01
54,Sammy Blais,29,TOR,LW,8,46,66,41.1,-1.7,39,39,50.0,5.3,10.3,77.3,87.6,51.7,48.3,8:17,8:09,1,2,0.8,11,63.6,blaissa01
55,Jackson Blake,22,CAR,RW,81,1368,878,60.9,1.7,972,663,59.4,1.0,10.0,88.0,98.0,68.4,31.6,16:30,14:18,30,92,13.1,347,50.1,blakeja02
56,Nick Blankenburg,27,TOT,D,61,914,784,53.8,1.3,667,590,53.1,1.4,8.4,88.4,96.8,52.4,47.6,16:48,14:03,17,55,5.4,194,37.1,blankni01
56,Nick Blankenburg,27,NSH,D,49,761,656,53.7,2.5,552,495,52.7,2.4,8.2,88.1,96.2,53.7,46.3,17:58,14:35,15,52,3.3,166,35.5,blankni01
56,Nick Blankenburg,27,COL,D,12,153,128,54.4,-2.9,115,95,54.8,-2.1,9.5,90.0,99.5,45.3,54.7,12:02,11:54,2,3,2.1,28,46.4,blankni01
57,Anton Blidh,30,NYR,LW,4,21,34,38.2,-8.8,17,23,42.5,-1.8,10.0,100.0,110.0,35.7,64.3,7:42,7:42,0,1,0.1,5,80.0,blidhan01
58,Teddy Blueger,31,VAN,C,35,389,513,43.1,-0.3,285,383,42.7,-1.2,11.0,86.0,97.0,28.4,71.6,16:31,14:32,8,26,-7.7,99,51.5,bluegte01
59,Matěj Blümel,25,BOS,RW,4,32,40,44.4,1.6,25,28,47.2,4.7,0.0,88.2,88.2,40.0,60.0,10:52,9:22,0,3,0.3,10,40.0,blumema01
60,Brock Boeser,28,VAN,RW,75,982,1173,45.6,-2.4,704,891,44.1,-3.6,8.7,85.5,94.2,52.1,47.9,19:03,14:51,16,57,-13.3,332,50.0,boesebr01
61,Zach Bogosian,35,MIN,D,41,500,578,46.4,-2.6,362,428,45.8,-4.5,11.3,93.5,104.7,50.8,49.2,14:33,13:44,10,32,-4.7,76,39.5,bogosza01
62,Sacha Boisvert,19,CHI,F,7,41,53,43.6,-1.1,30,40,42.9,-1.6,11.8,88.5,100.2,48.0,52.0,9:15,9:15,0,4,-0.3,12,50.0,boisvsa01
63,Zachary Bolduc,22,MTL,C,78,851,875,49.3,0.8,610,601,50.4,0.9,10.1,89.5,99.6,47.9,52.1,13:38,12:01,18,66,1.0,235,43.0,bolduza01
64,Matt Boldy,24,MIN,LW,76,1210,1129,51.7,4.7,898,832,51.9,3.9,12.2,89.6,101.8,48.5,51.5,20:34,15:00,34,86,2.7,501,50.7,boldyma01
65,Oliver Bonk,21,PHI,D,1,11,14,44.0,2.3,9,12,42.9,-1.6,42.9,71.4,114.3,80.0,20.0,16:28,14:27,0,2,0.5,1,100.0,bonkol01
66,Angus Booth,21,LAK,D,1,7,18,28.0,-10.8,6,11,35.3,-4.1,25.0,100.0,125.0,11.1,88.9,12:18,12:18,0,1,0.2,2,50.0,boothan01
67,Adam Boqvist,25,NYI,D,28,292,392,42.7,-9.0,211,275,43.4,-8.7,6.8,90.8,97.6,64.8,35.2,13:06,12:33,5,11,-7.9,51,33.3,boqviad01
68,Jesper Boqvist,27,FLA,C,73,672,727,48.0,-5.1,489,518,48.6,-3.4,7.4,89.6,97.1,53.0,47.0,11:50,10:42,9,55,-1.8,143,44.8,boqvije01
69,William Borgen,29,NYR,D,75,998,1186,45.7,-5.0,691,831,45.4,-3.9,10.8,90.9,101.7,45.1,54.9,18:03,15:48,17,58,-6.8,181,38.1,borgewi01
70,Evan Bouchard,26,EDM,D,82,1724,1374,55.6,8.6,1294,1025,55.8,7.8,12.4,88.0,100.4,62.3,37.7,24:41,19:15,33,123,25.1,468,47.2,bouchev01
71,Xavier Bourgault,23,OTT,C,2,16,9,64.0,16.2,13,8,61.9,13.5,12.5,60.0,72.5,100.0,0.0,5:58,5:58,0,1,0.3,7,42.9,bourgxa01
72,Mavrik Bourque,24,DAL,C,82,1040,977,51.6,5.4,754,721,51.1,4.2,10.9,89.1,100.0,46.0,54.0,15:29,14:10,15,51,8.3,235,62.6,bourqma01
73,Braeden Bowman,22,VEG,F,54,645,644,50.0,-2.4,469,470,49.9,-2.8,10.9,82.2,93.0,60.4,39.6,14:08,12:50,16,22,3.6,149,50.3,bowmabr01
74,Michael Brandsegg-Nygard,20,DET,F,14,184,131,58.4,9.4,123,82,60.0,10.8,3.8,84.4,88.2,48.0,52.0,12:31,11:28,5,12,0.6,46,43.5,brandmi01
75,Jesper Bratt,27,NJD,W,82,1463,1072,57.7,8.6,1044,800,56.6,7.2,9.3,85.4,94.7,63.1,36.9,18:46,15:02,24,92,18.6,354,50.3,brattje01
76,Justin Brazeau,27,PIT,F,64,703,727,49.2,-0.8,508,524,49.2,-1.2,12.8,89.2,102.0,59.8,40.2,12:39,11:37,12,40,4.0,183,56.8,brazeju01
77,Skyler Brind'Amour,26,CAR,C,4,49,43,53.3,0.5,27,36,42.9,-13.2,0.0,91.3,91.3,66.7,33.3,15:01,12:48,0,2,-1.9,10,20.0,brindsk01
78,Gavin Brindley,21,COL,C,56,491,421,53.8,-3.9,346,304,53.2,-3.3,10.5,89.0,99.5,50.6,49.4,9:33,8:28,5,20,2.2,109,56.9,brindga01
79,Bobby Brink,24,TOT,RW,68,753,789,48.8,1.4,539,540,50.0,1.9,9.1,89.0,98.2,54.4,45.6,15:10,13:10,12,44,2.3,206,50.5,brinkbo01
79,Bobby Brink,24,PHI,RW,55,601,627,48.9,2.3,423,439,49.1,1.9,9.6,89.6,99.2,56.5,43.5,15:29,13:17,7,35,2.1,170,52.9,brinkbo01
79,Bobby Brink,24,MIN,RW,13,152,162,48.4,-1.9,116,101,53.5,2.4,7.6,86.4,94.0,46.5,53.5,13:45,12:39,5,9,0.2,36,38.9,brinkbo01
80,Brendan Brisson,24,NYR,C,3,25,20,55.6,-1.2,19,10,65.5,9.3,7.7,80.0,87.7,42.9,57.1,10:35,9:40,1,1,0.0,3,66.7,brissbr01
81,Philip Broberg,24,STL,D,81,1336,1543,46.4,-2.9,987,1105,47.2,-1.2,12.1,91.3,103.4,43.7,56.3,23:21,19:37,26,111,-6.8,253,38.7,brobeph01
82,Jonas Brodin,32,MIN,D,62,1091,1131,49.1,0.5,816,782,51.1,2.3,9.5,92.8,102.2,46.9,53.1,20:17,18:17,13,44,4.3,166,45.8,brodijo01
83,Jonny Brodzinski,32,NYR,C,55,509,564,47.4,-1.2,364,403,47.5,-0.2,7.8,92.3,100.1,44.9,55.1,11:10,10:32,14,20,0.2,153,41.2,brodzjo01
84,Connor Brown,32,NJD,RW,75,1008,974,50.9,-1.4,742,719,50.8,-1.0,10.7,88.7,99.4,51.9,48.1,17:33,14:13,21,59,0.3,218,53.2,brownco02
85,Tristan Broz,23,PIT,C,1,7,17,29.2,-16.3,4,14,22.2,-18.1,0.0,88.9,88.9,80.0,20.0,11:30,11:30,0,1,-0.5,2,100.0,broztr01
86,Harrison Brunicke,19,PIT,D,9,122,131,48.2,-0.7,86,88,49.4,-0.2,6.9,86.2,93.1,49.2,50.8,15:43,15:17,1,14,0.6,22,36.4,bruniha01
87,Jacob Bryson,28,TOT,D,50,461,506,47.7,-0.8,330,375,46.8,-1.9,10.4,88.0,98.4,48.6,51.4,10:52,10:35,5,17,-1.1,60,36.7,brysoja01
87,Jacob Bryson,28,BUF,D,35,300,341,46.8,-1.4,211,250,45.8,-2.6,10.3,91.6,101.9,48.2,51.8,10:02,9:52,2,11,-1.5,40,30.0,brysoja01
87,Jacob Bryson,28,WPG,D,15,161,165,49.4,0.2,119,125,48.8,-0.7,10.5,80.0,90.5,49.4,50.6,12:48,12:17,3,6,0.3,20,50.0,brysoja01
88,Hunter Brzustewicz,21,CGY,D,34,436,470,48.1,2.3,307,348,46.9,1.8,9.8,90.5,100.4,56.6,43.4,16:08,14:58,5,26,-3.8,76,43.4,brzushu01
89,Pavel Buchnevich,30,STL,LW,81,1052,1049,50.1,2.7,759,796,48.8,1.4,11.3,87.9,99.2,52.9,47.1,17:56,13:51,26,66,-1.7,280,50.7,buchnpa01
90,Zeev Buium,20,TOT,D,76,1224,1290,48.7,3.2,867,975,47.1,1.0,7.0,88.9,95.9,59.5,40.5,19:35,17:14,14,88,-12.7,207,35.3,buiumze01
90,Zeev Buium,20,VAN,D,45,784,779,50.2,6.1,572,598,48.9,4.8,7.3,87.2,94.6,64.2,35.8,20:21,18:31,9,56,-4.6,123,34.1,buiumze01
90,Zeev Buium,20,MIN,D,31,440,511,46.3,-0.9,295,377,43.9,-4.7,6.4,91.5,98.0,48.5,51.5,18:28,15:23,5,32,-8.1,84,36.9,buiumze01
91,Alex Bump,22,PHI,LW,17,151,194,43.8,-3.8,112,143,43.9,-6.8,12.2,92.6,104.8,58.2,41.8,12:38,11:40,3,12,2.5,54,42.6,bumpal01
92,Michael Bunting,30,TOT,LW,74,983,907,52.0,1.4,695,682,50.5,0.8,9.2,86.7,95.8,58.4,41.6,14:26,12:38,12,57,-7.1,279,45.2,buntimi01
92,Michael Bunting,30,NSH,LW,61,857,765,52.8,1.8,607,586,50.9,1.1,9.7,86.8,96.5,56.5,43.5,14:48,12:55,8,48,-4.3,244,44.3,buntimi01
92,Michael Bunting,30,DAL,LW,13,126,142,47.0,-1.1,88,96,47.8,-0.9,5.6,85.7,91.3,68.6,31.4,12:48,11:22,4,9,-2.8,35,51.4,buntimi01
93,André Burakovsky,30,CHI,LW,75,980,1122,46.6,0.7,729,861,45.8,0.4,9.0,87.4,96.3,62.6,37.4,16:25,14:12,30,61,-12.3,184,46.7,burakan01
94,Brent Burns,40,COL,D/RW,82,1561,1263,55.3,-1.5,1109,921,54.6,-1.6,11.1,91.8,102.9,46.8,53.2,18:52,15:59,18,102,12.9,410,42.0,burnsbr01
95,Danil But,20,UTA,LW,29,348,282,55.2,2.4,234,200,53.9,1.6,8.0,92.0,100.0,59.1,40.9,12:28,11:07,4,18,3.9,94,45.7,butda01
96,Quinton Byfield,23,LAK,C,79,1370,1196,53.4,1.8,968,869,52.7,1.2,10.5,88.7,99.1,45.4,54.6,20:01,15:54,37,74,0.4,361,50.1,byfiequ01
97,Bowen Byram,24,BUF,D,82,1451,1496,49.2,0.4,1104,1105,50.0,0.9,12.6,89.2,101.8,45.1,54.9,22:20,19:07,22,84,-7.5,243,44.9,byrambo01
98,Luca Cagnoni,21,SJS,D,3,31,40,43.7,-6.1,22,28,44.0,-6.3,13.3,87.5,100.8,58.8,41.2,18:02,15:15,1,1,-0.2,8,50.0,cagnolu01
99,Michael Callahan,26,BOS,D,5,57,42,57.6,9.3,44,25,63.8,15.2,8.8,77.8,86.6,48.3,51.7,12:59,11:44,2,3,0.8,4,75.0,callami02
100,Kyle Capobianco,28,DAL,D,33,339,344,49.6,3.6,248,240,50.8,5.2,11.7,89.0,100.7,54.7,45.3,12:08,11:43,9,20,-2.2,66,27.3,capobky01
101,Michael Carcone,29,UTA,F,79,1073,784,57.8,5.7,742,582,56.0,3.8,9.2,89.8,99.0,47.2,52.8,12:44,11:46,16,52,9.8,317,46.4,carcomi01
102,Ethan Cardwell,23,SJS,RW,7,67,84,44.4,-3.9,43,68,38.7,-9.3,8.3,88.6,97.0,37.0,63.0,11:56,11:29,3,5,-2.5,19,31.6,cardwet01
103,Declan Carlile,25,TBL,D,42,492,512,49.0,-4.4,328,369,47.1,-6.0,11.9,91.7,103.6,56.0,44.0,14:47,13:39,6,22,1.9,99,33.3,carlide01
104,Brandon Carlo,29,TOR,D,55,796,1052,43.1,-2.2,599,757,44.2,-1.4,12.3,90.8,103.1,40.8,59.2,19:22,16:29,7,53,-13.8,142,46.5,carlobr01
105,John Carlson,36,TOT,D,71,1469,1193,55.2,5.2,1082,885,55.0,4.0,12.5,87.7,100.2,54.8,45.2,23:10,18:06,45,118,6.6,355,43.4,carlsjo01
105,John Carlson,36,WSH,D,55,1110,947,54.0,4.7,809,691,53.9,3.7,13.1,88.5,101.5,53.6,46.4,22:52,17:50,35,81,2.2,266,43.6,carlsjo01
105,John Carlson,36,ANA,D,16,359,246,59.3,6.9,273,194,58.5,5.0,10.7,84.7,95.4,58.0,42.0,24:11,19:01,10,37,4.4,89,42.7,carlsjo01
106,Leo Carlsson,21,ANA,C,70,1255,950,56.9,6.2,926,707,56.7,6.1,11.0,85.6,96.7,66.2,33.8,19:09,14:48,34,78,15.8,365,52.9,carlsle01
107,Sam Carrick,33,TOT,C,73,619,691,47.3,-3.4,429,493,46.5,-3.5,9.6,92.2,101.8,29.3,70.7,10:28,9:28,13,29,-1.4,144,52.1,carrisa01
107,Sam Carrick,33,NYR,C,60,488,565,46.3,-3.6,328,395,45.4,-3.7,8.7,92.2,100.8,27.9,72.1,10:25,9:25,10,24,-2.0,112,50.0,carrisa01
107,Sam Carrick,33,BUF,C,13,131,126,51.0,-3.1,101,98,50.8,-3.8,12.3,92.6,104.9,34.2,65.8,10:45,9:41,3,5,0.6,32,59.4,carrisa01
108,Alexandre Carrier,29,MTL,D,73,1049,1202,46.6,-2.8,742,828,47.3,-3.5,12.9,88.6,101.5,39.7,60.3,19:05,16:02,28,50,-3.0,141,39.7,carrial01
109,William Carrier,31,CAR,LW,70,832,570,59.3,-0.5,570,404,58.5,-0.6,9.8,88.8,98.7,52.3,47.7,10:45,10:41,15,19,6.9,172,46.5,carriwi01
110,Seamus Casey,22,NJD,D,2,34,31,52.3,-4.6,20,27,42.6,-11.1,0.0,85.0,85.0,75.9,24.1,18:01,18:01,2,3,-1.2,8,50.0,caseyse01
111,Noah Cates,26,PHI,LW,82,835,888,48.5,0.9,603,620,49.3,0.9,13.4,92.2,105.6,51.9,48.1,16:15,12:30,26,38,7.4,236,55.9,catesno01
112,Berkly Catton,20,SEA,F,66,717,812,46.9,2.0,541,577,48.4,3.7,8.4,90.0,98.4,70.4,29.6,12:56,12:05,16,40,0.2,161,48.4,cattobe01
113,Cole Caufield,25,MTL,RW,81,1304,1079,54.7,8.6,985,751,56.7,10.4,13.3,89.3,102.6,60.0,40.0,18:11,14:48,22,56,14.0,462,55.8,caufico01
114,Cody Ceci,32,LAK,D,82,1261,1241,50.4,-2.1,844,873,49.2,-3.4,7.6,90.5,98.1,38.2,61.8,17:34,15:35,13,61,-5.4,187,31.6,cecico01
115,Macklin Celebrini,19,SJS,F,82,1330,1365,49.4,3.8,972,1005,49.2,4.4,14.5,88.3,102.9,58.7,41.3,21:19,17:28,41,150,6.6,543,52.9,celebma01
116,Erik Černák,28,TBL,D,61,780,828,48.5,-6.0,549,585,48.4,-5.6,12.4,88.8,101.2,41.0,59.0,17:37,14:56,15,55,-1.7,123,43.1,cernaer01
117,Thomas Chabot,29,OTT,D,57,1058,961,52.4,-1.2,774,686,53.0,-2.1,13.3,85.9,99.2,55.0,45.0,22:35,18:35,25,59,12.1,254,39.0,chaboth01
118,Mitchell Chaffee,28,TBL,F,11,89,82,52.0,0.9,63,61,50.8,1.0,2.5,91.7,94.2,59.5,40.5,9:34,8:40,0,7,1.4,12,75.0,chaffmi01
119,Jalen Chatfield,29,CAR,D,72,1432,1056,57.6,-2.5,1039,799,56.5,-2.7,10.3,89.0,99.4,54.4,45.6,20:08,17:45,29,68,3.4,262,38.2,chatfja01
120,Igor Chernyshov,20,SJS,LW,28,374,340,52.4,4.6,283,251,53.0,4.9,13.3,86.5,99.8,57.9,42.1,15:03,13:55,4,24,0.5,81,56.8,chernig01
121,Ben Chiarot,34,DET,D,82,1435,1679,46.1,-4.6,1040,1211,46.2,-5.9,9.4,90.4,99.8,47.1,52.9,20:50,18:57,25,74,-12.5,260,39.6,chiarbe01
122,Nikita Chibrikov,22,WPG,RW,11,80,84,48.8,5.4,54,57,48.6,5.2,15.4,88.9,104.3,65.2,34.8,9:11,9:02,2,8,-0.4,24,37.5,chibrni01
123,Egor Chinakhov,24,TOT,RW,72,847,852,49.9,-1.0,613,636,49.1,-1.7,11.6,88.5,100.0,61.0,39.0,13:29,12:10,9,38,3.9,300,46.7,chinaye01
123,Egor Chinakhov,24,PIT,RW,43,572,581,49.6,-1.8,432,445,49.3,-2.6,13.9,88.3,102.2,70.1,29.9,15:37,13:38,6,23,4.8,221,47.1,chinaye01
123,Egor Chinakhov,24,CBJ,RW,29,275,271,50.4,0.2,181,191,48.7,-0.7,6.4,88.8,95.2,40.9,59.1,10:18,9:60,3,15,-0.9,79,45.6,chinaye01
124,Declan Chisholm,26,WSH,D,26,326,356,47.8,-4.7,219,253,46.4,-7.4,10.9,91.0,101.9,45.0,55.0,13:44,13:08,5,28,1.6,52,38.5,chishde01
125,Jaroslav Chmelar,22,NYR,RW,28,217,240,47.5,-2.1,151,164,47.9,-0.8,7.8,90.8,98.7,47.7,52.3,9:09,9:05,6,4,1.5,42,54.8,chmelja01
126,Dennis Cholowski,27,NJD,D,17,195,239,44.9,-9.6,150,172,46.6,-8.5,6.3,88.2,94.4,42.2,57.8,14:40,14:28,5,18,-3.5,25,48.0,cholode01
127,Jake Christiansen,26,CBJ,D,40,386,378,50.5,1.5,269,264,50.5,1.3,4.9,91.2,96.1,45.8,54.2,10:03,9:53,2,13,-2.2,77,33.8,chrisja01
128,Jakob Chychrun,27,WSH,D,80,1675,1511,52.6,5.5,1224,1110,52.4,3.9,12.1,90.5,102.7,59.3,40.7,23:20,19:56,40,105,10.8,528,41.9,chychja01
129,Filip Chytil,26,VAN,C,12,165,173,48.8,7.0,123,134,47.9,5.0,6.3,85.9,92.2,60.9,39.1,15:00,13:46,4,12,-0.8,40,60.0,chytifi01
130,Anthony Cirelli,28,TBL,C,71,1119,878,56.0,4.0,812,649,55.6,4.6,14.3,90.3,104.6,52.2,47.8,17:19,13:28,25,50,14.5,220,56.8,cirelan01
131,Casey Cizikas,34,NYI,C,81,708,753,48.5,-1.2,496,512,49.2,-0.7,7.4,90.4,97.9,46.0,54.0,11:46,10:17,10,49,-0.7,156,51.3,cizikca01
132,Brandt Clarke,22,LAK,D,82,1596,1329,54.6,4.2,1129,896,55.8,6.3,9.7,90.3,100.0,61.6,38.4,19:48,17:29,26,93,14.4,329,48.3,clarkbr02
133,Connor Clattenburg,20,EDM,F,5,31,34,47.7,-2.5,24,25,49.0,-2.1,5.9,100.0,105.9,33.3,66.7,7:12,7:06,0,4,0.9,7,42.9,clattco01
134,Connor Clifton,30,PIT,D,50,667,729,47.8,-1.6,485,490,49.7,0.6,10.3,90.9,101.2,36.8,63.2,16:46,14:42,13,40,4.7,114,30.7,cliftco01
135,Dylan Coghlan,27,VEG,D,3,43,45,48.9,0.4,30,33,47.6,-5.0,15.8,88.9,104.7,70.4,29.6,15:03,14:56,0,2,-0.2,7,28.6,coghldy01
136,Sam Colangelo,24,ANA,RW,9,79,96,45.1,-6.4,49,76,39.2,-12.1,6.7,90.7,97.4,50.0,50.0,10:11,9:44,1,8,-2.5,17,41.2,colansa01
137,Ian Cole,36,UTA,D,82,1168,1162,50.1,-4.4,852,784,52.1,-1.4,12.6,89.3,101.9,45.0,55.0,18:16,15:13,15,95,4.1,175,35.4,coleia01
138,Blake Coleman,34,CGY,C,69,967,911,51.5,3.8,704,657,51.7,4.6,10.5,90.3,100.8,33.5,66.5,17:20,13:53,27,62,2.5,306,57.5,colembl01
139,Ross Colton,29,COL,C,73,1066,757,58.5,3.5,783,546,58.9,4.7,8.7,89.8,98.5,46.2,53.8,12:31,11:41,19,51,15.0,300,51.0,coltoro01
140,J.T. Compher,30,DET,LW,82,1003,1197,45.6,-4.6,730,841,46.5,-4.6,9.6,88.7,98.3,42.5,57.5,15:40,13:28,11,44,-5.0,178,53.4,comphj.01
141,Kyle Connor,29,WPG,LW,82,1381,1365,50.3,2.2,1035,1033,50.0,2.1,13.9,87.2,101.0,66.4,33.6,21:30,17:21,21,69,4.0,498,55.0,connoky01
142,Kenny Connors,22,LAK,C,2,22,25,46.8,6.3,19,16,54.3,13.5,0.0,100.0,100.0,44.4,55.6,8:40,8:16,0,1,0.6,7,71.4,connoke01
143,Logan Cooley,21,UTA,C,54,805,755,51.6,-2.5,595,561,51.5,-3.1,11.9,88.2,100.1,57.4,42.6,17:20,14:17,24,66,3.7,181,56.4,coolelo01
144,Braeden Cootes,18,VAN,C,3,16,41,28.1,-22.4,12,28,30.0,-19.1,0.0,88.9,88.9,58.3,41.7,10:47,9:38,0,4,-1.8,0,,cootebr01
145,Andrew Copp,31,DET,C,79,1099,1056,51.0,2.6,794,726,52.2,3.1,10.4,88.6,99.0,50.6,49.4,16:34,13:46,22,75,5.4,219,52.5,coppan01
146,Matthew Coronato,23,CGY,RW,80,1132,1150,49.6,0.9,791,852,48.1,-0.6,7.5,88.3,95.8,55.8,44.2,16:39,13:51,19,56,-8.1,409,48.2,coronma01
147,Paul Cotter,26,NJD,C,79,652,828,44.1,-9.4,464,598,43.7,-9.7,6.5,88.7,95.2,51.2,48.8,10:41,10:29,7,27,-11.2,144,42.4,cottepa01
148,Nick Cousins,32,OTT,C,81,843,773,52.2,-0.7,605,537,53.0,-0.6,9.2,91.0,100.3,48.5,51.5,11:25,11:22,17,47,11.4,138,57.2,cousini01
149,Sean Couturier,33,PHI,C,78,928,955,49.3,1.9,670,661,50.3,2.2,10.7,87.6,98.3,39.4,60.6,16:39,13:26,31,68,6.4,234,50.9,coutuse01
150,Easton Cowan,20,TOR,RW,66,789,937,45.7,1.3,569,706,44.6,-0.5,10.3,91.4,101.7,55.8,44.2,14:43,13:09,13,79,-4.5,185,50.3,cowanea01
151,Charlie Coyle,33,CBJ,C/RW,82,1156,1153,50.1,-0.6,846,832,50.4,0.1,11.0,89.3,100.4,39.6,60.4,18:06,13:60,34,53,1.4,247,58.3,coylech01
152,Dylan Cozens,24,OTT,C,82,1224,913,57.3,6.3,895,655,57.7,5.9,8.2,87.8,96.0,59.0,41.0,17:02,13:46,19,53,20.6,380,53.7,cozendy01
153,Louis Crevier,24,CHI,D,78,1018,1194,46.0,-0.2,762,889,46.2,0.7,10.8,89.4,100.1,31.0,69.0,17:08,15:09,15,64,-17.0,246,46.3,crevilo01
154,Angus Crookshank,26,NJD,LW,8,51,78,39.5,-13.3,36,55,39.6,-11.5,10.5,97.2,107.7,46.5,53.5,8:36,8:36,0,2,-2.7,9,44.4,crookan01
155,Sidney Crosby,38,PIT,C,68,1120,1090,50.7,-0.2,831,788,51.3,0.3,13.2,87.2,100.4,60.1,39.9,19:14,16:06,24,73,2.6,289,55.4,crosbsi01
156,Cameron Crotty,26,OTT,D,6,64,67,48.9,-4.0,51,55,48.1,-6.5,11.4,87.1,98.5,40.6,59.4,14:55,13:33,2,3,1.1,9,55.6,crottca01
157,Lawson Crouse,28,UTA,LW,81,1078,957,53.0,-0.5,762,692,52.4,-1.0,13.1,89.0,102.1,51.1,48.9,16:36,12:50,15,51,8.0,284,49.6,crousla01
158,Maxwell Crozier,25,TBL,D,35,484,407,54.3,0.8,357,302,54.2,1.0,9.9,91.7,101.6,58.8,41.2,16:01,14:38,5,21,3.1,101,45.5,crozima01
159,William Cuylle,23,NYR,LW,82,1088,1081,50.2,1.4,728,786,48.1,-0.2,10.7,88.8,99.6,50.7,49.3,16:51,13:50,9,56,-1.7,338,46.4,cuyllwi01
160,Charle-Edouard D'Astous,27,TBL,D,70,1166,1030,53.1,-1.1,815,765,51.6,-2.1,11.7,87.1,98.7,53.0,47.0,18:45,17:21,21,64,5.9,208,38.5,dastoch01
161,Colton Dach,23,TOT,C,61,518,575,47.4,0.4,375,425,46.9,0.2,6.7,90.4,97.0,46.1,53.9,11:29,10:42,14,31,-11.0,136,42.6,dachco01
161,Colton Dach,23,CHI,C,53,434,512,45.9,-1.4,308,385,44.4,-2.5,5.9,90.9,96.8,45.4,54.6,11:41,10:47,13,27,-12.8,113,46.0,dachco01
161,Colton Dach,23,EDM,C,8,84,63,57.1,12.1,67,40,62.6,17.2,10.5,85.2,95.7,54.2,45.8,10:09,10:09,1,4,1.8,23,26.1,dachco01
162,Kirby Dach,25,MTL,C/RW,37,383,427,47.3,-2.6,275,297,48.1,-2.4,11.8,87.4,99.1,48.7,51.3,13:39,12:16,11,17,-0.1,92,51.1,dachki01
163,Evgenii Dadonov,36,NJD,RW,24,205,274,42.8,-10.1,140,200,41.2,-10.9,4.5,91.7,96.3,50.4,49.6,10:39,9:59,2,15,-4.8,39,51.3,dadonev01
164,Rasmus Dahlin,25,BUF,D,77,1549,1455,51.6,3.8,1144,1071,51.6,3.1,12.1,89.4,101.5,51.4,48.6,24:11,19:55,32,115,10.9,437,44.9,dahlira01
165,Phillip Danault,32,TOT,C,75,916,939,49.4,-1.4,625,647,49.1,-2.0,9.4,89.6,99.0,40.7,59.3,15:34,12:59,12,48,-1.4,178,51.1,danauph01
165,Phillip Danault,32,MTL,C,45,507,556,47.7,-1.6,353,382,48.0,-2.4,10.6,86.4,97.0,38.3,61.7,15:04,12:25,8,23,-2.5,90,54.4,danauph01
165,Phillip Danault,32,LAK,C,30,409,383,51.6,-1.4,272,265,50.7,-1.5,8.0,94.4,102.4,44.8,55.2,16:19,13:50,4,25,1.1,88,47.7,danauph01
166,Justin Danforth,32,BUF,RW/C,4,27,38,41.5,-9.1,15,26,36.6,-12.3,0.0,88.9,88.9,55.6,44.4,11:42,8:58,0,3,-1.4,6,33.3,danfoju01
167,Nate Danielson,21,DET,C,28,243,269,47.5,-0.2,178,190,48.4,-0.9,5.3,89.8,95.2,48.3,51.7,11:03,9:32,8,17,-0.9,59,52.5,daniena01
168,Jared Davidson,23,MTL,C,10,75,86,46.6,-4.0,50,59,45.9,-5.2,6.3,80.6,86.9,47.5,52.5,8:43,8:43,1,5,-0.1,19,47.4,davidja01
169,Tony DeAngelo,30,NYI,D,76,1376,1219,53.0,4.9,1004,911,52.4,3.2,9.0,89.7,98.7,56.9,43.1,19:08,17:29,20,96,-6.0,313,47.3,deangan01
170,Alex DeBrincat,28,DET,RW,82,1349,1231,52.3,4.8,1019,844,54.7,7.0,11.5,88.0,99.5,52.4,47.6,18:30,15:08,43,87,13.5,579,49.6,debrial01
171,Jake DeBrusk,29,VAN,LW,81,969,1107,46.7,0.1,716,826,46.4,0.3,7.6,87.8,95.4,50.6,49.4,16:52,13:03,11,44,-3.2,372,58.9,debruja01
172,Luca Del Bel Belluz,22,CBJ,C,14,97,130,42.7,-7.8,71,89,44.4,-5.3,4.3,92.9,97.1,37.9,62.1,9:06,8:52,2,1,-3.1,16,68.8,delbelu01
173,Ethan Del Mastro,23,CHI,D,19,200,241,45.4,3.1,146,177,45.2,3.8,3.1,88.0,91.1,36.4,63.6,14:08,13:21,5,16,-3.7,39,46.2,delmaet01
174,Ty Dellandrea,25,SJS,C,46,379,610,38.3,-9.4,258,438,37.1,-9.4,8.1,88.1,96.2,30.0,70.0,14:11,11:25,7,25,-12.2,93,53.8,dellaty01
175,Dylan DeMelo,32,WPG,D,82,1381,1428,49.2,0.5,1037,1039,50.0,1.9,10.7,90.3,101.0,56.0,44.0,21:27,19:04,23,80,0.0,199,37.7,demeldy01
176,Ivan Demidov,20,MTL,RW,82,930,1032,47.4,-1.6,701,724,49.2,-0.5,14.4,87.7,102.2,64.6,35.4,15:30,12:28,22,72,2.6,282,45.0,demidiv01
177,Vincent Desharnais,29,SJS,D,53,656,749,46.7,-1.2,461,528,46.6,-0.3,11.3,91.9,103.2,36.6,63.4,18:11,14:55,10,50,0.2,101,33.7,deshavi01
178,Nick DeSimone,31,UTA,D,40,550,474,53.7,0.8,384,328,53.9,1.4,10.0,90.5,100.5,51.4,48.6,14:13,14:04,5,32,3.1,81,43.2,desimni01
179,Nicolas Deslauriers,34,TOT,LW,31,201,212,48.7,-0.2,140,141,49.8,0.2,4.7,92.3,97.0,49.6,50.4,8:33,8:30,3,10,-0.5,36,50.0,deslani01
179,Nicolas Deslauriers,34,PHI,LW,24,135,158,46.1,-1.2,97,106,47.8,-0.7,3.5,92.5,96.0,41.0,59.0,8:05,8:05,3,8,-1.4,24,54.2,deslani01
179,Nicolas Deslauriers,34,CAR,LW,7,66,54,55.0,1.1,43,35,55.1,2.0,6.9,91.7,98.6,65.9,34.1,10:09,9:55,0,2,0.9,12,41.7,deslani01
180,Jack Devine,22,FLA,RW,6,46,45,50.5,-2.3,33,32,50.8,-1.0,0.0,84.2,84.2,81.0,19.0,8:26,8:20,0,2,-0.4,14,42.9,devinja01
181,Connor Dewar,26,PIT,C,78,832,847,49.6,-0.8,606,609,49.9,-0.8,12.7,91.5,104.1,18.5,81.5,13:55,11:13,9,33,0.8,243,45.3,dewarco01
182,Jason Dickinson,30,TOT,C,64,689,785,46.7,-0.5,524,578,47.5,1.0,10.1,87.6,97.7,26.6,73.4,15:32,13:19,13,41,-7.6,152,48.0,dickija01
182,Jason Dickinson,30,CHI,C,47,535,541,49.7,3.4,401,413,49.3,4.1,9.9,86.3,96.2,26.6,73.4,15:42,13:25,9,34,-4.4,111,46.8,dickija01
182,Jason Dickinson,30,EDM,C,17,154,244,38.7,-11.1,123,165,42.7,-7.5,11.0,90.6,101.5,26.9,73.1,15:03,13:02,4,7,-3.2,41,51.2,dickija01
183,Sam Dickinson,19,SJS,D,72,988,1081,47.8,1.0,699,785,47.1,0.7,11.9,88.0,99.9,46.7,53.3,16:45,15:33,20,83,-4.4,199,36.2,dickisa01
184,Brenden Dillon,35,NJD,D,82,1203,1211,49.8,-2.7,868,870,49.9,-2.4,8.7,88.1,96.8,49.6,50.4,17:60,15:41,10,56,-3.4,129,42.6,dillobr01
185,Josh Doan,23,BUF,RW,82,1078,1037,51.0,2.7,811,782,50.9,2.1,11.5,88.1,99.6,50.0,50.0,15:52,13:05,46,64,3.4,313,54.3,doanjo01
186,Noah Dobson,26,MTL,D,80,1469,1597,47.9,-1.3,1084,1087,49.9,0.4,11.8,89.2,101.0,50.5,49.5,22:29,18:57,36,95,0.4,357,44.3,dobsono01
187,Max Domi,30,TOR,LW,80,982,1189,45.2,0.6,737,893,45.2,-0.1,8.7,87.7,96.3,52.3,47.7,14:53,13:31,26,89,-9.0,235,50.2,domima01
188,Ryan Donato,29,CHI,C,82,970,1044,48.2,3.2,719,790,47.6,3.1,8.6,89.6,98.3,42.6,57.4,14:44,13:20,26,58,-14.5,278,43.9,donatry01
189,Jorian Donovan,21,OTT,D,2,7,24,22.6,-26.6,4,21,16.0,-30.5,0.0,100.0,100.0,100.0,0.0,7:02,6:59,0,1,-0.5,2,50.0,donovjo01
190,Pavel Dorofeyev,25,VEG,LW,82,1244,969,56.2,5.6,849,693,55.1,3.5,9.8,87.8,97.5,64.9,35.1,17:36,14:09,17,64,11.9,456,50.4,dorofpa01
191,Drew Doughty,36,LAK,D,72,1466,1276,53.5,2.3,1043,939,52.6,1.1,10.0,90.3,100.3,48.0,52.0,23:05,20:08,18,82,9.3,259,39.0,doughdr01
192,Curtis Douglas,25,TOT,C,43,241,234,50.7,0.4,196,169,53.7,3.8,5.5,91.0,96.5,59.7,40.3,6:45,6:44,6,18,1.6,58,50.0,douglcu01
192,Curtis Douglas,25,TBL,C,29,150,136,52.4,-0.5,120,102,54.1,1.4,6.5,94.0,100.5,59.8,40.2,5:58,5:58,3,9,1.8,34,50.0,douglcu01
192,Curtis Douglas,25,VAN,C,14,91,98,48.1,3.2,76,67,53.1,9.2,3.9,86.4,90.3,59.6,40.4,8:22,8:20,3,9,-0.2,24,50.0,douglcu01
193,Nic Dowd,35,TOT,C,75,812,869,48.3,-5.2,572,600,48.8,-5.1,7.1,92.3,99.4,26.7,73.3,14:33,12:15,19,43,-8.3,135,48.9,dowdni01
193,Nic Dowd,35,WSH,C,55,618,719,46.2,-6.0,435,490,47.0,-5.6,7.4,91.8,99.2,25.1,74.9,15:33,12:50,15,36,-8.7,93,51.6,dowdni01
193,Nic Dowd,35,VEG,C,20,194,150,56.4,-0.5,137,110,55.5,-2.0,6.0,94.4,100.5,32.1,67.9,11:46,10:40,4,7,0.4,42,42.9,dowdni01
194,Justin Dowling,35,NYR,C,2,9,18,33.3,-4.5,7,13,35.0,-5.2,0.0,88.9,88.9,0.0,100.0,7:12,7:12,0,0,0.0,3,33.3,dowliju01
195,Leon Draisaitl,30,EDM,C,65,1206,1029,54.0,5.3,922,746,55.3,6.4,12.7,86.4,99.1,62.4,37.6,21:35,17:31,26,106,14.2,369,50.4,draisle01
196,Sheldon Dries,31,DET,C,5,15,38,28.3,-22.5,12,27,30.8,-22.2,0.0,100.0,100.0,38.5,61.5,6:58,6:15,3,1,-0.4,4,50.0,driessh01
197,Jonathan Drouin,30,TOT,LW,64,889,819,52.0,3.4,672,589,53.3,4.3,6.9,92.0,99.0,54.7,45.3,16:52,14:03,14,42,-2.4,164,53.0,drouijo01
197,Jonathan Drouin,30,NYI,LW,55,788,704,52.8,4.4,593,503,54.1,5.2,7.1,91.8,98.9,54.9,45.1,17:09,14:13,13,35,-2.0,143,51.7,drouijo01
197,Jonathan Drouin,30,STL,LW,9,101,115,46.8,-3.5,79,86,47.9,-1.6,5.8,93.1,98.9,52.1,47.9,15:10,12:58,1,7,-0.4,21,61.9,drouijo01
198,Jack Drury,25,COL,C,82,1132,831,57.7,1.8,787,594,57.0,1.7,8.8,91.7,100.5,44.2,55.8,14:29,12:15,23,44,13.2,198,50.0,druryja01
199,Jamie Drysdale,23,PHI,D,78,1282,1414,47.6,-0.5,928,1030,47.4,-2.1,10.8,90.6,101.4,53.8,46.2,21:33,19:06,17,54,-0.4,254,39.8,drysdja01
200,Pierre-Luc Dubois,27,WSH,C,29,392,435,47.4,0.3,286,297,49.1,1.5,11.8,87.0,98.9,44.4,55.6,16:49,14:21,5,28,-0.6,87,48.3,duboipi01
201,Matt Duchene,35,DAL,C,57,698,798,46.7,-2.5,489,561,46.6,-3.5,15.3,86.5,101.8,56.3,43.7,16:31,14:10,11,61,-1.3,176,50.6,duchema01
202,Anthony Duclair,30,NYI,LW,62,648,802,44.7,-5.2,466,582,44.5,-6.0,9.9,92.6,102.6,56.7,43.3,13:12,11:56,9,27,-10.8,152,48.7,duclaan01
203,Walker Duehr,28,WPG,F,3,23,27,46.0,-7.5,17,23,42.5,-9.2,0.0,92.9,92.9,62.5,37.5,9:30,9:24,2,1,-0.2,5,40.0,duehrwa01
204,Brandon Duhaime,28,WSH,RW,82,673,810,45.4,-5.1,472,540,46.6,-4.6,6.8,93.0,99.9,21.7,78.3,11:04,9:54,7,29,-3.5,145,44.1,duhaibr01
205,Dylan Duke,22,TBL,LW,1,5,9,35.7,-18.1,3,9,25.0,-29.2,0.0,83.3,83.3,83.3,16.7,9:22,8:41,1,1,-0.3,2,50.0,dukedy01
206,Mathew Dumba,31,PIT,D,11,145,174,45.5,-4.8,103,113,47.7,-2.1,7.1,86.1,93.3,45.8,54.2,14:56,14:49,6,8,-0.2,26,26.9,dumbama01
207,Brian Dumoulin,34,LAK,D,82,1275,1230,50.9,-1.3,879,858,50.6,-1.4,7.4,91.8,99.2,44.8,55.2,17:45,16:18,21,94,-0.2,171,35.7,dumoubr01
208,Vince Dunn,29,SEA,D,81,1410,1635,46.3,1.1,1019,1184,46.3,0.6,9.5,88.8,98.3,50.1,49.9,21:40,18:50,29,88,-7.5,380,47.1,dunnvi02
209,Joshua Dunne,27,BUF,C,34,263,280,48.4,0.5,192,195,49.6,1.2,4.6,89.2,93.8,20.7,79.3,9:29,9:21,6,16,-2.2,61,47.5,dunnejo01
210,Sean Durzi,27,UTA,D,60,1157,989,53.9,1.0,812,727,52.8,0.1,8.9,88.0,96.9,57.1,42.9,19:16,17:35,11,58,2.9,239,35.1,durzise01
211,Christian Dvorak,29,PHI,C,80,1039,1191,46.6,-1.9,766,868,46.9,-2.6,14.4,89.4,103.8,48.8,51.2,18:28,14:49,20,62,2.3,264,57.2,dvorach01
212,Dalibor Dvorsky,20,STL,C,71,753,824,47.7,0.2,548,591,48.1,0.7,8.5,90.4,98.9,58.4,41.6,14:20,12:22,9,45,-0.6,181,50.8,dvorsda01
213,Jordan Eberle,35,SEA,RW,80,1161,1237,48.4,4.1,859,905,48.7,4.1,11.6,89.7,101.3,55.8,44.2,18:29,15:43,24,56,-1.9,311,54.0,eberljo01
214,Joel Edmundson,32,LAK,D,82,1322,1331,49.8,-2.9,942,915,50.7,-1.3,10.2,91.7,101.9,55.9,44.1,18:29,15:59,10,83,-0.6,254,40.9,edmunjo01
215,Adam Edstrom,25,NYR,C,35,299,336,47.1,-2.2,206,242,46.0,-2.1,9.1,93.6,102.7,36.0,64.0,9:28,9:23,5,18,-2.4,54,57.4,edstrad01
216,Simon Edvinsson,22,DET,D,72,1418,1354,51.2,4.3,1044,931,52.9,5.8,10.8,89.5,100.3,42.0,58.0,22:21,20:32,26,89,1.9,208,42.3,edvinsi01
217,Nikolaj Ehlers,29,CAR,LW,82,1317,860,60.5,1.4,950,605,61.1,3.4,10.1,87.1,97.2,59.5,40.5,16:36,13:41,24,87,14.5,431,48.3,ehlerni01
218,Jack Eichel,29,VEG,C,74,1298,1109,53.9,1.9,958,803,54.4,2.5,13.4,87.3,100.8,62.0,38.0,21:12,16:13,28,120,20.0,471,55.2,eicheja01
219,Aaron Ekblad,29,FLA,D,72,1273,1158,52.4,0.3,927,867,51.7,0.8,11.1,88.2,99.3,52.3,47.8,22:29,17:28,20,68,-5.3,241,40.2,ekblaaa01
220,Mattias Ekholm,35,EDM,D,82,1644,1271,56.4,9.5,1232,953,56.4,8.4,12.4,88.4,100.8,60.5,39.5,20:36,18:21,25,101,28.1,308,42.5,ekholma01
221,Victor Eklund,19,NYI,RW,1,12,8,60.0,4.2,10,7,58.8,8.8,14.3,50.0,64.3,28.6,71.4,15:30,13:01,0,0,0.5,2,100.0,eklunvi01
222,William Eklund,23,SJS,LW,78,1159,1099,51.3,6.3,819,804,50.5,5.6,10.7,84.3,95.1,48.0,52.0,18:32,15:13,18,66,-1.1,334,53.0,eklunwi01
223,Oliver Ekman-Larsson,34,TOR,D,78,1308,1483,46.9,2.7,983,1116,46.8,2.1,12.6,88.7,101.3,56.2,43.8,20:36,18:29,16,109,-6.1,269,40.1,ekmanol01
224,Lars Eller,36,OTT,C,68,589,652,47.5,-6.1,411,447,47.9,-6.5,10.5,91.3,101.8,36.5,63.5,11:27,10:04,12,35,2.2,120,55.8,ellerla01
225,Ty Emberson,25,EDM,D,72,803,942,46.0,-6.0,587,643,47.7,-4.8,8.9,90.7,99.6,42.8,57.2,15:31,14:14,13,53,-2.0,111,41.4,emberty01
226,Andreas Englund,30,NSH,D,3,30,14,68.2,14.5,22,11,66.7,13.2,0.0,87.5,87.5,42.9,57.1,8:49,8:48,0,2,0.2,3,66.7,engluan01
227,Adam Engstrom,22,MTL,D,15,165,163,50.3,2.8,118,120,49.6,1.4,12.7,91.3,103.9,67.3,32.7,13:03,12:44,2,7,0.8,29,37.9,engstad01
228,Joel Eriksson Ek,29,MIN,C/LW,70,1012,1003,50.2,3.0,747,734,50.4,2.3,12.2,90.5,102.6,47.2,52.8,19:05,13:56,19,41,1.5,341,56.9,eriksjo02
229,Adam Erne,30,DAL,LW,45,316,378,45.5,-3.1,218,257,45.9,-3.7,10.1,91.9,102.1,39.5,60.5,10:00,9:57,9,17,-0.8,87,49.4,ernead01
230,Luke Evangelista,23,NSH,RW,81,1347,994,57.5,10.4,959,767,55.6,9.8,9.6,88.6,98.2,53.0,47.0,16:37,14:27,25,58,12.4,316,55.7,evanglu01
231,Jake Evans,29,MTL,C/RW,68,712,872,44.9,-4.2,494,612,44.7,-5.5,9.2,89.7,98.9,28.5,71.5,15:21,12:26,15,48,-6.6,158,48.1,evansja02
232,Ryker Evans,24,SEA,D,67,898,1095,45.1,-0.5,677,793,46.1,0.3,11.6,90.9,102.6,48.3,51.7,17:48,16:29,7,49,-1.7,124,37.1,evansry01
233,Michael Eyssimont,29,BOS,C,56,604,583,50.9,3.7,432,422,50.6,3.3,7.4,91.2,98.7,41.5,58.5,10:55,10:13,4,37,-2.5,193,56.5,eyssimi01
234,Robby Fabbri,30,TOT,C,21,185,230,44.6,-3.7,142,167,46.0,-2.5,7.4,90.0,97.4,41.3,58.7,11:48,11:26,0,7,-0.9,46,65.2,fabbrro01
234,Robby Fabbri,30,STL,C,15,138,165,45.5,-1.8,100,113,46.9,-0.6,7.4,88.9,96.2,43.7,56.3,12:36,12:05,0,6,-0.9,28,60.7,fabbrro01
234,Robby Fabbri,30,MIN,C,6,47,65,42.0,-8.4,42,54,43.8,-6.7,7.7,92.1,99.8,31.8,68.2,9:51,9:50,0,1,-0.1,18,72.2,fabbrro01
235,Dante Fabbro,27,CBJ,D,74,1043,1191,46.7,-5.4,728,824,46.9,-4.8,6.8,90.7,97.5,46.6,53.4,16:34,14:59,20,59,-4.5,174,39.1,fabbrda01
236,Brock Faber,23,MIN,D,80,1739,1738,50.0,2.8,1280,1226,51.1,3.3,11.2,89.9,101.1,47.0,53.0,24:41,21:12,36,92,3.7,361,47.9,faberbr01
237,Radek Faksa,32,DAL,C,58,366,470,43.8,-3.5,240,310,43.6,-4.3,9.3,92.4,101.7,28.7,71.3,11:44,9:32,14,18,-5.4,79,48.1,faksara01
238,Adam Fantilli,21,CBJ,C,82,1387,1271,52.2,2.4,1014,933,52.1,2.6,9.7,88.0,97.8,66.4,33.6,18:54,16:10,25,94,3.1,440,48.6,fantiad01
239,Joel Farabee,25,CGY,LW,82,1131,1184,48.9,-0.1,811,838,49.2,1.0,8.0,89.4,97.4,57.5,42.5,16:55,13:48,23,70,-3.8,249,57.0,farabjo01
240,Justin Faulk,33,TOT,D,78,1254,1426,46.8,-1.3,925,1039,47.1,-1.1,9.7,89.0,98.7,49.6,50.4,22:01,18:35,27,64,1.6,305,48.5,faulkju01
240,Justin Faulk,33,STL,D,61,980,1088,47.4,-0.2,710,792,47.3,-0.5,10.0,89.0,99.0,50.1,49.9,22:30,18:45,20,54,3.2,242,47.9,faulkju01
240,Justin Faulk,33,DET,D,17,274,338,44.8,-4.7,215,247,46.5,-3.3,8.9,88.9,97.8,47.9,52.1,20:15,17:56,7,10,-1.6,63,50.8,faulkju01
241,Martin Fehérváry,26,WSH,D,81,1203,1381,46.6,-4.3,901,938,49.0,-2.0,11.7,90.8,102.5,34.7,65.3,19:17,16:24,16,54,-2.0,166,44.0,feherma01
242,Domenick Fensore,24,CAR,D,1,10,21,32.3,-22.3,6,15,28.6,-22.3,0.0,80.0,80.0,54.5,45.5,19:22,18:17,0,0,-0.9,5,40.0,fensodo01
243,Mario Ferraro,27,SJS,D,82,1201,1493,44.6,-3.5,865,1060,44.9,-2.1,11.1,90.2,101.3,39.4,60.6,21:02,17:35,36,88,-3.2,207,45.4,ferrama01
244,Kevin Fiala,29,LAK,LW,56,928,783,54.2,2.6,644,563,53.4,2.5,7.6,89.2,96.8,55.9,44.1,19:07,15:41,19,75,2.7,320,45.9,fialake01
245,Jack Finley,23,TOT,C,44,311,346,47.3,-5.3,218,252,46.4,-5.6,5.7,95.1,100.8,32.5,67.5,9:43,8:51,1,12,-0.7,45,57.8,finleja01
245,Jack Finley,23,STL,C,22,168,185,47.6,-2.9,113,134,45.7,-3.6,5.3,94.8,100.1,20.9,79.1,11:00,9:38,1,7,-1.2,26,57.7,finleja01
245,Jack Finley,23,TBL,C,22,143,161,47.0,-7.7,105,118,47.1,-7.6,6.2,95.5,101.6,44.4,55.6,8:25,8:04,0,5,0.5,19,57.9,finleja01
246,Emmitt Finnie,20,DET,C,82,1038,1065,49.4,0.5,747,771,49.2,-0.9,9.6,89.3,98.9,47.1,52.9,15:30,13:26,24,74,-4.3,213,56.3,finniem01
247,Cale Fleury,27,SEA,D,23,263,372,41.4,-0.8,203,254,44.4,2.0,10.0,92.8,102.8,34.7,65.3,16:18,15:23,4,20,-1.9,53,41.5,fleurca01
248,Haydn Fleury,29,WPG,D,38,372,491,43.1,-6.0,275,373,42.4,-7.0,8.1,85.4,93.5,51.0,49.0,13:56,12:23,8,28,-7.2,70,37.1,fleurha01
249,Warren Foegele,29,TOT,LW,68,760,819,48.1,-5.2,544,593,47.8,-4.9,8.4,92.6,101.0,44.8,55.2,13:46,12:08,14,67,-7.3,228,46.1,foegewa01
249,Warren Foegele,29,LAK,LW,47,591,602,49.5,-3.3,413,425,49.3,-2.4,6.3,91.7,98.0,44.8,55.2,14:45,12:57,11,52,-4.8,166,47.0,foegewa01
249,Warren Foegele,29,OTT,LW,21,169,217,43.8,-10.6,131,168,43.8,-11.2,14.5,95.1,109.6,44.9,55.1,11:35,10:18,3,15,-2.5,62,43.5,foegewa01
250,Tyson Foerster,24,PHI,RW,29,310,371,45.5,-1.9,226,247,47.8,-0.8,13.2,93.2,106.3,42.6,57.4,17:18,13:52,11,17,3.2,104,58.7,foersty01
251,Marcus Foligno,34,MIN,LW,56,611,637,49.0,1.7,441,439,50.1,2.3,5.6,89.5,95.0,38.0,62.0,12:51,11:17,11,29,-2.3,106,61.3,foligma01
252,Nick Foligno,38,TOT,LW,54,457,485,48.5,1.2,331,339,49.4,2.1,10.3,88.9,99.2,37.2,62.8,12:39,10:22,7,30,-1.1,79,62.0,foligni01
252,Nick Foligno,38,CHI,LW,37,286,348,45.1,-0.4,202,248,44.9,-0.1,12.8,91.0,103.8,33.2,66.8,12:48,10:26,4,20,-4.2,51,58.8,foligni01
252,Nick Foligno,38,MIN,LW,17,171,137,55.5,4.4,129,91,58.6,6.5,6.9,81.8,88.7,46.8,53.2,12:19,10:14,3,10,3.1,28,67.9,foligni01
253,Nolan Foote,25,FLA,LW,12,124,123,50.2,-0.6,84,84,50.0,1.5,5.8,88.1,93.9,48.6,51.4,10:48,10:36,2,2,-1.3,27,48.1,footeno01
254,Derek Forbort,33,VAN,D,2,7,17,29.2,-17.8,5,10,33.3,-12.3,25.0,87.5,112.5,50.0,50.0,13:56,10:55,0,5,-0.7,1,100.0,forbode01
255,Parker Ford,25,WPG,F,15,103,136,43.1,-6.4,74,95,43.8,-5.9,8.7,89.7,98.4,38.3,61.7,9:45,9:02,2,1,-2.6,25,40.0,fordpa01
256,Filip Forsberg,31,NSH,C,82,1378,1239,52.7,3.9,993,956,50.9,3.6,10.1,89.6,99.7,52.7,47.3,18:53,15:51,48,105,2.0,551,44.6,forsbfi01
257,Gustav Forsling,29,FLA,D,80,1537,1360,53.1,1.7,1116,1017,52.3,1.9,10.6,87.2,97.9,52.1,47.9,22:38,18:59,29,59,-1.6,278,40.3,forslgu02
258,Drew Fortescue,20,NYR,D,9,110,134,45.1,-4.9,78,96,44.8,-5.5,17.4,93.3,110.7,40.0,60.0,14:51,14:38,0,5,-0.1,13,23.1,fortedr01
259,Liam Foudy,25,NYI,C,1,6,10,37.5,-23.0,2,9,18.2,-39.9,0.0,100.0,100.0,33.3,66.7,11:17,11:17,0,1,-0.2,2,50.0,foudyli01
260,Cam Fowler,34,STL,D,82,1388,1456,48.8,1.2,982,1076,47.7,-0.2,9.9,89.3,99.2,53.6,46.4,21:05,18:18,19,63,0.6,226,40.3,fowleca01
261,Adam Fox,27,NYR,D,55,1180,930,55.9,10.5,822,686,54.5,9.2,11.0,89.6,100.6,56.3,43.7,23:38,19:33,36,65,10.9,274,33.2,foxad01
262,Ethen Frank,27,WSH,F,62,628,697,47.4,-2.1,454,473,49.0,-2.0,11.3,92.3,103.5,32.7,67.3,12:14,10:43,8,29,2.8,166,54.8,franket01
263,Trent Frederic,27,EDM,C,74,654,741,46.9,-4.6,484,512,48.6,-3.3,5.6,89.5,95.1,43.5,56.5,11:02,10:55,9,35,-1.2,139,55.4,fredetr01
264,Anton Frondell,18,CHI,C,12,162,212,43.3,-0.1,122,160,43.3,0.9,13.3,89.0,102.2,50.4,49.6,17:42,14:09,2,11,-3.3,70,51.4,frondan01
265,Morgan Frost,26,CGY,C,82,1006,1013,49.8,1.2,727,747,49.3,1.1,9.3,87.7,97.0,66.8,33.2,15:30,12:48,20,48,-1.4,265,52.8,frostmo01
266,Jonah Gadjovich,27,FLA,LW,10,68,81,45.6,-8.0,39,51,43.3,-9.0,11.5,96.6,108.1,42.6,57.4,7:57,7:55,3,3,0.8,12,66.7,gadjojo01
267,Brendan Gallagher,33,MTL,RW,77,809,803,50.2,1.9,567,563,50.2,0.5,9.8,90.1,100.0,46.3,53.7,12:21,10:59,11,37,1.1,235,51.5,gallabr01
268,Conor Garland,29,TOT,RW,71,979,1065,47.9,0.0,716,780,47.9,0.1,6.9,89.4,96.2,43.6,56.4,17:12,13:48,28,75,-2.8,272,50.4,garlaco01
268,Conor Garland,29,VAN,RW,50,713,812,46.8,0.3,530,602,46.8,0.6,6.9,89.8,96.7,42.6,57.4,18:57,14:34,22,63,-3.4,209,49.3,garlaco01
268,Conor Garland,29,CBJ,RW,21,266,253,51.3,0.1,186,178,51.1,-0.2,6.8,87.8,94.7,46.6,53.4,13:01,11:59,6,12,0.6,63,54.0,garlaco01
269,Marc Gatcomb,26,NYI,F,49,408,421,49.2,0.0,303,285,51.5,2.6,5.6,91.5,97.1,51.7,48.3,10:05,10:04,6,12,2.5,94,58.5,gatcoma01
270,Jacob Gaucher,24,PHI,F,4,29,26,52.7,0.6,21,16,56.8,5.6,0.0,90.0,90.0,58.8,41.2,8:49,8:16,0,3,0.2,6,66.7,gauchja01
271,Nathan Gaucher,22,ANA,C,3,20,22,47.6,-10.3,18,16,52.9,-4.4,0.0,80.0,80.0,56.3,43.8,8:01,7:44,1,1,-0.4,2,100.0,gauchna01
272,Adam Gaudette,29,SJS,C,66,563,721,43.8,-3.0,393,510,43.5,-2.4,10.8,89.4,100.2,34.9,65.1,11:28,10:28,13,26,-4.2,187,51.3,gaudead01
273,Frédérick Gaudreau,32,SEA,C,68,731,1056,40.9,-5.8,525,738,41.6,-5.8,10.7,92.0,102.7,25.3,74.7,16:09,13:51,25,36,-11.2,157,44.6,gaudrfr01
274,Brendan Gaunce,31,CBJ,C,25,242,251,49.1,-1.6,161,173,48.2,-2.2,9.4,89.3,98.7,28.9,71.1,11:54,10:10,6,7,-2.1,61,47.5,gauncbr01
275,Cutter Gauthier,22,ANA,LW,76,1329,1074,55.3,4.5,954,781,55.0,4.1,11.1,86.8,97.9,59.5,40.5,17:15,14:08,19,74,3.0,559,51.2,gauthcu01
276,Vladislav Gavrikov,30,NYR,D,82,1547,1535,50.2,1.7,1082,1133,48.8,1.0,9.7,90.0,99.7,52.1,47.9,23:44,20:04,22,103,0.3,320,37.2,gavrivl01
277,Conor Geekie,21,TBL,C,14,117,141,45.3,-3.4,78,108,41.9,-5.4,8.9,87.1,96.0,56.6,43.4,9:54,9:35,3,10,-0.7,21,47.6,geekico01
278,Morgan Geekie,27,BOS,C,81,1142,1182,49.1,0.6,797,859,48.1,-1.1,11.9,89.6,101.6,54.6,45.4,17:24,14:25,20,78,-8.2,355,51.0,geekimo01
279,Mason Geertsen,30,BUF,D,5,14,16,46.7,-3.0,11,10,52.4,4.8,0.0,87.5,87.5,41.7,58.3,4:07,4:06,0,0,-0.5,2,50.0,geertma01
280,Isaiah George,21,NYI,D,4,29,59,33.0,-17.0,23,37,38.3,-9.7,16.7,92.0,108.7,25.0,75.0,13:22,13:10,2,2,-0.2,6,33.3,georgis01
281,Dennis Gilbert,29,OTT,D,8,87,91,48.9,-8.5,66,56,54.1,-4.5,6.7,91.2,97.8,51.9,48.1,12:41,12:26,0,6,0.4,7,28.6,gilbede01
282,Patrick Giles,26,SJS,F,3,19,26,42.2,2.1,11,18,37.9,0.4,11.1,100.0,111.1,25.0,75.0,8:52,8:29,0,1,0.9,5,40.0,gilespa01
283,Adam Ginning,26,PHI,D,5,36,72,33.3,-14.5,22,56,28.2,-21.6,16.7,94.3,111.0,48.4,51.6,15:20,13:33,0,5,-1.6,9,22.2,ginniad01
284,Samuel Girard,27,TOT,D,60,1074,911,54.1,0.2,755,651,53.7,0.3,11.6,89.8,101.4,49.5,50.5,18:06,17:05,11,54,12.5,144,28.5,girarsa01
284,Samuel Girard,27,COL,D,40,742,568,56.6,1.6,516,409,55.8,1.4,11.1,89.9,101.0,47.8,52.2,17:41,16:35,9,36,10.1,109,28.4,girarsa01
284,Samuel Girard,27,PIT,D,20,332,343,49.2,-2.0,239,242,49.7,-1.3,12.9,89.6,102.5,52.5,47.5,18:56,18:03,2,18,2.4,35,28.6,girarsa01
285,Zemgus Girgensons,32,TBL,C,74,827,827,50.0,-4.9,594,596,49.9,-4.1,8.7,92.3,101.0,37.1,62.9,14:46,12:48,6,42,-5.7,176,50.6,girgeze01
286,Claude Giroux,38,OTT,C/LW,82,1043,871,54.5,2.4,772,615,55.7,2.9,12.6,89.2,101.9,48.7,51.3,16:18,12:43,24,52,7.4,248,55.6,giroucl01
287,Cody Glass,26,NJD,C,70,817,771,51.4,-0.7,585,554,51.4,-0.4,10.4,90.3,100.7,46.2,53.8,13:37,12:31,8,35,-2.0,178,59.0,glassco01
288,Luke Glendening,36,TOT,C,70,456,671,40.5,-11.9,337,459,42.3,-10.0,7.3,92.1,99.4,39.7,60.3,10:32,8:51,6,11,-9.9,83,60.2,glendlu01
288,Luke Glendening,36,NJD,C,52,326,495,39.7,-13.6,234,348,40.2,-12.6,5.1,91.5,96.6,44.1,55.9,9:54,8:20,6,8,-9.5,52,57.7,glendlu01
288,Luke Glendening,36,PHI,C,18,130,176,42.5,-7.0,103,111,48.1,-2.7,13.1,93.9,107.1,30.1,69.9,12:23,10:20,0,3,-0.3,31,64.5,glendlu01
289,Gage Goncalves,25,TBL,C,74,821,728,53.0,0.0,594,538,52.5,0.1,16.1,90.0,106.1,58.9,41.1,13:05,11:53,18,58,7.6,145,53.1,goncaga01
290,Barclay Goodrow,32,SJS,RW,82,561,800,41.2,-6.9,379,545,41.0,-6.4,7.6,90.0,97.6,31.5,68.5,11:21,9:22,11,37,-10.3,123,53.7,goodrba01
291,Shayne Gostisbehere,32,CAR,D,55,1026,696,59.6,-0.6,765,522,59.4,0.6,11.1,86.6,97.7,70.2,29.8,19:14,16:01,19,54,13.5,282,41.1,gostish01
292,Yanni Gourde,34,TBL,C,82,1042,955,52.2,-1.3,740,691,51.7,-1.0,9.0,89.6,98.7,39.5,60.5,16:22,14:08,26,77,-1.2,215,53.0,gourdya01
293,Collin Graf,23,SJS,F,81,875,1100,44.3,-3.8,622,801,43.7,-3.9,12.9,90.5,103.3,45.9,54.1,16:27,13:29,34,55,-3.2,215,55.3,grafco01
294,Mikael Granlund,33,ANA,C,58,900,832,52.0,-1.8,688,607,53.1,-0.7,9.7,86.9,96.7,48.9,51.1,19:10,14:16,21,48,6.7,221,52.9,granlmi01
295,Kevin Gravel,33,NSH,D,1,7,21,25.0,-18.3,6,14,30.0,-9.6,20.0,88.9,108.9,36.4,63.6,16:36,15:52,0,1,-0.4,1,100.0,graveke01
296,Ryan Graves,30,PIT,D,22,302,286,51.4,0.9,208,181,53.5,3.3,8.3,87.2,95.5,43.2,56.8,15:18,14:47,7,20,1.3,72,29.2,gravery01
297,Nikita Grebenkin,22,PHI,RW,55,501,537,48.3,1.1,342,379,47.4,-0.3,8.7,88.6,97.3,43.3,56.7,11:17,11:05,13,35,0.1,73,43.8,grebeni01
298,Ryan Greene,22,CHI,C,81,972,1224,44.3,-2.1,722,936,43.5,-2.5,9.7,90.1,99.8,48.0,52.0,16:45,13:46,21,51,-17.7,200,54.5,greenry01
299,Jordan Greenway,28,BUF,LW,40,333,461,41.9,-7.6,253,321,44.1,-5.5,5.3,90.2,95.5,30.7,69.3,12:27,10:35,6,19,-4.2,68,47.1,greenjo02
300,A.J. Greer,29,FLA,LW,78,928,754,55.2,3.9,675,555,54.9,4.2,12.3,89.5,101.7,56.4,43.6,12:26,11:45,9,52,4.4,207,50.2,greeraj01
301,Noah Gregor,27,FLA,C,37,269,323,45.4,-6.9,183,222,45.2,-6.7,9.3,86.4,95.7,53.7,46.3,9:34,9:03,5,11,-2.3,90,46.7,gregono01
302,Ridly Greig,23,OTT,C,77,1005,953,51.3,-1.9,742,681,52.1,-2.0,12.1,88.9,101.0,41.3,58.7,16:42,13:37,20,49,2.6,248,51.6,greigri01
303,Matvei Gridin,19,CGY,F,37,434,554,43.9,-4.3,313,398,44.0,-4.1,9.8,87.4,97.2,70.5,29.5,15:10,13:12,7,42,-6.0,140,50.0,gridima01
304,Arseny Gritsyuk,24,NJD,RW,66,1085,760,58.8,9.4,799,555,59.0,9.6,8.3,87.7,96.0,53.2,46.8,15:10,14:08,24,46,10.5,269,55.4,gritsar01
305,Maxim Groshev,24,TBL,RW,2,16,31,34.0,-3.6,13,24,35.1,-7.1,10.0,100.0,110.0,13.3,86.7,11:30,11:29,0,1,-1.2,1,100.0,groshma01
306,Tyson Gross,23,CGY,F,6,39,72,35.1,-11.3,32,57,36.0,-12.3,12.5,87.2,99.7,31.4,68.6,11:02,10:04,1,2,-1.6,9,55.6,grossty01
307,Benoit-Olivier Groulx,25,TOR,C,13,109,211,34.1,-9.0,79,159,33.2,-9.4,18.0,92.7,110.7,31.6,68.4,15:42,12:25,0,11,-5.7,32,46.9,groulbe01
308,Carl Grundström,28,PHI,RW,47,403,470,46.2,-3.5,279,329,45.9,-4.2,12.7,91.9,104.5,46.8,53.2,11:51,11:05,7,21,0.4,111,50.5,grundca01
309,Matt Grzelcyk,32,CHI,D,69,930,1057,46.8,0.8,707,800,46.9,1.5,10.0,89.7,99.7,54.7,45.3,16:58,15:44,21,46,-11.8,159,42.8,grzelma01
310,Radko Gudas,35,ANA,D,56,913,824,52.6,0.4,653,595,52.3,0.0,8.6,89.8,98.4,49.6,50.4,16:11,14:32,8,44,1.5,169,37.3,gudasra01
311,Erik Gudbranson,34,CBJ,D,37,427,625,40.6,-14.4,309,445,41.0,-14.0,12.4,92.1,104.5,37.3,62.7,17:46,15:01,7,33,-8.2,88,38.6,gudbrer01
312,Dylan Guenther,22,UTA,RW,79,1228,1055,53.8,0.4,899,761,54.2,1.2,11.6,88.9,100.5,53.6,46.4,17:24,13:53,16,68,7.9,530,45.7,guentdy01
313,Jake Guentzel,31,TBL,C,81,1310,1113,54.1,1.4,946,847,52.8,0.6,13.7,87.8,101.6,57.5,42.5,20:15,14:51,23,73,11.9,385,57.1,guentja01
314,Kaiden Guhle,24,MTL,D,39,575,704,45.0,-5.4,420,495,45.9,-5.8,10.3,92.5,102.9,37.6,62.4,19:28,17:45,21,36,-4.4,106,36.8,guhleka01
315,Erik Gustafsson,33,DET,D,2,32,31,50.8,3.9,24,22,52.2,1.7,0.0,83.3,83.3,70.4,29.6,18:45,17:37,1,3,0.3,8,37.5,gustaer02
316,Viking Gustafsson Nyberg,22,MIN,D,2,21,34,38.2,-10.6,17,28,37.8,-15.3,27.3,87.5,114.8,40.0,60.0,21:18,17:04,1,1,-0.6,1,0.0,gustavi02
317,Brandon Hagel,27,TBL,LW,71,1346,981,57.8,6.8,973,716,57.6,7.5,13.4,89.5,102.8,54.6,45.4,19:46,15:20,35,75,17.1,459,46.6,hagelbr01
318,James Hagens,19,BOS,C,2,24,27,47.1,3.5,19,18,51.4,4.1,9.1,100.0,109.1,52.9,47.1,14:33,14:33,3,3,0.5,5,40.0,hagenja01
319,Nicolas Hague,27,NSH,D,62,1045,1041,50.1,0.3,731,794,47.9,-0.7,8.8,90.0,98.8,45.5,54.5,19:38,17:29,15,45,-6.3,166,33.7,hagueni01
320,Hunter Haight,21,MIN,C,9,86,101,46.0,-3.6,65,70,48.1,-3.7,4.1,82.9,87.0,60.8,39.2,10:50,10:23,1,4,-0.4,19,68.4,haighhu01
321,Taylor Hall,34,CAR,LW,80,1198,797,60.1,0.3,845,605,58.3,-0.8,10.9,87.6,98.4,67.5,32.5,14:32,12:52,21,64,12.2,279,49.1,hallta02
322,Filip Hallander,25,PIT,C,13,157,173,47.6,1.8,103,123,45.6,-1.2,9.2,95.2,104.4,48.8,51.2,13:09,11:51,2,12,0.8,47,46.8,hallafi01
323,Stephen Halliday,23,OTT,C,30,211,160,56.9,3.6,147,119,55.3,0.7,8.7,91.0,99.7,59.6,40.4,8:31,6:35,2,16,4.4,58,58.6,hallist01
324,Brian Halonen,27,NJD,F,15,76,105,42.0,-9.0,52,64,44.8,-7.4,10.3,89.5,99.8,50.0,50.0,7:37,7:36,3,5,-1.9,19,36.8,halonbr01
325,Lenni Hameenaho,21,NJD,RW,33,354,372,48.8,-5.0,270,264,50.6,-2.7,8.8,90.3,99.1,41.5,58.5,12:11,11:42,6,12,-2.6,91,51.6,hameele01
326,Dougie Hamilton,32,NJD,D,77,1509,1270,54.3,4.2,1090,924,54.1,4.3,8.5,89.5,98.0,52.2,47.8,21:32,18:01,14,119,2.3,456,44.3,hamildo01
327,Travis Hamonic,35,DET,D,26,304,371,45.0,-9.0,217,260,45.5,-9.4,6.2,88.8,95.0,44.8,55.2,14:23,12:41,6,19,-4.7,44,47.7,hamontr01
328,Noah Hanifin,29,VEG,D,71,1425,1241,53.5,1.4,1020,905,53.0,0.5,9.0,89.0,98.0,59.7,40.3,22:36,20:11,36,98,13.9,305,44.3,hanifno01
329,Joel Hanley,34,CGY,D,68,919,795,53.6,5.1,628,558,53.0,4.9,6.1,91.1,97.2,60.0,40.0,14:40,13:41,10,53,-0.8,118,36.4,hanlejo01
330,Jansen Harkins,28,ANA,C,44,379,390,49.3,-2.4,275,281,49.5,-2.5,6.1,91.4,97.4,43.7,56.3,9:35,9:17,6,27,-4.5,78,47.4,harkija01
331,Thomas Harley,24,DAL,D,70,1233,1369,47.4,-0.6,882,979,47.4,-1.6,11.2,89.7,101.0,50.6,49.4,23:03,20:03,36,84,5.5,289,39.1,harleth01
332,Jordan Harris,25,BOS,D,8,118,97,54.9,5.3,88,67,56.8,7.0,7.7,90.5,98.2,40.0,60.0,15:54,14:18,1,6,-0.1,19,63.2,harrijo01
333,Ryan Hartman,31,MIN,RW,76,1182,1189,49.9,1.4,854,850,50.1,0.6,8.9,91.3,100.3,48.6,51.4,16:45,14:56,23,66,1.8,354,47.2,hartmry01
334,Rafaël Harvey-Pinard,27,PIT,LW,1,7,7,50.0,3.2,6,6,50.0,5.0,25.0,100.0,125.0,33.3,66.7,11:01,11:01,0,1,0.0,3,66.7,harvera01
335,Garnet Hathaway,34,PHI,RW,66,436,528,45.2,-2.9,305,346,46.9,-1.6,7.0,90.5,97.6,39.7,60.3,10:24,9:13,9,35,0.3,73,46.6,hathaga01
336,Erik Haula,34,NSH,LW,81,1070,1141,48.4,-2.4,760,858,47.0,-2.3,8.8,89.3,98.1,48.2,51.8,16:40,13:12,15,59,-9.0,253,50.2,haulaer01
337,John Hayden,30,SEA,C,3,13,27,32.5,-13.7,9,17,34.6,-10.1,0.0,91.7,91.7,11.1,88.9,10:05,9:00,1,2,-1.1,5,40.0,haydejo01
338,Avery Hayes,23,PIT,F,16,145,177,45.0,-5.2,104,125,45.4,-5.1,11.7,88.0,99.6,56.0,44.0,11:10,10:60,5,8,-2.5,53,47.2,hayesav01
339,Kevin Hayes,33,PIT,RW,28,294,266,52.5,1.0,218,200,52.2,0.9,11.0,86.7,97.8,50.9,49.1,12:28,11:22,4,20,3.2,81,55.6,hayeske01
340,Luke Haymes,22,TOR,F,4,41,39,51.3,7.3,35,28,55.6,13.7,10.5,80.0,90.5,56.3,43.8,13:33,12:02,0,1,0.1,7,42.9,haymelu01
341,Barrett Hayton,25,UTA,C,67,861,730,54.1,1.1,617,521,54.2,1.9,9.4,89.4,98.8,46.1,53.9,15:07,12:55,13,40,12.7,208,57.2,haytoba01
342,Victor Hedman,35,TBL,D,33,509,472,51.9,-0.4,360,361,49.9,-2.3,11.2,89.8,101.0,57.1,42.9,18:52,14:40,8,40,-3.8,135,37.0,hedmavi01
343,Emil Heineman,24,NYI,LW,82,1171,1129,50.9,2.0,834,835,50.0,0.1,8.1,89.8,97.9,53.3,46.7,16:37,14:19,9,53,-4.6,324,53.7,heineem01
344,Danton Heinen,30,TOT,C/LW,46,480,443,52.0,0.8,351,311,53.0,1.2,10.6,91.5,102.0,40.4,59.6,11:20,11:01,9,21,4.9,96,45.8,heineda01
344,Danton Heinen,30,CBJ,C/LW,33,339,326,51.0,0.9,247,228,52.0,1.0,12.0,90.4,102.4,43.1,56.9,11:13,11:08,7,17,5.5,61,49.2,heineda01
344,Danton Heinen,30,PIT,C/LW,13,141,117,54.7,0.6,104,83,55.6,1.7,6.7,94.3,101.0,33.3,66.7,11:40,10:45,2,4,-0.6,35,40.0,heineda01
345,Ville Heinola,24,WPG,D,5,71,49,59.2,11.0,54,38,58.7,13.9,5.6,92.0,97.6,55.0,45.0,14:06,12:57,1,3,0.6,15,46.7,heinovi01
346,Miro Heiskanen,26,DAL,D,77,1275,1265,50.2,3.8,914,882,50.9,4.2,12.3,89.3,101.5,54.2,45.8,25:28,18:55,39,93,12.3,336,44.0,heiskmi01
347,Konsta Helenius,19,BUF,F,9,114,82,58.2,15.5,86,63,57.7,14.5,8.3,91.8,100.2,65.0,35.0,11:55,11:55,1,6,1.2,24,62.5,helenko01
348,Samuel Helenius,23,LAK,C,53,376,414,47.6,-4.6,253,267,48.7,-3.4,7.2,90.1,97.3,34.6,65.4,7:59,7:57,4,14,-0.2,84,45.2,helensa02
349,Drew Helleson,24,ANA,D,60,877,909,49.1,-5.1,644,656,49.5,-4.7,10.6,88.6,99.1,53.1,46.9,16:58,15:24,25,43,-5.2,127,30.7,helledr01
350,Adam Henrique,35,EDM,C,65,600,662,47.5,-3.3,417,431,49.2,-1.9,6.7,88.3,95.1,36.3,63.7,13:14,10:58,14,36,-2.0,164,55.5,henriad01
351,Tomáš Hertl,32,VEG,C,82,1211,938,56.4,5.7,827,661,55.6,4.2,10.2,84.3,94.6,61.5,38.5,17:02,13:26,17,52,10.1,405,49.9,hertlto01
352,Tyson Hinds,22,ANA,D,6,106,62,63.1,5.3,80,47,63.0,3.1,6.0,91.3,97.3,67.4,32.6,15:37,14:54,1,5,2.4,20,45.0,hindsty01
353,Vinnie Hinostroza,31,TOT,C,65,599,756,44.2,-5.8,415,557,42.7,-7.8,9.7,90.0,99.7,38.7,61.3,10:56,10:28,19,49,-13.4,129,50.4,hinosvi01
353,Vinnie Hinostroza,31,MIN,C,48,431,524,45.1,-3.7,292,381,43.4,-6.3,7.8,91.1,98.8,35.2,64.8,10:18,9:53,14,38,-8.2,102,45.1,hinosvi01
353,Vinnie Hinostroza,31,FLA,C,17,168,232,42.0,-12.0,123,176,41.1,-11.8,13.9,87.8,101.8,46.7,53.3,12:44,12:05,5,11,-5.2,27,70.4,hinosvi01
354,Roope Hintz,29,DAL,LW,53,690,663,51.0,5.4,486,456,51.6,5.2,14.7,90.5,105.2,47.2,52.8,17:20,13:42,5,41,10.3,205,61.5,hintzro01
355,Nico Hischier,27,NJD,C,82,1458,1213,54.6,4.2,1043,890,54.0,3.5,8.5,89.0,97.5,48.8,51.2,20:43,15:52,27,72,7.4,394,53.6,hischni01
356,Hayden Hodgson,29,OTT,RW,10,65,66,49.6,-4.5,44,55,44.4,-10.1,6.5,88.2,94.7,50.0,50.0,7:02,7:01,1,3,-0.1,11,36.4,hodgsha01
357,Nils Höglander,25,VAN,LW,38,387,379,50.5,5.1,266,290,47.8,3.0,6.0,92.3,98.3,58.2,41.8,11:31,11:19,5,26,-3.4,89,39.3,hoglani01
358,Justin Holl,34,STL,D,9,123,114,51.9,-5.2,82,87,48.5,-9.4,14.0,94.4,108.5,49.2,50.8,15:40,15:08,4,3,2.2,16,43.8,hollju01
359,Dylan Holloway,24,STL,C,59,898,878,50.6,2.9,647,646,50.0,3.0,13.5,89.9,103.4,57.7,42.3,18:15,15:43,13,42,5.5,296,54.7,hollody01
360,Pontus Holmberg,26,TBL,RW,70,862,721,54.5,0.9,616,532,53.7,1.0,9.2,90.3,99.4,38.9,61.1,13:21,13:03,12,46,3.1,200,45.5,holmbpo01
361,Simon Holmström,24,NYI,RW,79,1012,1049,49.1,-0.8,727,763,48.8,-1.7,11.5,89.6,101.1,49.8,50.2,16:44,13:18,31,56,-5.6,206,48.5,holmssi01
362,Alexander Holtz,24,VEG,RW,28,254,312,44.9,-5.8,174,219,44.3,-7.1,13.6,89.4,103.0,52.4,47.6,11:29,10:59,1,20,-0.9,71,42.3,holtzal01
363,Samuel Honzek,21,CGY,LW,18,204,163,55.6,1.8,148,113,56.7,3.7,9.7,88.3,98.0,33.5,66.5,12:21,10:57,1,9,1.5,42,52.4,honzesa01
364,Bo Horvat,30,NYI,C,68,1160,1022,53.2,5.0,845,732,53.6,4.9,10.9,88.2,99.1,55.6,44.4,20:46,15:14,19,69,7.8,401,56.4,horvabo01
365,Mikulas Hovorka,24,FLA,D,4,43,51,45.7,-5.4,28,36,43.8,-8.1,15.0,81.8,96.8,56.0,44.0,14:55,13:40,1,6,-0.7,8,37.5,hovormi01
366,Isaac Howard,21,EDM,LW,29,236,299,44.1,-7.4,174,207,45.7,-6.8,7.8,87.1,94.9,57.3,42.7,10:19,9:49,2,17,-0.5,74,48.6,howaris01
367,Brett Howden,27,VEG,C,58,697,697,50.0,-3.4,500,482,50.9,-2.6,9.3,86.8,96.1,49.5,50.5,14:54,13:13,13,47,4.7,120,55.0,howdebr01
368,Filip Hronek,28,VAN,D,82,1646,1650,49.9,5.5,1202,1251,49.0,4.7,8.7,88.9,97.5,54.1,45.9,25:00,20:47,34,108,-9.4,317,43.2,hronefi01
369,Justin Hryckowian,24,DAL,F,81,720,769,48.4,0.9,525,537,49.4,1.6,10.4,89.2,99.6,42.0,58.0,13:18,11:23,26,25,4.4,144,57.6,hryckju01
370,Jonathan Huberdeau,32,CGY,LW,50,746,666,52.8,2.9,516,496,51.0,1.2,7.7,88.9,96.6,67.1,32.9,18:08,14:13,9,58,1.3,163,50.9,huberjo01
371,Cameron Hughes,29,DAL,C,3,11,23,32.4,-11.5,8,15,34.8,-10.0,40.0,100.0,140.0,22.2,77.8,7:19,7:19,0,1,0.2,2,100.0,hugheca01
372,Jack Hughes,24,NJD,C,61,1244,924,57.4,7.9,905,688,56.8,6.9,10.6,86.2,96.8,72.0,28.0,21:19,17:58,37,126,15.3,431,53.1,hugheja03
373,Luke Hughes,22,NJD,D,68,1436,1199,54.5,4.3,1020,887,53.5,2.6,8.1,90.0,98.1,56.9,43.1,23:01,19:44,29,108,3.1,376,39.9,hughelu01
374,Quinn Hughes,26,TOT,D,74,1906,1617,54.1,8.3,1389,1191,53.8,6.8,11.1,87.5,98.6,56.5,43.5,27:44,23:27,34,116,12.3,476,39.3,hughequ01
374,Quinn Hughes,26,MIN,D,48,1211,1062,53.3,6.8,888,769,53.6,5.5,12.5,87.7,100.2,52.6,47.4,27:54,23:59,24,75,9.5,286,39.5,hughequ01
374,Quinn Hughes,26,VAN,D,26,695,555,55.6,11.2,501,422,54.3,9.5,8.5,87.2,95.7,64.0,36.0,27:26,22:29,10,41,2.8,190,38.9,hughequ01
375,Daemon Hunt,23,MIN,D,32,264,431,38.0,-11.4,190,301,38.7,-11.0,8.5,92.5,101.0,40.1,59.9,12:26,11:17,2,14,-4.9,43,44.2,huntda01
376,Dryden Hunt,30,CGY,LW,3,22,31,41.5,-3.6,16,18,47.1,2.1,0.0,72.7,72.7,26.3,73.7,8:56,8:56,0,3,0.0,5,80.0,huntdr01
377,Cole Hutson,19,WSH,D,14,191,207,48.0,4.8,139,146,48.8,4.6,9.9,89.2,99.1,55.6,44.4,17:27,15:13,8,13,-1.1,52,42.3,hutsoco01
378,Lane Hutson,21,MTL,D,82,1644,1421,53.6,8.1,1186,996,54.4,7.8,14.1,89.3,103.4,62.0,38.0,23:46,19:59,43,93,16.6,300,41.3,hutsola01
379,Quinn Hutson,24,EDM,F,4,27,41,39.7,-8.7,13,28,31.7,-16.8,11.1,90.0,101.1,64.3,35.7,7:60,7:60,0,3,-0.6,6,50.0,hutsoqu01
380,Ben Hutton,32,VEG,D,55,741,724,50.6,0.0,525,502,51.1,0.2,11.5,88.3,99.9,64.6,35.4,14:35,14:19,19,42,4.7,148,48.0,huttobe01
381,Zach Hyman,33,EDM,LW,58,1023,916,52.8,3.5,777,681,53.3,3.0,13.3,88.0,101.3,62.7,37.3,19:59,16:20,8,27,11.5,291,54.6,hymanza01
382,Arttu Hyry,24,DAL,F,20,146,177,45.2,-5.7,110,126,46.6,-5.0,9.7,91.5,101.2,40.7,59.3,11:47,9:39,4,12,-2.0,42,59.5,hyryar01
383,Alex Iafallo,32,WPG,C,79,931,955,49.4,0.5,655,684,48.9,-0.1,11.7,89.4,101.1,56.2,43.8,15:35,13:15,11,28,-1.2,203,56.2,iafalal01
384,Bokondji Imama,29,PIT,LW,2,18,12,60.0,12.7,14,10,58.3,9.7,0.0,100.0,100.0,50.0,50.0,7:39,7:39,0,2,0.2,4,50.0,imamabo01
385,Vincent Iorio,23,TOT,D,27,320,398,44.6,-5.4,225,293,43.4,-6.1,10.8,89.6,100.4,51.3,48.7,15:44,14:26,7,26,-5.8,41,36.6,ioriovi01
385,Vincent Iorio,23,SJS,D,21,249,321,43.7,-5.7,176,239,42.4,-7.0,12.5,88.3,100.8,51.6,48.4,16:30,14:49,4,14,-6.2,34,29.4,ioriovi01
385,Vincent Iorio,23,NYR,D,6,71,77,48.0,-3.7,49,54,47.6,-2.3,5.6,94.7,100.3,50.0,50.0,13:05,13:04,3,12,0.4,7,71.4,ioriovi01
386,Ivan Ivan,23,COL,F,9,57,57,50.0,-9.2,42,37,53.2,-5.1,7.7,95.2,102.9,45.8,54.2,7:27,7:19,0,3,0.7,7,57.1,ivaniv01
387,Dominic James,23,TBL,C,43,463,404,53.4,-1.0,324,300,51.9,-2.5,9.7,92.1,101.8,57.4,42.6,12:14,11:29,14,41,1.6,113,49.6,jamesdo01
388,Mark Jankowski,31,CAR,C,68,745,522,58.8,-0.9,516,348,59.7,1.3,8.5,90.8,99.3,58.3,41.7,11:09,9:53,11,35,7.0,135,46.7,jankoma01
389,Mattias Janmark,33,EDM,C,43,348,425,45.0,-7.3,245,300,45.0,-8.1,5.4,90.2,95.6,37.1,62.9,11:51,10:21,5,14,-4.3,53,45.3,janmama02
390,Ludvig Jansson,22,FLA,D,4,51,68,42.9,-9.8,39,46,45.9,-6.3,19.2,88.9,108.1,46.3,53.7,17:16,16:16,1,4,0.2,6,50.0,jansslu01
391,Calle Järnkrok,34,TOR,C,56,378,554,40.6,-4.6,281,393,41.7,-3.5,7.3,88.0,95.2,26.1,73.9,11:50,9:25,4,19,-9.1,79,57.0,jarnkca01
392,Roby Jarventie,23,EDM,LW,3,20,18,52.6,1.5,12,7,63.2,11.2,0.0,75.0,75.0,69.2,30.8,8:00,7:50,0,0,0.7,3,66.7,jarvero01
393,Seth Jarvis,23,CAR,C/RW,71,1225,812,60.1,-0.1,918,620,59.7,0.7,9.5,86.3,95.8,63.6,36.4,18:53,14:10,41,57,10.3,372,60.2,jarvise01
394,Tanner Jeannot,28,BOS,F,77,837,887,48.5,-0.2,591,626,48.6,-0.4,8.0,91.7,99.7,39.2,60.8,12:39,11:12,7,44,-7.2,182,42.9,jeannta01
395,Boone Jenner,32,CBJ,C,67,1021,975,51.2,0.2,680,689,49.7,-1.6,10.2,90.3,100.5,47.1,52.9,16:05,13:49,14,53,-0.2,269,49.1,jennebo01
396,Nick Jensen,35,OTT,D,61,872,937,48.2,-6.9,631,678,48.2,-8.1,11.9,87.1,99.0,49.8,50.2,17:01,16:09,11,51,6.9,121,29.8,jenseni02
397,David Jiříček,22,TOT,D,26,285,333,46.1,-2.0,208,248,45.6,-3.7,8.0,93.2,101.2,39.9,60.1,12:01,11:31,3,26,-3.7,42,38.1,jiricda01
397,David Jiříček,22,MIN,D,25,274,319,46.2,-2.1,198,239,45.3,-4.3,8.6,92.9,101.5,39.8,60.2,11:43,11:12,3,24,-3.6,40,37.5,jiricda01
397,David Jiříček,22,PHI,D,1,11,14,44.0,2.3,10,9,52.6,12.2,0.0,100.0,100.0,41.7,58.3,19:37,19:37,0,2,-0.1,2,50.0,jiricda01
398,Albert Johansson,25,DET,D,82,1030,1225,45.7,-4.5,732,870,45.7,-5.7,7.7,90.5,98.2,47.8,52.2,15:56,14:23,23,57,-9.4,173,35.3,johanal01
399,Marcus Johansson,35,MIN,C/W,75,1043,1017,50.6,3.0,768,733,51.2,2.7,12.0,90.8,102.8,48.5,51.5,15:25,13:30,22,53,3.1,204,52.5,johanma03
400,Kent Johnson,23,CBJ,C,76,928,830,52.8,2.6,630,595,51.4,1.4,8.4,88.5,96.9,53.3,46.7,13:14,11:34,11,49,1.6,233,48.9,johnske01
401,Ryan Johnson,24,BUF,D,3,22,32,40.7,-9.7,17,22,43.6,-5.5,10.0,92.9,102.9,25.0,75.0,9:00,8:44,2,2,0.0,4,0.0,johnsry03
402,Ross Johnston,31,ANA,LW,62,529,573,48.0,-4.2,369,398,48.1,-4.0,12.2,89.9,102.1,39.8,60.2,9:45,9:43,5,34,-8.9,72,45.8,johnsro02
403,Wyatt Johnston,22,DAL,C,82,1171,1360,46.3,-2.1,855,972,46.8,-2.0,11.8,90.1,101.9,53.4,46.6,20:07,16:06,23,62,6.2,402,51.2,johnswy01
404,Henri Jokiharju,26,BOS,D,41,650,642,50.3,2.3,471,461,50.5,1.9,11.8,88.9,100.7,43.2,56.8,17:48,16:18,6,48,-1.5,109,36.7,jokihhe01
405,Ben Jones,26,MIN,F,28,190,300,38.8,-8.9,139,215,39.3,-9.5,4.5,89.9,94.3,23.3,76.7,8:50,8:30,1,9,-5.0,45,57.8,jonesbe01
406,Caleb Jones,28,PIT,D,7,92,130,41.4,-4.1,63,83,43.2,-3.7,9.8,93.9,103.6,32.8,67.2,17:10,15:30,1,4,-0.7,17,29.4,jonesca01
407,Max Jones,27,EDM,LW,21,158,144,52.3,3.4,105,87,54.7,5.7,11.4,90.6,102.0,50.0,50.0,8:21,8:20,5,8,1.7,38,57.9,jonesma03
408,Seth Jones,31,FLA,D,52,940,873,51.8,0.6,676,646,51.1,0.7,10.4,89.0,99.3,50.9,49.1,23:42,17:51,13,66,4.2,230,38.3,jonesse01
409,Mathieu Joseph,28,TOT,RW,51,457,501,47.7,-2.2,319,340,48.4,-1.8,7.4,89.9,97.3,41.8,58.2,11:59,11:11,14,25,-1.4,86,41.9,josepma01
409,Mathieu Joseph,28,STL,RW,39,358,394,47.6,-1.3,252,273,48.0,-0.7,8.4,89.0,97.4,44.7,55.3,12:41,11:40,10,23,0.2,67,43.3,josepma01
409,Mathieu Joseph,28,LAK,RW,12,99,107,48.1,-4.6,67,67,50.0,-4.2,2.8,93.3,96.1,31.7,68.3,9:44,9:38,4,2,-1.6,19,36.8,josepma01
410,Pierre-Olivier Joseph,26,VAN,D,31,362,384,48.5,2.1,279,282,49.7,3.7,7.4,84.9,92.3,53.3,46.7,13:18,12:48,9,25,-2.5,55,40.0,joseppi01
411,Dakota Joshua,29,TOR,C,55,526,668,44.1,-0.5,377,486,43.7,-1.9,11.7,90.3,101.9,32.0,68.0,12:15,11:25,9,20,-4.8,93,55.9,joshuda01
412,Roman Josi,35,NSH,D,68,1402,1392,50.2,0.4,1023,1062,49.1,0.6,10.8,87.8,98.6,53.2,46.8,24:53,20:25,23,77,-2.8,385,47.0,josiro01
413,Tyson Jost,27,NSH,C,69,705,737,48.9,-1.1,488,548,47.1,-1.1,6.0,88.0,94.0,44.9,55.1,12:25,11:00,22,36,-4.1,172,55.2,jostty01
414,Noah Juulsen,28,PHI,D,52,495,579,46.1,-1.6,354,409,46.4,-2.3,12.3,89.3,101.6,57.2,42.8,13:49,12:20,10,53,0.9,84,31.0,juulsno01
415,Nazem Kadri,35,TOT,C,77,1300,1182,52.4,0.7,903,878,50.7,-0.9,7.4,87.6,95.0,63.9,36.1,19:02,15:44,20,75,0.1,440,48.4,kadrina01
415,Nazem Kadri,35,CGY,C,61,1043,985,51.4,1.7,715,723,49.7,-0.1,7.2,87.6,94.8,66.5,33.5,19:22,16:08,19,64,-2.3,358,48.9,kadrina01
415,Nazem Kadri,35,COL,C,16,257,197,56.6,-2.2,188,155,54.8,-3.1,8.2,87.5,95.7,51.8,48.2,17:48,14:12,1,11,2.5,82,46.3,kadrina01
416,Wyatt Kaiser,23,CHI,D,77,1085,1312,45.3,-1.1,817,1009,44.7,-1.3,10.4,89.0,99.4,50.6,49.4,19:37,17:39,36,89,-18.4,175,42.9,kaisewy01
417,Kaapo Kakko,24,SEA,RW,65,747,861,46.5,0.8,544,631,46.3,0.2,12.4,92.7,105.1,61.5,38.5,14:15,12:48,19,43,-0.7,156,50.0,kakkoka01
418,Arthur Kaliyev,24,OTT,RW,2,29,24,54.7,2.2,20,18,52.6,2.2,0.0,100.0,100.0,50.0,50.0,10:37,9:27,0,2,-0.3,8,50.0,kaliyar01
419,David Kämpf,31,TOT,C,40,453,487,48.2,-0.4,340,361,48.5,1.5,5.6,88.4,93.9,37.9,62.1,14:44,13:14,6,18,-2.0,65,55.4,kampfda01
419,David Kämpf,31,VAN,C,38,442,462,48.9,0.3,333,343,49.3,2.4,5.7,88.4,94.1,37.8,62.2,15:02,13:27,6,18,-1.3,65,55.4,kampfda01
419,David Kämpf,31,WSH,C,2,11,25,30.6,-18.1,7,18,28.0,-23.0,0.0,87.5,87.5,40.0,60.0,9:04,9:03,0,0,-0.7,0,,kampfda01
420,Evander Kane,34,VAN,LW,71,998,1130,46.9,0.0,726,844,46.2,-0.5,9.5,89.2,98.6,53.7,46.3,16:25,14:49,17,75,-13.0,356,48.0,kaneev01
421,Patrick Kane,37,DET,RW,67,1059,981,51.9,4.4,804,679,54.2,6.2,9.8,88.3,98.1,56.5,43.5,17:42,14:31,9,67,11.3,314,53.8,kanepa01
422,Kasperi Kapanen,29,EDM,RW,41,456,542,45.7,-5.7,350,360,49.3,-2.5,10.2,91.4,101.6,49.6,50.4,14:35,13:20,7,25,-0.8,112,58.0,kapanka01
423,Oliver Kapanen,22,MTL,C,82,815,1086,42.9,-7.6,613,767,44.4,-6.8,14.6,90.1,104.7,57.4,42.6,14:29,11:56,14,38,-8.5,231,56.7,kapanol01
424,Kirill Kaprizov,28,MIN,LW,78,1432,1351,51.5,4.7,1066,1005,51.5,3.7,12.0,89.5,101.5,58.6,41.4,22:09,18:08,22,112,4.6,534,50.2,kapriki01
425,Erik Karlsson,35,PIT,D,75,1455,1244,53.9,5.6,1048,938,52.8,3.4,12.0,88.1,100.1,56.7,43.3,23:36,18:23,37,102,11.9,471,37.4,karlser01
426,Linus Karlsson,26,VAN,C,79,838,779,51.8,6.4,611,571,51.7,6.8,10.4,82.8,93.2,49.6,50.4,12:31,11:08,15,49,-1.2,213,54.5,karlsli01
427,William Karlsson,33,VEG,C,14,181,171,51.4,1.5,126,112,52.9,2.9,5.6,91.8,97.3,44.4,55.6,15:09,12:49,3,11,2.1,48,62.5,karlswi01
428,Tye Kartye,24,TOT,F,64,587,637,48.0,1.2,396,450,46.8,0.4,12.0,88.4,100.4,33.9,66.1,11:58,10:37,17,30,-7.4,136,41.2,kartyty01
428,Tye Kartye,24,SEA,F,40,330,363,47.6,2.5,226,257,46.8,1.7,8.3,89.7,98.0,26.8,73.2,10:42,9:32,9,19,-6.5,75,38.7,kartyty01
428,Tye Kartye,24,NYR,F,24,257,274,48.4,-1.5,170,193,46.8,-2.0,17.0,86.8,103.7,40.2,59.8,14:04,12:25,8,11,-0.9,61,44.3,kartyty01
429,Aleksanteri Kaskimaki,21,STL,C,5,38,49,43.7,-3.4,29,34,46.0,-0.8,4.8,69.6,74.3,60.0,40.0,10:24,9:51,0,2,-2.0,8,75.0,kaskial01
430,Marco Kasper,21,DET,C,81,956,987,49.2,0.1,715,695,50.7,0.9,6.6,89.1,95.7,43.4,56.6,13:48,12:16,14,55,-4.0,239,54.8,kaspema01
431,Mark Kastelic,26,BOS,C,82,814,908,47.3,-1.7,579,636,47.7,-1.5,9.2,93.1,102.3,34.0,66.0,12:37,10:29,30,42,-9.3,219,45.7,kastema01
432,Boris Katchouk,27,TBL,LW,3,32,23,58.2,2.1,23,17,57.5,-2.0,7.7,90.0,97.7,75.0,25.0,12:11,10:32,0,0,0.5,1,0.0,katchbo01
433,Clayton Keller,27,UTA,C,82,1396,1031,57.5,6.2,1020,747,57.7,6.8,12.4,86.9,99.4,66.3,33.7,19:05,15:47,26,105,25.1,426,52.8,kellecl01
434,Parker Kelly,26,COL,F,82,952,736,56.4,0.1,648,508,56.1,0.5,10.1,91.1,101.2,43.3,56.7,12:42,10:33,15,48,13.4,203,51.2,kellypa01
435,Joakim Kemell,21,NSH,RW,16,118,183,39.2,-7.7,84,130,39.3,-5.9,10.5,93.6,104.1,37.1,62.9,10:25,9:13,4,5,-1.0,34,35.3,kemeljo01
436,Adrian Kempe,29,LAK,LW,81,1321,1205,52.3,0.6,919,851,51.9,0.4,12.6,90.3,102.8,56.7,43.3,19:18,15:42,24,67,1.4,508,44.5,kempead01
437,Alexander Kerfoot,31,UTA,C,34,363,329,52.5,-1.8,242,227,51.6,-1.4,13.1,87.2,100.3,40.1,59.9,12:47,10:52,6,26,-1.6,63,44.4,kerfoal01
438,Rory Kerins,23,CGY,C,4,52,63,45.2,-3.8,35,46,43.2,-7.5,0.0,96.7,96.7,55.2,44.8,14:60,13:20,1,2,-0.6,6,16.7,kerinro01
439,Matthew Kessel,25,STL,D,29,262,317,45.3,-0.2,199,231,46.3,1.0,9.8,92.7,102.4,55.1,44.9,12:32,12:08,1,15,-3.9,43,46.5,kessema01
440,Michael Kesselring,26,BUF,D,34,413,445,48.1,0.6,313,314,49.9,1.6,9.4,91.3,100.7,51.1,48.9,13:24,12:34,7,38,-2.8,102,45.1,kessemi01
441,Marat Khusnutdinov,23,BOS,C,77,888,972,47.7,-1.4,638,714,47.2,-2.3,12.6,91.3,103.9,50.9,49.1,14:30,12:50,21,47,-2.5,147,53.1,khusnma01
442,Matt Kiersted,27,MIN,D,6,60,90,40.0,-5.4,44,65,40.4,-9.0,10.7,92.1,102.8,45.6,54.4,15:44,13:44,0,10,-1.8,5,80.0,kiersma01
443,Alex Killorn,36,ANA,C/LW,82,1116,1010,52.5,0.0,813,740,52.4,-0.3,9.1,89.2,98.4,48.9,51.1,16:42,12:56,21,64,4.9,261,56.7,killoal01
444,Benjamin Kindel,18,PIT,C,77,1017,892,53.3,3.4,727,632,53.5,3.1,8.3,89.1,97.3,56.6,43.4,15:04,12:36,25,83,9.6,286,52.8,kindebe01
445,Justin Kirkland,29,CGY,LW,20,159,157,50.3,-0.7,101,95,51.5,2.6,9.2,91.9,101.2,43.9,56.1,9:49,8:10,3,14,-0.3,29,37.9,kirklju01
446,Joel Kiviranta,29,COL,F,51,537,390,57.9,2.0,375,275,57.7,3.0,8.2,92.5,100.6,41.4,58.6,10:22,9:16,8,17,5.4,92,54.3,kivirjo01
447,Adam Klapka,25,CGY,F,79,733,809,47.5,-1.6,497,555,47.2,-1.3,8.0,89.9,98.0,48.1,51.9,10:38,10:12,14,36,-7.5,182,44.0,klapkad01
448,Tyler Kleven,24,OTT,D,70,1038,932,52.7,-0.1,768,655,54.0,0.7,8.6,89.8,98.4,52.1,47.9,17:21,15:41,30,82,7.7,194,46.4,klevety01
449,John Klingberg,33,SJS,D,56,932,955,49.4,5.0,668,719,48.2,4.0,12.3,87.7,100.0,52.9,47.1,20:28,17:28,13,76,-4.3,225,35.1,klingjo01
450,Matthew Knies,23,TOR,LW,79,1005,1335,42.9,-2.4,735,967,43.2,-2.8,11.7,87.5,99.2,52.0,48.0,18:48,14:59,26,68,-16.6,241,58.1,kniesma01
451,Cole Koepke,27,WPG,LW,66,496,573,46.4,-2.8,362,418,46.4,-2.5,8.0,92.9,100.9,36.6,63.4,10:28,8:40,14,30,-5.5,166,51.8,koepkco01
452,Ville Koivunen,22,PIT,RW,39,505,379,57.1,8.0,348,270,56.3,7.1,5.0,87.9,92.9,66.1,33.9,12:44,11:48,11,18,5.9,86,41.9,koivuvi01
453,Keegan Kolesar,28,VEG,RW,82,790,789,50.0,-2.7,560,556,50.2,-2.8,7.7,87.5,95.2,40.8,59.2,11:32,10:53,6,39,1.1,140,47.9,koleske01
454,Vladislav Kolyachonok,24,TOT,D,13,144,152,48.6,2.7,97,108,47.3,2.5,7.5,95.7,103.2,50.6,49.4,12:32,12:13,3,4,1.5,24,50.0,kolyavl01
454,Vladislav Kolyachonok,24,DAL,D,11,127,121,51.2,5.7,83,85,49.4,4.9,8.6,96.3,104.9,54.0,46.0,12:37,12:14,2,1,1.0,19,52.6,kolyavl01
454,Vladislav Kolyachonok,24,BOS,D,2,17,31,35.4,-13.5,14,23,37.8,-8.4,0.0,93.8,93.8,37.5,62.5,12:06,12:05,1,3,0.5,5,40.0,kolyavl01
455,Travis Konecny,28,PHI,RW,77,1088,1201,47.5,-0.9,790,869,47.6,-2.1,13.4,90.3,103.7,51.3,48.7,19:05,15:24,17,101,1.4,327,51.7,konectr01
456,Anže Kopitar,38,LAK,C,67,1068,961,52.6,1.4,753,659,53.3,2.4,12.1,91.9,104.0,56.0,44.0,19:07,15:25,23,58,5.1,212,47.6,kopitan01
457,Joona Koppanen,27,PIT,LW,13,127,130,49.4,-2.0,86,90,48.9,-2.5,8.5,90.0,98.5,25.3,74.7,12:08,10:32,4,5,-2.1,18,38.9,koppajo01
458,Kevin Korchinski,21,CHI,D,13,130,144,47.4,3.6,95,110,46.3,2.5,10.3,87.3,97.7,56.1,43.9,13:38,13:34,2,13,-1.8,17,41.2,korchke01
459,Kaedan Korczak,25,VEG,D,78,1117,1043,51.7,-0.1,790,711,52.6,0.9,10.6,89.0,99.6,53.6,46.4,15:58,15:29,11,90,12.7,155,38.7,korczka01
460,Jesperi Kotkaniemi,25,CAR,C,42,460,385,54.4,-3.6,310,269,53.5,-2.6,10.3,91.2,101.5,60.8,39.2,11:21,10:56,3,32,-1.2,80,52.5,kotkaje01
461,Johnathan Kovacevic,28,NJD,D,34,523,503,51.0,-1.6,397,372,51.6,-0.3,9.8,89.3,99.1,39.7,60.3,17:52,16:14,9,28,0.8,78,38.5,kovacjo01
462,Tyson Kozak,23,BUF,C,46,358,529,40.4,-10.6,253,369,40.7,-10.2,7.6,93.5,101.1,26.5,73.5,11:17,10:17,12,29,-8.4,54,55.6,kozakty01
463,Peyton Krebs,25,BUF,C,82,1051,1130,48.2,-1.1,776,835,48.2,-1.7,12.1,90.6,102.7,43.0,57.0,13:46,13:33,22,58,-5.1,182,51.1,krebspe01
464,Chris Kreider,34,ANA,LW,75,1201,930,56.4,4.8,879,695,55.8,4.0,11.5,85.5,97.0,62.7,37.3,17:03,13:14,17,68,9.3,286,48.6,kreidch01
465,Nikita Kucherov,32,TBL,RW,76,1431,1105,56.4,5.6,1074,838,56.2,6.4,16.1,88.4,104.5,59.9,40.1,20:20,16:04,21,124,16.3,533,43.3,kucheni01
466,Kirill Kudryavtsev,21,VAN,D,3,32,42,43.2,8.3,26,30,46.4,15.9,15.0,94.1,109.1,48.0,52.0,15:38,15:36,0,1,0.3,9,44.4,kudryki01
467,Brett Kulak,32,TOT,D,83,1300,1363,48.8,-7.0,936,974,49.0,-6.6,8.3,90.4,98.7,49.9,50.1,18:58,17:29,14,64,-3.6,222,42.8,kulakbr01
467,Brett Kulak,32,EDM,D,31,401,467,46.2,-5.9,274,322,46.0,-6.5,9.6,87.0,96.6,45.9,54.1,17:42,16:14,5,18,-2.5,87,37.9,kulakbr01
467,Brett Kulak,32,COL,D,27,461,433,51.6,-8.8,333,317,51.2,-8.1,5.0,94.6,99.5,45.3,54.7,19:08,17:37,6,24,-0.4,67,49.3,kulakbr01
467,Brett Kulak,32,PIT,D,25,438,463,48.6,-7.1,329,335,49.5,-5.8,10.7,89.8,100.6,58.0,42.0,20:20,18:54,3,22,-0.7,68,42.6,kulakbr01
468,Jiri Kulich,21,BUF,C,12,196,190,50.8,3.3,129,132,49.4,1.6,8.1,87.9,96.1,54.5,45.5,16:22,14:42,1,10,-2.0,43,46.5,kulicji01
469,Dmitry Kulikov,35,FLA,D,19,285,267,51.6,-1.3,216,216,50.0,-2.0,8.4,90.2,98.6,50.6,49.4,18:02,16:18,4,18,-3.7,38,39.5,kulikdm01
470,Luke Kunin,28,FLA,C,62,441,538,45.0,-7.9,316,370,46.1,-5.6,9.9,89.4,99.2,49.2,50.8,9:41,8:37,3,22,-4.7,102,48.0,kuninlu01
471,Trevor Kuntar,24,BUF,C,1,2,11,15.4,-19.4,1,10,9.1,-30.0,,85.7,,0.0,100.0,5:12,5:12,0,0,-0.5,1,0.0,kuntatr01
472,Sean Kuraly,33,BOS,C,82,870,887,49.5,1.1,622,612,50.4,2.0,8.4,91.1,99.6,31.6,68.4,13:20,10:33,18,57,-3.7,198,55.6,kuralse01
473,Philipp Kurashev,26,SJS,C,43,474,547,46.4,1.4,313,399,44.0,-0.2,12.9,89.4,102.3,36.1,63.9,15:29,13:02,8,32,-0.5,113,54.9,kurasph01
474,Andrei Kuzmenko,29,LAK,F,52,641,558,53.5,1.4,438,400,52.3,1.2,8.4,88.7,97.1,57.1,42.9,14:55,11:55,10,49,6.4,173,39.9,kuzmean01
475,Yan Kuznetsov,23,CGY,D,57,1036,1129,47.9,-1.5,730,778,48.4,-0.1,7.0,90.7,97.6,52.3,47.7,20:05,18:16,9,61,-8.5,135,47.4,kuzneya01
476,Jordan Kyrou,27,STL,C,72,967,798,54.8,8.7,698,586,54.4,8.6,9.9,87.4,97.3,65.8,34.2,15:44,13:33,22,53,12.6,359,48.2,kyroujo01
477,Zachary L'Heureux,22,NSH,LW,25,255,299,46.0,-0.3,183,212,46.3,2.2,7.0,96.1,103.0,37.0,63.0,13:23,11:06,5,16,0.7,64,50.0,lheurza01
478,Noah Laba,22,NYR,C,74,722,857,45.7,-4.3,493,579,46.0,-2.6,9.9,92.6,102.5,43.7,56.3,13:28,11:44,12,39,-3.3,142,51.4,labano01
479,Joseph LaBate,32,VAN,C,1,9,13,40.9,-14.8,6,7,46.2,-8.9,0.0,66.7,66.7,33.3,66.7,9:32,9:32,0,0,0.0,3,66.7,labatjo01
480,Shane Lachance,22,NJD,LW,1,4,11,26.7,-20.4,4,6,40.0,-7.9,0.0,100.0,100.0,75.0,25.0,7:25,7:25,0,0,-0.2,0,,lachash01
481,Jackson LaCombe,25,ANA,D,82,1734,1483,53.9,2.2,1274,1092,53.8,2.0,10.7,86.9,97.5,49.4,50.6,24:15,19:22,52,110,9.1,349,44.7,lacomja01
482,Tanner Laczynski,28,VEG,C,10,94,96,49.5,-1.2,65,68,48.9,-1.2,11.4,89.1,100.5,44.7,55.3,10:46,9:59,3,5,-1.2,24,50.0,laczyta01
483,Alex Laferriere,24,LAK,RW,82,1292,1156,52.8,1.3,901,847,51.5,-0.1,9.2,91.4,100.6,46.3,53.7,18:19,14:58,22,85,-2.3,456,45.8,laferal01
484,Sam Lafferty,30,CHI,C/LW,29,172,191,47.4,2.1,121,148,45.0,-0.6,8.8,90.4,99.2,54.5,45.5,8:36,8:35,2,15,-2.7,20,45.0,laffesa01
485,Alexis Lafrenière,24,NYR,LW,82,1260,1105,53.3,5.9,898,818,52.3,5.9,11.5,88.1,99.6,56.9,43.1,17:36,15:10,25,51,6.1,330,49.7,lafreal01
486,Patrik Laine,27,MTL,RW,5,33,56,37.1,-15.8,16,35,31.4,-23.1,12.5,83.3,95.8,25.0,75.0,12:36,10:10,0,2,-0.9,20,30.0,lainepa01
487,Brad Lambert,22,WPG,C,25,201,230,46.6,-2.5,150,166,47.5,-1.6,6.5,89.1,95.6,51.9,48.1,10:48,9:26,2,16,-0.4,50,54.0,lambebr01
488,Carson Lambos,23,MIN,D,1,11,6,64.7,17.3,9,3,75.0,25.0,16.7,100.0,116.7,60.0,40.0,10:16,9:02,0,2,0.7,2,50.0,lamboca01
489,Juho Lammikko,30,NJD,RW,24,176,237,42.6,-9.0,123,172,41.7,-9.5,5.7,92.1,97.9,51.3,48.7,9:53,9:48,2,4,-3.5,25,60.0,lammiju01
490,Maveric Lamoureux,22,UTA,D,5,67,77,46.5,-1.3,49,50,49.5,1.5,16.7,96.9,113.5,44.0,56.0,14:39,14:39,2,4,0.0,10,40.0,lamouma01
491,Gabriel Landeskog,33,COL,LW,60,978,804,54.9,-1.4,714,581,55.1,-0.7,12.5,92.7,105.2,51.2,48.8,16:25,13:52,15,41,9.4,250,52.8,landega01
492,Hendrix Lapierre,23,WSH,C,74,648,571,53.2,4.2,452,387,53.9,4.0,9.3,90.3,99.6,50.6,49.4,8:50,8:42,7,34,6.1,104,51.0,lapiehe01
493,Nick Lardis,20,CHI,LW,41,375,432,46.5,0.8,278,322,46.3,1.4,8.4,83.9,92.3,58.9,41.1,12:40,11:14,5,19,-6.7,121,47.1,lardini01
494,Dylan Larkin,29,DET,C,74,1156,1102,51.2,3.0,834,790,51.4,2.1,11.2,88.6,99.9,44.2,55.8,20:11,15:24,18,67,-1.2,451,50.6,larkidy01
495,Adam Larsson,33,SEA,D,82,1330,1665,44.4,-1.7,960,1189,44.7,-1.7,10.3,91.0,101.3,43.4,56.6,21:22,18:46,16,53,-13.0,220,48.2,larssad01
496,Scott Laughton,31,TOT,C,64,629,845,42.7,-6.4,472,587,44.6,-4.8,8.4,91.6,100.0,19.7,80.3,14:21,11:59,14,59,-6.9,180,52.8,laughsc01
496,Scott Laughton,31,TOR,C,43,364,558,39.5,-7.5,282,396,41.6,-5.4,9.2,91.9,101.1,16.9,83.1,13:40,11:21,10,32,-7.1,98,54.1,laughsc01
496,Scott Laughton,31,LAK,C,21,265,287,48.0,-5.5,190,191,49.9,-4.8,7.3,91.1,98.3,23.9,76.1,15:46,13:17,4,27,0.2,82,51.2,laughsc01
497,Jeremy Lauzon,28,VEG,D,68,954,928,50.7,-2.5,690,662,51.0,-2.4,10.2,87.3,97.5,49.2,50.8,17:11,15:15,11,45,4.8,176,41.5,lauzoje01
498,Raphael Lavoie,25,VEG,C,1,11,8,57.9,9.0,5,7,41.7,-10.3,0.0,100.0,100.0,60.0,40.0,8:34,8:34,0,1,-0.3,2,0.0,lavoira01
499,Curtis Lazar,30,EDM,C/RW,45,286,349,45.0,-6.9,209,259,44.7,-8.5,8.0,91.2,99.2,32.9,67.1,8:55,8:21,3,9,-0.9,71,42.3,lazarcu01
500,Brett Leason,26,WSH,RW,6,44,28,61.1,9.5,33,23,58.9,5.6,0.0,88.2,88.2,40.6,59.4,8:35,8:15,0,1,-0.2,4,25.0,leasobr01
501,Nick Leddy,34,SJS,D,32,429,513,45.5,-3.3,301,377,44.4,-3.3,10.0,87.8,97.7,54.9,45.1,17:52,16:34,5,21,-5.0,51,31.4,leddyni01
502,Anders Lee,35,NYI,LW,82,1267,1167,52.1,3.6,910,852,51.6,2.5,10.4,89.3,99.8,56.3,43.7,15:38,13:52,10,60,9.2,369,53.9,leean01
503,Andre Lee,25,LAK,LW,7,63,51,55.3,0.3,38,38,50.0,-3.1,8.7,83.3,92.0,52.9,47.1,10:17,10:16,3,2,-0.3,14,35.7,leean02
504,Nathan Legare,25,NJD,RW,1,4,14,22.2,-26.3,2,7,22.2,-27.8,0.0,100.0,100.0,75.0,25.0,8:15,8:15,0,0,-0.5,0,,legarna01
505,Charles-Alexis Legault,22,CAR,D,12,162,123,56.8,1.4,116,91,56.0,1.8,10.0,96.9,106.9,56.2,43.8,14:18,13:17,7,13,-0.3,33,36.4,legauch01
506,Artturi Lehkonen,30,COL,LW,70,1231,1019,54.7,-1.9,875,759,53.5,-3.0,12.9,92.5,105.5,57.1,42.9,18:29,14:59,13,45,17.5,293,52.2,lehkoar01
507,Jonathan Lekkerimäki,21,VAN,RW,13,82,145,36.1,-10.2,55,104,34.6,-11.7,9.4,92.8,102.1,68.4,31.6,11:41,9:55,1,7,-4.5,26,38.5,lekkejo01
508,John Leonard,27,DET,LW,11,104,126,45.2,-0.4,76,88,46.3,-0.8,4.4,89.6,94.0,50.7,49.3,11:30,10:20,2,13,-0.4,30,36.7,leonajo01
509,Ryan Leonard,21,WSH,RW,75,832,939,47.0,-3.2,608,650,48.3,-2.8,11.7,91.2,102.8,46.2,53.8,14:25,12:04,14,72,0.6,327,46.8,leonary01
510,Kris Letang,38,PIT,D,74,1380,1427,49.2,-2.1,992,1037,48.9,-2.9,11.7,88.9,100.6,58.8,41.2,21:41,18:60,26,99,-4.0,255,40.8,letankr01
511,Artyom Levshunov,20,CHI,D,68,976,1158,45.7,-0.1,707,913,43.6,-2.3,8.2,87.9,96.1,60.6,39.4,19:35,16:19,16,88,-22.7,220,38.2,levshar01
512,Timothy Liljegren,26,TOT,D,47,617,869,41.5,-3.8,432,611,41.4,-3.4,11.2,89.3,100.5,38.0,62.0,19:51,16:54,9,50,-2.0,113,34.5,liljeti01
512,Timothy Liljegren,26,SJS,D,43,559,799,41.2,-3.6,388,560,40.9,-3.2,11.8,88.8,100.6,36.6,63.4,20:08,16:56,6,47,-1.9,98,34.7,liljeti01
512,Timothy Liljegren,26,WSH,D,4,58,70,45.3,-5.7,44,51,46.3,-5.2,4.3,96.3,100.6,55.6,44.4,16:55,16:29,3,3,0.0,15,33.3,liljeti01
513,Esa Lindell,31,DAL,D,82,1239,1338,48.1,0.7,902,920,49.5,2.1,13.5,91.0,104.5,45.8,54.2,23:14,18:33,30,112,9.7,194,42.8,lindees01
514,Ryan Lindgren,27,SEA,D,76,1013,1263,44.5,-1.9,716,907,44.1,-2.9,10.1,91.9,102.0,42.5,57.5,18:20,15:45,16,78,-13.6,156,30.8,lindgry01
515,Elias Lindholm,31,BOS,C,69,932,1055,46.9,-2.5,650,760,46.1,-3.8,12.6,88.4,101.0,51.4,48.6,17:53,14:10,17,52,-7.6,260,43.8,lindhel01
516,Hampus Lindholm,32,BOS,D,67,1133,1155,49.5,2.2,808,822,49.6,2.3,11.0,90.3,101.3,45.9,54.1,21:37,17:29,25,80,-6.0,248,40.3,lindhha01
517,Theo Lindstein,21,STL,D,17,253,228,52.6,3.8,176,162,52.1,4.9,8.7,95.2,103.9,47.6,52.4,15:46,15:16,1,9,4.0,50,40.0,lindsth01
518,Jake Livanavage,21,PIT,D,1,12,24,33.3,-23.0,10,19,34.5,-19.0,16.7,76.9,93.6,25.0,75.0,25:14,22:22,0,1,-0.6,2,0.0,livanja01
519,Blake Lizotte,28,PIT,C,55,619,596,50.9,0.6,437,422,50.9,-0.2,10.2,91.6,101.8,15.0,85.0,13:52,11:20,12,32,1.2,106,46.2,lizotbl01
520,Mason Lohrei,25,BOS,D,73,1046,1160,47.4,-1.2,736,832,46.9,-2.1,10.5,93.8,104.4,52.4,47.6,16:54,15:25,20,93,-3.9,200,36.5,lohrema01
521,Ryan Lomberg,31,CGY,LW,57,476,519,47.8,-3.4,328,336,49.4,-0.5,7.1,91.6,98.7,40.0,60.0,9:03,8:59,3,18,-5.9,99,53.5,lombery01
522,Steven Lorentz,29,TOR,C/LW,71,539,715,43.0,-2.8,407,511,44.3,-1.5,10.0,90.6,100.6,26.2,73.8,11:52,9:37,17,34,-5.2,123,56.9,lorenst01
523,Adam Lowry,32,WPG,LW,70,812,788,50.8,1.3,584,587,49.9,0.5,8.6,89.0,97.6,39.0,61.0,14:58,13:07,18,36,-0.9,161,44.1,lowryad01
524,Jett Luchanko,19,PHI,F,4,22,24,47.8,-0.1,17,16,51.5,4.3,0.0,72.7,72.7,75.0,25.0,8:58,8:52,0,1,-0.3,2,50.0,luchaje01
525,Matt Luff,28,STL,RW,5,36,40,47.4,1.6,26,31,45.6,-0.1,5.6,86.4,91.9,57.1,42.9,9:08,8:59,2,0,-1.1,7,71.4,luffma01
526,Anton Lundell,24,FLA,C,64,909,821,52.5,0.1,668,639,51.1,-1.0,11.2,86.6,97.8,49.3,50.7,19:09,14:21,14,64,-1.3,281,48.8,lundean01
527,Isac Lundeström,26,CBJ,C,68,578,730,44.2,-7.8,408,526,43.7,-7.9,9.7,91.4,101.1,34.6,65.4,12:23,10:54,8,38,-9.2,88,60.2,lundeis01
528,Nils Lundkvist,25,DAL,D,52,710,754,48.5,-0.4,507,528,49.0,-0.8,11.4,92.4,103.8,44.4,55.6,16:29,16:17,8,49,5.3,128,35.9,lundkni01
529,Simon Lundmark,25,TBL,D,1,12,16,42.9,-15.2,11,12,47.8,-4.6,14.3,100.0,114.3,60.0,40.0,16:45,16:45,0,0,-0.5,1,100.0,lundmsi01
530,Tristan Luneau,22,ANA,D,1,22,7,75.9,19.8,14,5,73.7,14.5,22.2,100.0,122.2,62.5,37.5,11:37,11:37,0,0,0.5,3,66.7,luneatr01
531,Eetu Luostarinen,27,FLA,C,73,955,845,53.1,1.8,680,619,52.3,2.0,12.6,87.7,100.3,47.4,52.6,16:34,13:33,20,45,3.2,200,53.5,luostee01
532,Olle Lycksell,26,OTT,RW,7,55,70,44.0,-13.6,34,46,42.5,-16.2,11.1,84.8,96.0,70.0,30.0,9:53,9:52,1,1,-0.7,10,70.0,lycksol01
533,Ilya Lyubushkin,31,DAL,D,53,542,739,42.3,-6.5,394,503,43.9,-5.3,9.4,92.2,101.6,36.4,63.6,15:44,14:15,9,46,-3.8,69,47.8,lyubuil01
534,Olli Määttä,31,TOT,D,43,581,622,48.3,-2.0,424,443,48.9,-1.0,10.6,86.8,97.4,49.9,50.1,17:13,15:52,13,50,0.9,69,49.3,maattol01
534,Olli Määttä,31,UTA,D,22,244,206,54.2,-0.7,172,146,54.1,-1.0,7.5,85.7,93.2,53.7,46.3,12:10,12:06,5,16,2.0,23,43.5,maattol01
534,Olli Määttä,31,CGY,D,21,337,416,44.8,0.0,252,297,45.9,1.9,12.6,87.3,99.9,47.8,52.2,22:30,19:47,8,34,-1.1,46,52.2,maattol01
535,Matias Maccelli,25,TOR,LW,71,815,921,46.9,2.3,624,667,48.3,3.8,10.9,86.2,97.1,58.2,41.8,14:34,12:50,15,67,-3.7,176,51.1,maccema01
536,Kurtis MacDermid,31,OTT,LW/D,19,54,99,35.3,-18.1,42,68,38.2,-16.4,5.6,84.6,90.2,67.4,32.6,4:12,4:10,0,2,-1.6,5,80.0,macdeku01
537,Mackenzie MacEachern,31,VAN,LW,8,64,91,41.3,-3.0,45,68,39.8,-3.8,18.5,87.5,106.0,37.5,62.5,10:11,10:09,1,3,-1.7,10,60.0,maceama01
538,Zack MacEwen,29,NJD,C,3,22,7,75.9,15.1,16,4,80.0,17.1,0.0,100.0,100.0,81.8,18.2,6:20,6:20,1,2,0.6,7,57.1,macewza01
539,Connor Mackey,29,NYR,D,3,29,29,50.0,5.5,23,24,48.9,5.8,0.0,83.3,83.3,30.0,70.0,12:47,12:34,0,3,-0.4,7,28.6,mackeco01
540,Nathan MacKinnon,30,COL,C,80,1837,1350,57.6,2.2,1308,1017,56.3,1.0,14.2,91.0,105.2,64.0,36.0,22:16,17:55,25,165,29.1,600,58.7,mackina01
541,Kyle MacLean,26,NYI,F,59,493,554,47.1,-2.5,364,370,49.6,-0.2,6.0,91.1,97.1,48.3,51.7,10:31,10:20,8,30,-0.4,95,45.3,macleky01
542,Josh Mahura,27,SEA,D,23,253,363,41.1,-5.2,186,256,42.1,-3.9,13.4,95.4,108.8,42.6,57.4,15:40,14:22,2,13,-3.5,41,36.6,mahurjo01
543,Logan Mailloux,22,STL,D,67,899,961,48.3,-0.6,628,715,46.8,-2.4,10.1,88.8,98.9,55.7,44.3,16:46,15:27,18,68,-3.0,189,42.3,mailllo01
544,Cale Makar,27,COL,D,75,1653,1368,54.7,-2.7,1184,1019,53.7,-3.3,12.3,91.3,103.7,61.3,38.7,24:51,18:43,40,86,14.5,546,36.4,makarca01
545,Taylor Makar,24,COL,LW,12,74,74,50.0,-8.2,50,55,47.6,-10.1,3.3,97.1,100.4,59.4,40.6,6:13,6:13,1,1,-1.0,15,46.7,makarta01
546,Beck Malenstyn,27,BUF,LW,81,630,753,45.6,-4.0,461,526,46.7,-3.2,7.9,91.3,99.2,25.6,74.4,11:15,9:26,12,35,-4.4,138,52.2,malenbe01
547,Sam Malinski,27,COL,D,82,1649,1158,58.7,3.6,1174,828,58.6,4.4,9.6,94.1,103.7,51.6,48.4,17:37,16:38,23,76,32.0,414,39.6,malinsa01
548,Evgeni Malkin,39,PIT,C,56,794,788,50.2,1.1,599,588,50.5,1.0,13.8,89.8,103.6,69.2,30.8,17:36,14:26,29,88,9.5,239,61.5,malkiev01
549,Jeff Malott,29,LAK,F,58,540,497,52.1,0.6,376,330,53.3,2.2,7.9,87.5,95.4,44.3,55.7,8:49,8:45,8,18,3.1,126,42.9,malotje01
550,Victor Mancini,23,VAN,D,24,222,367,37.7,-7.4,155,263,37.1,-7.6,8.6,88.3,96.8,51.5,48.5,13:44,13:19,1,14,-9.3,32,43.8,mancivi01
551,Andrew Mangiapane,29,TOT,LW,62,653,669,49.4,-0.7,456,479,48.8,-2.1,9.1,84.7,93.8,50.4,49.6,12:29,12:02,8,36,-4.4,131,44.3,mangian01
551,Andrew Mangiapane,29,EDM,LW,52,565,564,50.0,-0.8,394,405,49.3,-2.3,8.9,84.2,93.1,53.3,46.7,12:36,12:04,7,33,-3.6,111,45.9,mangian01
551,Andrew Mangiapane,29,CHI,LW,10,88,105,45.6,-0.7,62,74,45.6,-1.5,10.3,87.2,97.5,34.9,65.1,11:54,11:47,1,3,-0.8,20,35.0,mangian01
552,Josh Manson,34,COL,D,79,1448,1108,56.7,0.6,1037,795,56.6,1.5,12.0,91.3,103.2,44.4,55.6,17:47,15:45,26,83,13.5,260,49.2,mansojo01
553,Anthony Mantha,31,PIT,RW,81,1014,1033,49.5,-0.8,734,734,50.0,-0.6,14.2,87.8,102.0,65.6,34.4,15:11,12:53,20,82,7.0,281,54.1,manthan01
554,Brad Marchand,37,FLA,LW,52,733,713,50.7,-1.6,532,563,48.6,-3.6,12.8,85.4,98.2,52.6,47.4,17:44,12:59,15,56,-6.9,275,49.8,marchbr03
555,Kirill Marchenko,25,CBJ,RW,76,1296,1142,53.2,3.7,956,840,53.2,4.0,9.9,91.1,100.9,66.5,33.5,18:57,15:52,45,95,6.6,446,48.9,marchki01
556,Jonathan Marchessault,35,NSH,C,62,814,897,47.6,-2.7,588,693,45.9,-2.8,10.4,87.9,98.3,53.5,46.5,16:42,13:54,15,64,-7.0,265,49.8,audymjo01
557,Mason Marchment,30,TOT,F,68,1005,934,51.8,4.0,713,671,51.5,3.5,11.4,92.0,103.4,62.8,37.2,17:22,15:03,29,86,6.2,262,45.4,marchma01
557,Mason Marchment,30,CBJ,F,39,633,515,55.1,6.7,466,372,55.6,7.1,12.9,92.3,105.3,69.1,30.9,17:41,14:58,20,47,9.0,153,47.7,marchma01
557,Mason Marchment,30,SEA,F,29,372,419,47.0,0.1,247,299,45.2,-2.2,8.4,91.6,100.0,52.5,47.5,16:57,15:10,9,39,-2.7,109,42.2,marchma01
558,John Marino,28,UTA,D,80,1457,1225,54.3,1.7,1033,902,53.4,0.6,14.0,91.2,105.2,48.6,51.4,20:12,18:28,23,89,13.4,168,32.7,marinjo01
559,Mitch Marner,28,VEG,RW,81,1268,1042,54.9,3.8,900,733,55.1,3.9,11.7,89.1,100.8,63.7,36.3,19:57,15:07,40,104,16.0,372,44.4,marnemi01
560,Brady Martin,18,NSH,C,3,19,28,40.4,-10.0,15,20,42.9,-7.1,33.3,88.9,122.2,61.9,38.1,11:25,9:54,0,4,-0.7,3,66.7,martibr02
561,Jordan Martinook,33,CAR,LW,77,1118,785,58.7,-1.9,774,574,57.4,-2.6,10.6,87.5,98.1,48.7,51.3,14:50,12:38,14,45,3.7,249,43.8,martijo01
562,Emil Martinsen Lilleberg,24,TBL,D,50,710,676,51.2,-2.8,515,498,50.8,-2.2,12.2,91.1,103.3,52.6,47.4,17:18,15:40,6,42,2.6,98,43.9,martiem01
563,Porter Martone,19,PHI,RW,9,125,109,53.4,7.2,86,74,53.8,3.9,13.1,93.2,106.3,47.6,52.4,17:02,14:47,0,4,1.2,51,62.7,martopo01
564,Denton Mateychuk,21,CBJ,D,75,1277,1192,51.7,1.8,935,868,51.9,2.5,10.1,90.8,100.9,50.6,49.4,19:11,17:04,15,80,6.5,211,41.7,mateyde01
565,Mike Matheson,31,MTL,D,78,1425,1691,45.7,-4.4,1049,1203,46.6,-4.4,11.2,90.5,101.6,37.6,62.4,24:10,19:56,24,94,-7.7,267,42.7,mathemi01
566,Nikolas Matinpalo,27,OTT,D,50,587,682,46.3,-8.4,425,492,46.3,-8.8,8.5,90.8,99.3,42.4,57.6,15:38,14:05,11,38,1.7,100,37.0,matinni01
567,Auston Matthews,28,TOR,C,60,948,1098,46.3,1.5,728,806,47.5,2.0,13.1,88.2,101.3,53.6,46.4,20:48,16:52,30,51,-1.5,402,56.5,matthau01
568,Scott Mayfield,33,NYI,D,80,953,1149,45.3,-5.7,697,797,46.7,-4.5,8.9,89.2,98.2,51.2,48.8,16:28,14:51,20,68,-12.3,187,38.0,mayfisc01
569,Dysin Mayo,29,CBJ,D,3,35,13,72.9,16.6,28,10,73.7,17.1,11.8,85.7,97.5,66.7,33.3,8:24,8:24,0,0,0.4,7,71.4,mayody01
570,Carter Mazur,23,DET,LW,8,72,83,46.5,-6.8,50,57,46.7,-3.7,5.9,86.8,92.7,40.0,60.0,10:42,10:37,0,3,-2.4,7,42.9,mazurca01
571,Charlie McAvoy,28,BOS,D,69,1257,1312,48.9,-0.1,916,937,49.4,0.3,14.4,88.9,103.2,50.1,49.9,24:23,18:31,29,88,-4.2,271,41.0,mcavoch01
572,Jack McBain,26,UTA,C,75,990,855,53.7,0.9,673,620,52.0,-0.9,11.2,90.5,101.7,45.6,54.4,13:51,12:02,9,51,4.5,215,49.3,mcbaija03
573,Jake McCabe,32,TOR,D,80,1269,1634,43.7,-1.7,938,1181,44.3,-1.5,12.6,89.1,101.7,34.6,65.4,22:24,19:18,27,86,-8.3,178,43.3,mccabja01
574,Jared McCann,29,SEA,C,52,699,703,49.9,5.0,548,519,51.4,6.3,10.6,88.3,98.9,59.9,40.1,16:26,13:28,14,59,0.3,228,51.3,mccanja01
575,Michael McCarron,30,TOT,RW,79,801,873,47.8,-4.7,595,615,49.2,-2.1,6.6,89.2,95.7,28.8,71.2,14:02,11:38,24,38,-6.0,203,53.7,mccarmi01
575,Michael McCarron,30,NSH,RW,59,607,676,47.3,-5.6,446,491,47.6,-3.5,6.4,89.5,95.8,25.7,74.3,14:30,11:59,17,32,-7.1,153,56.2,mccarmi01
575,Michael McCarron,30,MIN,RW,20,194,197,49.6,-1.9,149,124,54.6,2.6,7.2,87.8,95.1,39.2,60.8,12:40,10:38,7,6,1.0,50,46.0,mccarmi01
576,Connor McDavid,29,EDM,C,82,1654,1365,54.8,7.1,1242,1027,54.7,5.9,12.7,87.6,100.3,64.2,35.8,22:59,18:19,32,134,17.9,508,60.4,mcdavco01
577,Ryan McDonagh,36,TBL,D,48,708,701,50.2,-3.6,522,494,51.4,-0.6,13.0,90.7,103.6,43.4,56.6,19:15,16:00,14,47,2.3,106,36.8,mcdonry01
578,Hunter Mcdonald,23,PHI,D,1,11,12,47.8,7.5,9,10,47.4,4.8,37.5,100.0,137.5,80.0,20.0,15:11,14:00,0,0,0.8,1,0.0,mcdonhu02
579,Hugh McGing,27,STL,LW,3,23,33,41.1,-6.9,18,25,41.9,-5.2,20.0,90.0,110.0,57.1,42.9,10:52,10:26,1,2,-0.7,5,80.0,mcginhu01
580,Rutger McGroarty,21,PIT,RW,24,282,219,56.3,6.2,199,153,56.5,6.4,9.0,84.8,93.9,61.4,38.6,11:58,11:33,4,15,1.8,63,58.7,mcgroru01
581,Dylan McIlrath,33,WSH,D,13,81,114,41.5,-8.7,56,75,42.7,-8.6,2.9,96.0,98.9,32.3,67.7,9:19,9:09,0,7,0.3,15,33.3,mcilrdy01
582,Marc McLaughlin,26,NJD,F,7,33,60,35.5,-18.9,21,39,35.0,-18.4,14.3,88.0,102.3,44.8,55.2,8:12,8:09,1,1,-1.5,6,0.0,mclauma01
583,Ryan McLeod,26,BUF,C,81,1085,1086,50.0,1.4,830,827,50.1,0.9,14.0,89.3,103.3,46.3,53.7,17:37,13:36,37,97,4.1,179,50.3,mcleory01
584,Bobby McMann,29,TOT,F,78,1080,1231,46.7,1.3,796,930,46.1,-0.2,11.5,89.5,101.0,46.1,53.9,15:56,14:46,18,44,-4.1,331,55.3,mcmanbo02
584,Bobby McMann,29,TOR,F,60,817,929,46.8,1.5,608,694,46.7,0.4,11.1,89.5,100.6,45.2,54.8,15:19,14:18,14,28,-1.2,220,56.8,mcmanbo02
584,Bobby McMann,29,SEA,F,18,263,302,46.5,0.5,188,236,44.3,-2.2,12.9,89.2,102.1,48.9,51.1,17:58,16:21,4,16,-3.0,111,52.3,mcmanbo02
585,Connor McMichael,25,WSH,C,78,986,1080,47.7,-2.5,700,766,47.7,-3.7,13.1,90.2,103.2,47.4,52.6,16:54,13:15,29,56,-3.1,250,56.8,mcmicco01
586,Brayden McNabb,35,VEG,D,63,1120,1045,51.7,-1.5,813,711,53.3,0.1,9.2,89.1,98.3,48.6,51.4,20:31,18:01,16,50,8.4,208,38.9,mcnabbr01
587,Mason McTavish,23,ANA,C,75,1168,1026,53.2,0.9,847,768,52.4,-0.4,10.2,86.3,96.5,60.5,39.5,15:19,13:11,16,55,1.0,325,44.9,mctavma01
588,Cole McWard,24,NYI,D,3,25,52,32.5,-14.5,22,36,37.9,-9.8,16.7,92.3,109.0,30.8,69.2,13:44,13:44,2,3,-0.9,1,100.0,mcwarco01
589,Jaycob Megna,33,VEG,D,4,27,33,45.0,-7.5,21,28,42.9,-11.1,0.0,64.3,64.3,35.3,64.7,10:37,10:25,0,2,-0.9,1,100.0,megnaja02
590,Timo Meier,29,NJD,RW,77,1448,1198,54.7,4.4,1043,865,54.7,4.4,8.3,87.9,96.2,46.4,53.6,18:31,16:22,27,81,5.6,546,49.3,meierti01
591,Jacob Melanson,22,SEA,RW,36,294,299,49.6,6.3,217,211,50.7,6.3,8.3,86.4,94.7,33.9,66.1,9:22,9:21,4,15,-1.4,80,41.3,melanja01
592,Dawson Mercer,24,NJD,C,82,1298,1170,52.6,1.2,937,837,52.8,1.7,8.4,90.0,98.4,47.6,52.4,18:14,14:58,27,75,-0.9,319,49.5,merceda01
593,Georgii Merkulov,25,BOS,F,1,9,11,45.0,-5.0,7,10,41.2,-1.2,0.0,85.7,85.7,75.0,25.0,10:35,10:35,0,0,-0.4,1,0.0,merkuge01
594,Dakota Mermis,32,TOR,D,11,121,137,46.9,2.9,89,97,47.8,4.1,5.3,90.0,95.3,51.7,48.3,13:02,12:23,2,8,0.7,15,33.3,mermida01
595,Zach Metsa,27,BUF,D,43,380,453,45.6,-3.0,282,331,46.0,-3.5,12.8,95.8,108.6,47.9,52.1,10:58,10:37,5,28,0.9,56,42.9,metsaza01
596,Ben Meyers,27,SEA,F,52,451,531,45.9,2.0,331,381,46.5,2.3,10.6,87.1,97.7,20.5,79.5,11:56,10:16,11,29,-3.7,115,53.0,meyerbe01
597,Matvei Michkov,21,PHI,RW,81,946,920,50.7,3.8,686,638,51.8,4.2,11.7,87.8,99.6,67.0,33.0,14:50,12:39,22,87,12.0,299,54.5,michkma01
598,Jacob Middleton,30,MIN,D,75,1034,1233,45.6,-4.4,775,882,46.8,-3.5,9.8,91.3,101.1,44.8,55.2,17:30,15:30,10,46,-6.3,147,42.2,middlja01
599,Keaton Middleton,27,COL,D,3,17,21,44.7,-10.3,8,18,30.8,-23.3,20.0,81.8,101.8,22.2,77.8,10:45,10:32,0,1,-1.7,4,0.0,middlke01
600,Ilya Mikheyev,31,CHI,F,77,913,1146,44.3,-1.4,689,873,44.1,-1.1,10.6,91.6,102.1,30.1,69.9,17:26,14:45,22,63,-18.5,213,57.7,mikheil01
601,Niko Mikkola,29,FLA,D,68,1156,1080,51.7,-1.2,857,814,51.3,-0.7,8.5,90.3,98.8,49.9,50.1,20:21,17:52,16,73,2.5,173,39.3,mikkoni01
602,Sonny Milano,29,WSH,LW,31,242,220,52.4,0.3,178,154,53.6,0.6,10.0,90.4,100.4,57.9,42.1,8:53,7:50,4,19,2.2,57,57.9,milanso01
603,Colin Miller,33,WPG,D,18,206,248,45.4,-2.0,148,184,44.6,-3.2,5.5,89.5,95.0,52.0,48.0,14:17,13:22,4,13,-5.2,60,33.3,milleco02
604,J.T. Miller,32,NYR,C,68,1052,1018,50.8,1.4,747,747,50.0,1.3,10.5,84.5,95.0,51.8,48.2,20:09,15:11,15,84,2.7,279,51.6,millejt01
605,K'Andre Miller,26,CAR,D,72,1676,1036,61.8,2.7,1192,739,61.7,3.8,9.7,86.4,96.1,56.4,43.6,22:24,19:31,44,80,17.2,309,39.8,milleka01
606,Fraser Minten,21,BOS,C,82,1027,1023,50.1,1.9,754,729,50.8,2.7,10.7,93.7,104.5,54.5,45.5,15:33,13:02,27,40,-2.4,231,50.6,mintefr01
607,Pavel Mintyukov,22,ANA,D,73,1130,1154,49.5,-4.3,833,833,50.0,-3.6,9.5,89.7,99.2,50.2,49.8,18:26,15:24,18,66,1.1,204,38.7,mintypa01
608,Daniil Miromanov,28,CGY,D/RW,1,10,24,29.4,-24.2,7,18,28.0,-30.1,50.0,80.0,130.0,14.3,85.7,17:49,17:13,0,1,-0.8,2,0.0,miromda01
609,Ivan Miroshnichenko,21,WSH,LW,13,111,129,46.3,0.5,82,89,48.0,2.0,12.2,92.5,104.6,35.8,64.2,9:38,9:38,0,5,-0.7,32,37.5,mirosiv01
610,Michael Misa,18,SJS,F,45,499,509,49.5,1.4,354,379,48.3,0.4,10.5,88.7,99.2,48.1,51.9,12:49,11:38,8,28,-0.3,105,55.2,misami01
611,Travis Mitchell,26,NYI,D,9,69,103,40.1,-7.1,53,75,41.4,-7.0,9.1,93.6,102.7,66.7,33.3,11:32,11:27,0,6,-1.5,13,30.8,mitchtr01
612,Casey Mittelstadt,27,BOS,C,71,910,916,49.8,1.2,678,663,50.6,1.9,14.3,89.3,103.6,44.9,55.1,15:10,13:26,12,74,-3.9,160,49.4,mitteca01
613,Oscar Fisker Molgaard,20,SEA,C,13,108,98,52.4,5.6,75,65,53.6,8.2,4.2,100.0,104.2,43.8,56.3,9:14,9:11,1,8,0.7,15,40.0,fiskeos01
614,Sean Monahan,31,CBJ,C,78,1171,1068,52.3,2.1,820,788,51.0,0.5,9.6,88.8,98.5,48.8,51.2,17:07,13:30,26,57,4.5,222,59.0,monahse01
615,Brandon Montour,31,SEA,D,64,1228,1315,48.3,2.9,911,967,48.5,3.0,7.9,89.2,97.0,53.4,46.6,22:34,20:16,32,92,-2.5,375,46.7,montobr01
616,Ian Moore,24,ANA,D,67,856,811,51.3,-1.4,622,571,52.1,-0.6,6.7,88.0,94.7,45.9,54.1,13:40,13:03,21,40,-1.2,165,40.0,mooreia01
617,Oliver Moore,21,CHI,C,51,500,563,47.0,0.8,379,421,47.4,2.1,8.7,87.5,96.2,55.5,44.5,12:51,11:30,15,41,-5.6,111,51.4,mooreol01
618,Trevor Moore,30,LAK,LW,69,1051,896,54.0,3.2,728,649,52.9,1.8,9.0,89.7,98.7,43.9,56.1,16:44,14:18,25,52,6.3,295,53.9,mooretr01
619,Josh Morrissey,30,WPG,D,77,1468,1499,49.5,1.6,1097,1106,49.8,2.0,12.2,89.6,101.7,62.8,37.2,24:43,20:52,17,98,4.0,339,43.1,morrijo04
620,Scott Morrow,23,NYR,D,29,416,411,50.3,2.9,285,304,48.4,2.1,7.0,91.2,98.2,49.8,50.2,15:40,14:13,5,21,-3.0,91,26.4,morrosc02
621,Sam Morton,26,CGY,F,3,21,24,46.7,-7.8,14,17,45.2,-8.7,0.0,90.9,90.9,25.0,75.0,9:20,8:02,1,2,-0.3,7,42.9,mortosa01
622,J.J. Moser,25,TBL,D,79,1644,1271,56.4,5.0,1219,983,55.4,4.6,12.2,91.5,103.7,52.6,47.4,21:34,18:55,22,80,10.2,249,44.6,moserja01
623,Jacob Moverare,27,LAK,D,15,180,131,57.9,4.3,118,84,58.4,6.6,4.1,86.3,90.3,55.9,44.1,8:47,8:46,2,6,1.5,23,30.4,moverja01
624,Ty Mueller,22,VAN,C,6,47,55,46.1,2.5,34,43,44.2,2.6,9.5,96.8,106.3,54.1,45.9,10:51,10:51,1,3,-0.2,7,28.6,muellty01
625,Shakir Mukhamadullin,24,SJS,D,50,614,753,44.9,-4.7,445,534,45.5,-3.4,9.9,90.1,100.0,42.9,57.1,17:09,15:41,7,61,-1.6,114,43.0,mukhash01
626,Ty Murchison,22,PHI,D,3,23,29,44.2,-3.1,17,18,48.6,2.0,25.0,90.0,115.0,53.6,46.4,15:00,14:03,0,3,0.0,2,50.0,murchty01
627,Connor Murphy,32,TOT,D,80,883,1098,44.6,-3.4,655,771,45.9,-1.3,10.5,90.1,100.6,36.1,63.9,17:32,14:47,17,65,-6.0,166,42.2,murphco02
627,Connor Murphy,32,CHI,D,60,601,738,44.9,-2.2,446,529,45.7,-0.3,10.5,89.9,100.3,33.6,66.4,16:34,13:36,13,50,-5.4,124,44.4,murphco02
627,Connor Murphy,32,EDM,D,20,282,360,43.9,-6.8,209,242,46.3,-5.0,10.6,90.6,101.3,41.2,58.8,20:27,18:19,4,15,-0.5,42,35.7,murphco02
628,Philippe Myers,29,TOR,D,39,412,570,42.0,-2.9,307,407,43.0,-2.9,10.2,88.8,99.0,40.9,59.1,14:33,13:32,4,35,-8.5,98,42.9,myersph01
629,Tyler Myers,35,TOT,D,73,1109,1287,46.3,-2.7,807,946,46.0,-2.4,8.2,88.3,96.5,39.6,60.4,19:31,16:55,20,78,-12.2,194,45.4,myersty01
629,Tyler Myers,35,VAN,D,57,921,1058,46.5,-2.2,670,785,46.0,-2.0,6.7,88.3,95.0,36.8,63.2,20:13,17:21,20,60,-10.9,164,43.3,myersty01
629,Tyler Myers,35,DAL,D,16,188,229,45.1,-4.7,137,161,46.0,-3.9,15.5,88.3,103.8,52.1,47.9,17:02,15:21,0,18,-1.3,30,56.7,myersty01
630,Bradly Nadeau,20,CAR,LW,12,145,126,53.5,-0.4,95,88,51.9,-1.1,9.8,93.1,102.9,59.5,40.5,12:58,11:33,0,8,-2.1,34,35.3,nadeabr01
631,Vladislav Namestnikov,33,WPG,C,60,621,647,49.0,0.1,442,461,48.9,0.1,6.2,89.2,95.5,51.8,48.2,13:47,11:37,10,46,-0.7,148,51.4,namesvl01
632,Frank Nazar,22,CHI,C,66,803,963,45.5,0.2,595,722,45.2,0.3,10.1,87.4,97.4,49.0,51.0,18:19,14:03,27,74,-15.0,267,51.7,nazarfr01
633,Martin Nečas,27,COL,C,78,1676,1294,56.4,0.3,1170,965,54.8,-1.3,13.8,91.2,105.0,61.8,38.2,21:30,17:24,23,123,22.8,417,49.4,necasma01
634,Jake Neighbours,23,STL,LW,69,796,817,49.3,1.4,580,613,48.6,0.9,11.9,86.7,98.6,55.2,44.8,15:14,13:05,14,43,2.7,161,53.4,neighja01
635,Brock Nelson,34,COL,C,81,1426,1079,56.9,0.8,1049,795,56.9,1.7,10.8,89.7,100.5,51.3,48.7,19:39,14:31,21,67,16.5,332,56.0,nelsobr01
636,Simon Nemec,21,NJD,D,68,1250,1220,50.6,-2.0,888,873,50.4,-2.4,9.9,88.1,98.1,54.1,45.9,19:40,18:07,24,80,-3.5,269,37.5,nemecsi01
637,Nikita Nesterenko,24,ANA,C,29,310,328,48.6,-5.3,227,220,50.8,-2.2,8.7,90.8,99.5,44.6,55.4,12:15,11:20,1,14,-2.2,69,44.9,nesteni02
638,Alex Newhook,25,MTL,C,42,420,536,43.9,-5.1,309,393,44.0,-6.2,17.7,90.1,107.8,58.4,41.6,14:29,12:31,2,13,-4.9,113,54.0,newhoal01
639,Valeri Nichushkin,30,COL,RW,72,1240,926,57.2,1.2,893,692,56.3,1.0,10.7,89.1,99.8,49.8,50.2,17:44,14:07,23,59,15.4,321,49.8,nichuva01
640,Nino Niederreiter,33,WPG,RW,61,659,647,50.5,2.9,478,459,51.0,3.5,7.2,89.5,96.7,42.5,57.5,13:46,12:13,9,41,0.4,150,56.0,niedeni01
641,Tristen Nielsen,25,COL,F,4,20,19,51.3,2.1,15,10,60.0,9.6,12.5,100.0,112.5,54.5,45.5,6:18,6:18,0,2,0.2,6,50.0,nielstr01
642,Alexander Nikishin,24,CAR,D,81,1456,1040,58.3,-1.8,1010,766,56.9,-2.7,9.7,90.7,100.4,65.0,35.0,18:11,15:40,26,87,7.0,321,38.0,nikisal01
643,Stefan Noesen,32,NJD,RW,38,342,365,48.4,-3.7,240,270,47.1,-4.8,3.4,90.5,93.9,49.0,51.0,11:45,10:05,3,23,-1.7,93,55.9,noesest01
644,Joshua Norris,26,BUF,C,44,541,522,50.9,0.6,426,378,53.0,2.4,13.9,89.6,103.5,47.1,52.9,15:50,12:31,9,20,5.2,134,51.5,norrijo01
645,Tomáš Nosek,33,FLA,C,21,208,230,47.5,-4.0,145,173,45.6,-4.7,6.8,88.4,95.1,52.8,47.2,14:07,11:52,3,14,-6.2,38,21.1,nosekto01
646,Thomas Novak,28,PIT,C,82,1100,1028,51.7,2.0,816,734,52.6,2.9,11.0,88.6,99.6,64.9,35.1,14:17,13:06,28,54,12.2,245,53.1,novakth01
647,Ryan Nugent-Hopkins,32,EDM,C,72,1053,1058,49.9,-0.5,755,785,49.0,-3.2,10.3,88.3,98.6,57.8,42.2,19:04,14:11,14,42,8.1,264,50.4,nugenry01
648,Darnell Nurse,30,EDM,D,82,1457,1592,47.8,-4.2,1071,1130,48.7,-3.9,8.5,89.3,97.8,52.3,47.7,20:58,19:14,19,88,-0.2,354,46.3,nurseda01
649,William Nylander,29,TOR,RW,65,1029,1106,48.2,6.1,780,827,48.5,5.7,14.5,85.7,100.1,61.3,38.7,19:25,16:31,31,68,-2.5,308,50.6,nylanwi01
650,Jani Nyman,21,SEA,RW,28,245,280,46.7,1.7,182,204,47.2,1.9,5.8,91.3,97.1,69.4,30.6,10:34,9:46,1,13,-0.2,70,47.1,nymanja01
651,Gustav Nyquist,36,WPG,RW,51,478,525,47.7,-1.8,345,382,47.5,-2.0,5.5,91.9,97.3,57.8,42.2,12:41,10:24,12,25,-2.8,115,53.9,nyquigu01
652,Joel Nystrom,23,CAR,D,38,601,418,59.0,-0.1,422,321,56.8,-1.1,9.4,91.2,100.5,64.5,35.5,15:11,14:01,5,32,4.4,121,35.5,nystrjo01
653,Liam O'Brien,31,UTA,C,38,304,341,47.1,-6.8,213,233,47.8,-6.6,4.8,92.3,97.1,48.4,51.6,9:09,9:08,1,11,-2.7,86,40.7,obrieli01
654,Drew O'Connor,27,VAN,F,82,977,1050,48.2,2.0,711,767,48.1,2.4,9.4,88.5,97.9,51.5,48.5,14:35,13:09,23,62,-12.7,269,50.6,oconndr01
655,Logan O'Connor,29,COL,RW,13,142,108,56.8,1.2,108,81,57.1,1.5,2.7,94.0,96.7,31.8,68.2,11:27,10:03,3,6,1.0,22,59.1,oconnlo01
656,Cole O'Hara,23,NSH,RW,1,6,15,28.6,-12.0,2,10,16.7,-24.4,50.0,100.0,150.0,30.0,70.0,11:23,11:01,1,2,-0.3,1,100.0,oharaco01
657,Ryan O'Reilly,34,NSH,C,81,1295,1183,52.3,3.1,948,929,50.5,2.8,11.7,89.3,101.0,48.2,51.8,20:24,15:35,50,49,-0.3,256,59.8,oreilry01
658,Jordan Oesterle,33,NSH,D,1,11,14,44.0,-7.3,8,12,40.0,-11.6,0.0,87.5,87.5,75.0,25.0,14:05,14:05,0,0,0.2,2,0.0,oestejo01
659,Liam Ohgren,22,TOT,LW,69,658,892,42.5,-4.0,458,673,40.5,-6.3,7.7,90.2,97.9,47.5,52.5,13:10,12:22,16,43,-15.3,184,47.3,ohgreli01
659,Liam Ohgren,22,VAN,LW,51,545,682,44.4,-1.7,380,520,42.2,-3.9,9.1,88.5,97.6,49.7,50.3,14:27,13:25,15,36,-9.6,144,47.9,ohgreli01
659,Liam Ohgren,22,MIN,LW,18,113,210,35.0,-12.4,78,153,33.8,-14.7,1.7,96.0,97.8,37.5,62.5,9:32,9:24,1,7,-5.7,40,45.0,ohgreli01
660,Jamie Oleksiak,33,SEA,D,78,995,1186,45.6,0.5,730,862,45.9,0.4,10.9,92.2,103.1,44.9,55.1,16:56,15:15,19,71,-7.6,165,46.7,oleksja01
661,Mathieu Olivier,28,CBJ,F,61,795,806,49.7,-1.3,599,563,51.5,0.9,11.4,91.7,103.0,41.0,59.0,14:14,13:22,12,23,2.3,186,50.5,olivima01
662,Victor Olofsson,30,TOT,RW,78,984,806,55.0,2.1,711,587,54.8,2.4,8.2,91.6,99.8,53.5,46.5,13:34,11:28,17,60,6.3,264,55.7,olofsvi01
662,Victor Olofsson,30,COL,RW,60,790,559,58.6,3.3,574,409,58.4,3.7,7.7,91.7,99.4,52.3,47.8,13:20,11:04,10,44,8.7,198,56.6,olofsvi01
662,Victor Olofsson,30,CGY,RW,18,194,247,44.0,-0.2,137,178,43.5,-0.6,10.5,91.3,101.8,57.2,42.8,14:18,12:49,7,16,-2.5,66,53.0,olofsvi01
663,Dmitry Orlov,34,SJS,D,82,1380,1360,50.4,5.4,962,1006,48.9,4.0,9.3,87.8,97.2,47.9,52.1,21:12,17:56,22,105,-5.9,237,38.4,orlovdm01
664,Zack Ostapchuk,22,SJS,C,59,392,512,43.4,-4.8,271,344,44.1,-4.1,8.1,89.4,97.6,33.8,66.2,10:06,8:54,8,20,-4.8,75,58.7,ostapza01
665,Noah Ostlund,21,BUF,C,60,706,683,50.8,2.8,524,489,51.7,3.3,10.3,91.8,102.1,58.1,41.9,13:58,12:35,17,35,3.8,131,45.8,ostluno01
666,Brennan Othmann,23,TOT,LW,19,154,220,41.2,-8.6,99,152,39.4,-8.6,11.3,85.3,96.6,43.9,56.1,10:00,9:42,2,5,-3.0,30,50.0,othmabr01
666,Brennan Othmann,23,NYR,LW,17,131,184,41.6,-9.4,83,122,40.5,-8.9,11.5,87.3,98.9,47.9,52.1,9:53,9:35,2,5,-1.7,23,56.5,othmabr01
666,Brennan Othmann,23,CGY,LW,2,23,36,39.0,-0.7,16,30,34.8,-3.8,10.0,78.3,88.3,18.2,81.8,11:04,10:43,0,0,-1.3,7,28.6,othmabr01
667,Alex Ovechkin,40,WSH,LW,82,1140,1074,51.5,2.6,816,795,50.7,0.2,12.5,89.1,101.6,85.7,14.3,17:27,12:56,9,62,3.5,542,45.0,ovechal01
668,Brayden Pachal,26,CGY,D,39,498,521,48.9,0.4,358,363,49.7,1.5,8.5,90.0,98.4,56.0,44.0,13:53,13:08,7,31,1.8,85,32.9,pachabr01
669,Jean-Gabriel Pageau,33,NYI,C,74,839,987,45.9,-4.6,625,729,46.2,-4.6,10.7,90.2,100.9,45.7,54.3,15:40,12:53,16,50,-12.3,150,54.7,pageaje01
670,Ondřej Palát,34,TOT,LW,80,884,907,49.4,-2.4,634,639,49.8,-1.4,9.5,87.7,97.2,50.7,49.3,12:49,11:51,12,41,-2.7,169,49.1,palaton01
670,Ondřej Palát,34,NJD,LW,51,561,564,49.9,-2.1,402,400,50.1,-1.5,9.3,88.5,97.8,48.0,52.0,12:45,11:38,7,26,-2.3,108,49.1,palaton01
670,Ondřej Palát,34,NYI,LW,29,323,343,48.5,-3.0,232,239,49.3,-1.4,9.9,86.2,96.1,55.7,44.3,12:57,12:14,5,15,-0.4,61,49.2,palaton01
671,Kyle Palmieri,34,NYI,RW,25,336,315,51.6,1.8,240,223,51.8,0.3,8.5,89.6,98.1,59.6,40.4,18:53,13:28,8,18,0.0,126,56.3,palmiky01
672,Artemi Panarin,34,TOT,LW,78,1534,1231,55.5,8.5,1081,882,55.1,8.1,12.0,86.4,98.3,64.5,35.5,20:51,17:28,25,105,7.7,512,43.8,panarar01
672,Artemi Panarin,34,NYR,LW,52,1030,810,56.0,10.0,723,588,55.1,10.0,11.2,85.3,96.5,59.9,40.1,20:55,17:23,15,69,2.9,361,43.8,panarar01
672,Artemi Panarin,34,LAK,LW,26,504,421,54.5,5.7,358,294,54.9,5.0,13.6,88.6,102.2,72.9,27.1,20:42,17:38,10,36,4.8,151,43.7,panarar01
673,Colton Parayko,32,STL,D,77,1283,1465,46.7,-2.2,926,1028,47.4,-0.9,9.6,90.3,100.0,41.6,58.4,22:12,19:31,35,92,-1.0,246,42.7,parayco01
674,Zayne Parekh,19,CGY,D,37,547,539,50.4,3.2,378,397,48.8,1.4,6.8,90.8,97.6,77.1,22.9,17:09,14:46,9,67,-4.0,138,35.5,parekza01
675,Xavier Parent,24,NJD,F,5,37,56,39.8,-13.4,27,40,40.3,-11.0,7.1,92.3,99.5,48.1,51.9,8:34,8:34,1,1,-1.9,6,33.3,parenxa01
676,Juuso Pärssinen,24,NYR,C,20,128,165,43.7,-8.3,83,121,40.7,-10.0,14.0,96.3,110.3,45.7,54.3,8:51,8:48,3,9,-1.3,28,57.1,parssju01
677,David Pastrňák,29,BOS,RW,77,1230,1293,48.8,-0.2,874,936,48.3,-1.3,14.1,88.5,102.6,55.6,44.4,20:39,16:58,32,134,-2.7,562,46.4,pastrda01
678,Nick Paul,30,TBL,LW,51,552,524,51.3,-3.2,372,384,49.2,-4.6,7.4,87.5,94.9,48.4,51.6,13:41,12:04,9,31,-2.4,143,47.6,paulni01
679,Tanner Pearson,33,TOT,LW,56,473,569,45.4,-3.9,353,402,46.8,-2.0,10.5,94.4,104.8,30.6,69.4,10:50,9:41,6,28,-3.4,102,51.0,pearsta01
679,Tanner Pearson,33,WPG,LW,52,437,535,45.0,-3.9,327,376,46.5,-1.7,9.9,94.4,104.3,30.5,69.5,10:53,9:41,6,26,-3.9,95,51.6,pearsta01
679,Tanner Pearson,33,BUF,LW,4,36,34,51.4,-3.9,26,26,50.0,-6.7,18.8,92.9,111.6,30.8,69.2,10:09,9:47,0,2,0.6,7,42.9,pearsta01
680,Lane Pederson,28,PHI,F,5,23,44,34.3,-9.0,12,31,27.9,-18.8,16.7,93.3,110.0,41.2,58.8,8:52,8:52,1,6,-0.3,4,0.0,pederla01
681,Andrew Peeke,27,BOS,D,77,1219,1352,47.4,-2.4,852,950,47.3,-2.8,8.0,91.2,99.3,41.6,58.4,19:23,16:59,10,59,-18.3,211,38.9,peekean01
682,Adam Pelech,31,NYI,D,82,1500,1351,52.6,4.8,1086,979,52.6,4.1,7.7,90.9,98.7,47.6,52.4,20:53,18:16,31,70,2.6,319,38.2,pelecad01
683,Jakob Pelletier,24,TBL,LW,5,34,28,54.8,4.8,25,21,54.3,4.9,0.0,92.9,92.9,65.6,34.4,9:21,8:47,0,4,0.3,7,57.1,pelleja01
684,Nicklaus Perbix,27,NSH,D,79,1178,1321,47.1,-4.2,819,1011,44.8,-5.3,9.1,90.0,99.0,45.7,54.3,19:07,16:09,23,96,-12.4,182,44.0,perbini01
685,Cole Perfetti,24,WPG,C,68,899,811,52.6,3.7,636,605,51.2,2.4,8.9,89.1,98.0,55.8,44.2,15:37,13:22,21,55,1.8,281,48.4,perfeco01
686,Gabriel Perreault,20,NYR,RW,49,633,682,48.1,-0.1,457,528,46.4,-0.8,10.4,90.5,100.9,52.7,47.3,15:59,14:40,10,36,3.1,140,52.1,perrega01
687,David Perron,37,TOT,LW,65,676,638,51.4,-1.1,505,441,53.4,0.9,10.0,87.5,97.6,55.2,44.8,13:34,11:40,14,36,5.4,163,57.1,perroda01
687,David Perron,37,OTT,LW,49,521,453,53.5,0.6,392,315,55.4,2.3,10.2,90.6,100.8,59.9,40.1,13:26,11:22,9,30,5.5,126,54.8,perroda01
687,David Perron,37,DET,LW,16,155,185,45.6,-5.8,113,126,47.3,-3.2,9.3,78.4,87.7,43.9,56.1,13:59,12:35,5,6,0.0,37,64.9,perroda01
688,Corey Perry,40,TOT,RW,72,822,802,50.6,-1.7,569,598,48.8,-3.0,11.3,91.2,102.5,58.3,41.7,13:40,11:20,6,49,0.9,219,51.6,perryco01
688,Corey Perry,40,LAK,RW,50,608,588,50.8,-0.6,426,428,49.9,-1.3,10.3,91.0,101.3,57.9,42.1,14:19,11:38,5,40,2.4,164,53.0,perryco01
688,Corey Perry,40,TBL,RW,22,214,214,50.0,-4.5,143,170,45.7,-7.4,14.3,91.8,106.1,59.4,40.6,12:13,10:40,1,9,-1.4,55,47.3,perryco01
689,Brett Pesce,31,NJD,D,37,630,612,50.7,-0.9,462,445,50.9,-0.7,5.8,89.8,95.6,53.6,46.4,20:18,17:43,16,23,-1.1,87,51.7,pescebr01
690,JJ Peterka,24,UTA,RW,82,1183,1021,53.7,0.6,845,757,52.7,-0.4,10.0,90.1,100.1,58.9,41.1,15:59,14:01,19,87,8.3,338,47.3,peterjo01
691,Alexander Petrovic,33,DAL,D,54,652,812,44.5,-3.5,454,568,44.4,-4.1,10.4,91.3,101.7,38.7,61.3,15:21,14:53,9,45,-1.9,121,47.1,petroal01
692,Jeff Petry,38,TOT,D,67,877,810,52.0,-0.8,630,590,51.6,-0.9,8.4,87.0,95.3,54.8,45.2,14:46,13:21,9,52,2.4,156,34.6,petryje01
692,Jeff Petry,38,FLA,D,58,751,695,51.9,-0.8,528,507,51.0,-1.3,8.8,88.1,96.9,56.5,43.5,14:51,13:21,4,48,1.0,135,33.3,petryje01
692,Jeff Petry,38,MIN,D,9,126,115,52.3,-0.4,102,83,55.1,1.3,6.3,79.6,85.8,41.2,58.8,14:10,13:16,5,4,1.4,21,42.9,petryje01
693,Elias Pettersson,27,VAN,C,74,1028,1168,46.8,0.6,757,844,47.3,1.9,8.7,87.5,96.2,53.8,46.2,18:58,14:49,31,68,-8.0,293,44.7,petteel01
694,Elias Pettersson,21,VAN,D,70,746,999,42.8,-4.5,553,724,43.3,-3.3,8.7,89.2,97.9,41.6,58.4,14:59,13:46,14,68,-17.6,135,34.1,petteel02
695,Marcus Pettersson,29,VAN,D,82,1199,1577,43.2,-5.4,873,1137,43.4,-4.3,9.6,89.6,99.2,37.4,62.6,21:27,18:39,19,86,-21.2,181,36.5,pettema01
696,Michael Pezzetta,27,TOR,C,9,38,55,40.9,0.4,31,40,43.7,2.9,0.0,82.6,82.6,35.3,64.7,6:28,6:25,0,3,-0.4,4,50.0,pezzemi01
697,Isaak Phillips,24,WPG,D,3,16,26,38.1,-14.0,8,18,30.8,-23.0,0.0,100.0,100.0,43.8,56.3,9:31,9:29,0,2,-0.5,5,60.0,phillis01
698,Noah Philp,27,TOT,F,17,101,144,41.2,-10.9,73,102,41.7,-11.2,5.6,86.7,92.2,30.1,69.9,9:57,9:12,5,7,-2.8,22,63.6,philpno01
698,Noah Philp,27,EDM,F,15,90,127,41.5,-10.2,65,92,41.4,-10.7,6.3,84.8,91.1,27.8,72.2,10:02,9:24,4,7,-2.4,19,63.2,philpno01
698,Noah Philp,27,CAR,F,2,11,17,39.3,-17.1,8,10,44.4,-14.5,0.0,100.0,100.0,45.5,54.5,9:13,7:48,1,0,-0.3,3,66.7,philpno01
699,Owen Pickering,22,PIT,D,4,42,51,45.2,-9.9,31,39,44.3,-8.3,8.0,80.8,88.8,50.0,50.0,12:06,12:03,1,4,-0.3,6,16.7,pickeow01
700,Luca Pinelli,20,CBJ,C,3,38,38,50.0,1.8,28,28,50.0,4.7,4.5,90.5,95.0,62.5,37.5,13:46,13:04,0,3,-0.5,10,60.0,pinellu01
701,Shane Pinto,25,OTT,C,72,940,983,48.9,-4.8,707,677,51.1,-2.8,12.1,87.4,99.5,30.9,69.1,18:43,14:38,25,53,5.8,311,50.5,pintosh01
702,Neal Pionk,30,WPG,D,51,926,934,49.8,0.5,674,670,50.1,0.8,9.5,90.6,100.1,55.7,44.3,22:43,18:38,15,56,-1.4,220,44.1,pionkne01
703,Tyler Pitlick,34,MIN,C,32,201,291,40.9,-7.5,146,204,41.7,-7.5,5.6,92.7,98.3,27.1,72.9,7:46,7:44,5,8,-2.5,50,52.0,pitlity01
704,Vasily Podkolzin,24,EDM,RW,82,1147,1000,53.4,4.2,849,727,53.9,3.8,10.6,89.9,100.4,59.8,40.2,15:23,14:17,18,52,12.0,224,62.1,podkova01
705,Ryan Poehling,27,ANA,C,75,917,950,49.1,-4.4,657,669,49.5,-3.8,12.0,89.7,101.8,40.0,60.0,15:04,12:16,17,48,-2.5,184,51.1,poehlry01
706,Brayden Point,29,TBL,C,63,945,831,53.2,1.0,679,631,51.8,0.3,14.6,88.9,103.5,61.5,38.5,18:15,14:27,13,41,7.7,247,52.6,pointbr01
707,Matthew Poitras,21,BOS,C,3,33,26,55.9,6.8,23,18,56.1,9.8,5.3,100.0,105.3,40.0,60.0,12:07,11:22,0,1,1.5,8,100.0,poitrma01
708,Jason Polin,26,COL,F,4,29,17,63.0,13.3,18,9,66.7,15.2,11.1,100.0,111.1,57.1,42.9,7:35,7:35,0,0,0.7,5,0.0,polinja01
709,Martin Pospisil,26,CGY,C,22,186,198,48.4,0.2,134,148,47.5,-1.0,4.4,91.9,96.3,50.5,49.5,10:09,9:60,3,5,-1.8,36,52.8,pospima01
710,Samuel Poulin,24,PIT,RW,2,29,24,54.7,1.2,21,11,65.6,12.7,0.0,75.0,75.0,40.0,60.0,13:49,13:15,1,1,0.5,6,16.7,poulisa01
711,Owen Power,23,BUF,D,81,1513,1431,51.4,3.9,1121,1082,50.9,2.4,10.6,90.0,100.6,48.3,51.7,21:39,18:51,22,79,-5.7,249,48.2,powerow01
712,Aliaksei Protas,25,WSH,C,76,1288,1121,53.5,4.9,959,794,54.7,5.8,13.0,88.2,101.2,47.9,52.1,18:14,15:50,26,86,6.0,322,49.4,protaal01
713,Ilya Protas,19,WSH,C,4,49,50,49.5,1.1,33,36,47.8,-2.7,13.6,91.7,105.3,39.5,60.5,15:54,13:27,1,1,-0.1,10,70.0,protail01
714,Ivan Provorov,29,CBJ,D,82,1680,1715,49.5,-1.7,1194,1253,48.8,-2.5,10.6,90.7,101.3,46.4,53.6,24:49,20:41,29,112,-4.4,347,45.5,provoiv01
715,Ryan Pulock,31,NYI,D,76,1222,1442,45.9,-5.0,895,1020,46.7,-4.2,9.8,91.3,101.1,47.3,52.7,20:49,17:58,27,77,-6.0,223,41.7,pulocry01
716,Mikael Pyyhtia,24,CBJ,LW,5,61,41,59.8,6.2,43,29,59.7,3.5,5.0,87.5,92.5,40.6,59.4,10:16,9:53,1,1,0.7,15,40.0,pyyhtmi01
717,Jacob Quillan,23,TOR,F,23,128,197,39.4,-4.2,93,145,39.1,-4.6,10.3,88.3,98.6,31.9,68.1,10:16,8:47,6,12,-3.5,32,43.8,quillja01
718,Jack Quinn,24,BUF,RW,82,1012,1092,48.1,-1.2,764,828,48.0,-1.9,11.9,90.8,102.7,50.2,49.8,15:39,13:17,14,72,-0.7,376,50.8,quinnja01
719,Darren Raddysh,29,TBL,D,73,1521,1146,57.0,5.3,1117,867,56.3,5.5,12.4,89.1,101.5,54.5,45.5,22:42,18:10,14,73,15.4,459,46.2,raddyda01
720,Taylor Raddysh,27,NYR,RW,68,629,723,46.5,-3.5,427,510,45.6,-3.4,9.2,93.2,102.4,37.7,62.3,11:51,10:39,14,25,-1.1,106,50.0,raddyta01
721,Rickard Rakell,32,PIT,RW,60,898,909,49.7,0.1,644,669,49.0,-1.3,12.6,87.6,100.2,60.8,39.2,18:57,15:04,24,49,4.4,294,56.5,rakelri01
722,Mikko Rantanen,29,DAL,RW,64,918,1070,46.2,0.0,650,729,47.1,0.6,12.6,90.0,102.6,56.6,43.4,20:11,16:14,24,75,7.9,288,48.3,rantami01
723,Michael Rasmussen,26,DET,C,64,602,743,44.8,-5.0,420,495,45.9,-4.7,7.5,90.9,98.3,44.0,56.0,12:39,11:04,10,28,-2.1,133,48.9,rasmumi01
724,Aatu Räty,23,VAN,C,66,663,724,47.8,0.6,474,533,47.1,0.6,8.0,91.8,99.8,41.6,58.4,12:01,11:01,10,29,-8.8,142,45.8,ratyaa01
725,Lucas Raymond,23,DET,LW/RW,80,1225,1137,51.9,4.0,894,826,52.0,2.9,12.3,87.5,99.8,47.8,52.2,18:48,15:20,31,76,2.2,367,47.1,raymolu01
726,Ryan Reaves,39,SJS,RW,50,276,387,41.6,-4.8,187,275,40.5,-5.4,7.2,89.3,96.5,40.0,60.0,7:48,7:47,8,19,-6.0,55,45.5,reavery01
727,Pavol Regenda,26,SJS,F,24,259,262,49.7,0.8,181,195,48.1,-1.7,11.7,85.6,97.3,34.4,65.6,13:21,11:44,3,13,-0.7,66,63.6,regenpa01
728,Alec Regula,25,EDM,D,29,346,393,46.8,-5.4,264,271,49.3,-3.6,5.2,86.0,91.3,54.0,46.0,14:28,13:38,7,28,-2.3,51,35.3,regulal01
729,Lukas Reichel,23,TOT,LW,29,296,368,44.6,-3.6,216,279,43.6,-6.0,13.7,89.5,103.2,54.1,45.9,12:27,11:54,5,20,-4.3,52,46.2,reichlu01
729,Lukas Reichel,23,VAN,LW,14,144,199,42.0,-5.1,104,156,40.0,-8.9,12.5,87.5,100.0,54.5,45.5,13:06,12:36,1,9,-3.8,26,34.6,reichlu01
729,Lukas Reichel,23,BOS,LW,10,117,111,51.3,1.6,86,80,51.8,1.7,12.2,93.9,106.1,48.3,51.7,12:49,11:59,3,7,-0.5,16,56.3,reichlu01
729,Lukas Reichel,23,CHI,LW,5,35,58,37.6,-10.4,26,43,37.7,-12.8,22.2,89.3,111.5,68.2,31.8,9:52,9:47,1,4,0.0,10,60.0,reichlu01
730,Mike Reilly,32,CAR,D,42,682,457,59.9,0.3,483,340,58.7,0.0,8.9,92.1,101.1,64.9,35.1,14:58,13:53,7,23,4.8,152,41.4,reillmi01
731,David Reinbacher,21,MTL,D,2,17,18,48.6,1.9,10,13,43.5,-1.9,12.5,90.9,103.4,75.0,25.0,13:09,13:09,0,2,-0.3,5,60.0,reinbda01
732,Cole Reinhardt,25,TOT,LW,59,460,574,44.5,-7.9,335,420,44.4,-8.1,10.2,90.8,101.0,44.9,55.1,10:39,10:29,5,28,-4.1,106,46.2,reinhco01
732,Cole Reinhardt,25,VEG,LW,44,322,364,46.9,-4.9,232,256,47.5,-4.6,6.6,89.5,96.2,42.7,57.3,9:47,9:42,3,20,1.8,74,45.9,reinhco01
732,Cole Reinhardt,25,FLA,LW,15,138,210,39.7,-14.5,103,164,38.6,-15.1,18.5,92.6,111.1,49.4,50.6,13:10,12:49,2,8,-5.8,32,46.9,reinhco01
733,Sam Reinhart,30,FLA,C,64,963,902,51.6,-0.9,696,670,51.0,-0.9,9.9,86.2,96.1,52.8,47.2,21:17,15:09,15,52,4.3,368,44.8,reinhsa01
734,Matt Rempe,23,NYR,C,26,206,207,49.9,1.3,133,151,46.8,0.0,7.9,89.5,97.4,36.0,64.0,8:36,8:18,2,5,-0.8,32,46.9,rempema01
735,Anthony Richard,29,PHI,C,1,4,5,44.4,2.3,3,4,42.9,-1.2,0.0,100.0,100.0,50.0,50.0,7:08,7:08,0,0,-0.3,0,,richaan01
736,Morgan Rielly,31,TOR,D,78,1403,1507,48.2,5.2,1067,1139,48.4,4.6,11.1,88.2,99.3,65.4,34.6,21:08,18:09,22,87,-8.4,329,42.9,riellmo01
737,Marshall Rifai,27,TOR,D,1,9,16,36.0,-32.0,5,12,29.4,-36.5,25.0,87.5,112.5,33.3,66.7,9:40,9:40,0,1,-0.5,2,50.0,rifaima01
738,Sam Rinzel,21,CHI,D,54,742,905,45.1,-0.1,565,688,45.1,0.3,10.7,90.1,100.8,58.2,41.8,18:16,16:02,13,67,-15.0,200,41.5,rinzesa01
739,Rasmus Ristolainen,31,PHI,D,44,683,732,48.3,0.7,503,525,48.9,0.1,12.4,90.4,102.8,41.9,58.1,21:23,18:23,12,39,7.2,142,40.8,ristora01
740,Calum Ritchie,21,NYI,C,65,676,747,47.5,-2.5,500,544,47.9,-2.2,7.2,89.7,96.9,62.6,37.4,13:28,11:24,9,54,-4.2,139,57.6,ritchca01
741,Jason Robertson,26,DAL,LW,82,1322,1242,51.6,6.1,951,901,51.3,5.0,12.8,90.7,103.5,49.4,50.6,20:15,16:21,24,107,18.0,553,53.3,roberja01
742,Matthew Robertson,24,NYR,D,72,1036,1097,48.6,-0.9,727,780,48.2,0.1,10.3,90.6,100.9,47.4,52.6,17:24,15:50,9,52,-2.7,216,36.6,roberma02
743,Nicholas Robertson,24,TOR,LW,78,773,986,43.9,-1.1,582,729,44.4,-1.2,10.4,89.5,99.9,46.3,53.7,12:40,11:28,23,67,-10.7,228,55.7,roberni01
744,Justin Robidas,22,CAR,C,2,23,18,56.1,-2.5,15,13,53.6,-8.3,10.0,83.3,93.3,58.8,41.2,10:41,10:41,0,1,0.1,3,66.7,robidju01
745,Eric Robinson,30,CAR,LW,67,754,564,57.2,-3.8,538,405,57.1,-3.1,8.9,90.4,99.4,59.1,40.9,11:26,10:21,9,29,6.1,182,46.2,robiner01
746,Evan Rodrigues,32,FLA,C,69,1021,822,55.4,4.6,745,610,55.0,5.3,8.0,86.0,94.1,52.7,47.3,16:60,13:49,31,47,7.1,316,50.6,rodriev01
747,Alexander Romanov,26,NYI,D,15,216,287,42.9,-9.4,159,213,42.7,-11.2,7.9,89.2,97.1,58.5,41.5,19:27,17:16,4,18,-10.1,38,44.7,romanal01
748,Kevin Rooney,32,UTA,C,1,8,6,57.1,3.6,6,5,54.5,-2.9,25.0,100.0,125.0,33.3,66.7,9:44,9:44,0,1,0.1,3,33.3,rooneke01
749,Isak Rosen,22,TOT,RW,37,308,387,44.3,-3.3,226,265,46.0,-1.0,8.8,89.8,98.6,56.3,43.7,11:30,9:56,5,18,-0.4,95,36.8,rosenis01
749,Isak Rosen,22,WPG,RW,21,174,199,46.6,-3.3,129,145,47.1,-2.6,7.7,89.6,97.3,57.9,42.1,10:42,9:25,1,7,-0.1,56,33.9,rosenis01
749,Isak Rosen,22,BUF,RW,16,134,188,41.6,-3.1,97,120,44.7,1.1,10.2,90.0,100.2,54.2,45.8,12:34,10:38,4,11,-0.3,39,41.0,rosenis01
750,Jack Roslovic,29,EDM,C,69,1065,961,52.6,3.2,778,712,52.2,1.9,8.8,87.1,95.9,60.4,39.6,15:46,14:37,13,64,8.2,268,52.6,rosloja01
751,Marco Rossi,24,TOT,C,50,644,723,47.1,2.0,458,546,45.6,-0.1,10.1,84.1,94.2,56.8,43.2,17:29,14:36,16,43,-5.7,129,51.2,rossima01
751,Marco Rossi,24,VAN,C,33,372,497,42.8,-1.7,260,369,41.3,-3.8,10.6,83.6,94.2,54.9,45.1,17:09,14:20,11,30,-5.8,74,52.7,rossima01
751,Marco Rossi,24,MIN,C,17,272,226,54.6,8.5,198,177,52.8,6.1,9.4,85.0,94.4,60.9,39.1,18:06,15:07,5,13,0.1,55,49.1,rossima01
752,Joshua Roy,22,MTL,RW,3,27,21,56.3,10.1,17,15,53.1,5.0,6.7,92.3,99.0,35.7,64.3,9:47,9:40,0,3,0.4,6,33.3,royjo01
753,Matt Roy,30,WSH,D,79,1342,1380,49.3,-0.4,978,959,50.5,-0.1,10.5,91.9,102.4,46.2,53.8,20:37,17:55,12,69,-4.7,213,44.1,royma04
754,Nicolas Roy,28,TOT,C,74,811,933,46.5,-2.1,571,669,46.0,-3.0,10.9,90.8,101.8,35.7,64.3,14:28,12:07,21,62,-4.0,161,47.2,royni01
754,Nicolas Roy,28,TOR,C,59,626,763,45.1,-0.5,443,541,45.0,-1.5,12.9,89.5,102.3,34.1,65.9,14:45,12:16,20,50,-5.2,125,44.0,royni01
754,Nicolas Roy,28,COL,C,15,185,170,52.1,-8.2,128,128,50.0,-9.0,4.7,96.5,101.2,41.7,58.3,13:18,11:29,1,12,1.2,36,58.3,royni01
755,Bryan Rust,33,PIT,RW,72,1071,1121,48.9,-1.7,796,823,49.2,-1.5,14.1,86.7,100.9,59.6,40.4,19:57,14:60,13,78,-3.7,352,52.0,rustbr01
756,Jonas Røndbjerg,26,VEG,RW,4,38,39,49.4,-0.3,29,30,49.2,0.2,10.0,77.8,87.8,57.9,42.1,12:05,11:40,1,0,0.6,12,50.0,rondbjo01
757,Brandon Saad,33,VEG,LW,49,617,586,51.3,0.2,448,412,52.1,0.3,6.3,89.7,95.9,52.9,47.1,13:23,12:27,11,30,5.2,146,53.4,saadbr01
758,Scott Sabourin,33,TBL,F,26,173,191,47.5,-6.4,134,146,47.9,-5.8,9.3,91.9,101.2,42.9,57.1,7:57,7:57,1,10,1.1,34,32.4,sabousc01
759,Elias Salomonsson,21,WPG,D,32,524,487,51.8,4.1,370,374,49.7,2.3,6.9,91.2,98.1,50.2,49.8,17:58,16:47,2,35,-0.9,111,33.3,salomel01
760,Josh Samanski,23,EDM,F,24,189,190,49.9,-1.7,131,126,51.0,-1.5,13.8,87.5,101.3,52.1,47.9,10:34,10:04,6,10,0.1,27,37.0,samanjo01
761,Dylan Samberg,27,WPG,D,66,1162,1117,51.0,1.6,859,803,51.7,3.3,8.9,90.9,99.9,45.3,54.7,21:49,19:10,27,66,3.5,208,41.8,sambedy01
762,Mackie Samoskevich,23,FLA,RW,77,1058,777,57.7,7.2,773,591,56.7,6.7,8.2,89.5,97.7,52.8,47.2,14:28,12:20,10,52,2.0,332,48.5,samosma01
763,Mattias Samuelsson,25,BUF,D,78,1432,1618,47.0,-3.1,1070,1176,47.6,-2.8,13.6,91.2,104.8,44.6,55.4,22:50,19:51,17,80,-2.1,246,44.3,samuema02
764,Jake Sanderson,23,OTT,D,67,1301,1052,55.3,4.0,948,723,56.7,4.8,11.3,88.7,100.0,50.3,49.7,24:50,18:38,31,81,12.8,374,39.3,sandeja01
765,Rasmus Sandin,25,WSH,D,73,1124,1250,47.3,-3.1,811,854,48.7,-2.8,11.7,89.9,101.6,48.3,51.7,19:12,16:58,32,89,-3.4,194,46.4,sandira01
766,Axel Sandin Pellikka,20,DET,D,68,950,940,50.3,1.2,681,689,49.7,-0.7,7.7,87.9,95.7,54.9,45.1,16:13,14:11,8,60,-3.9,211,32.2,sandiax01
767,Travis Sanheim,29,PHI,D,81,1363,1478,48.0,0.2,1007,1018,49.7,1.7,12.7,88.5,101.2,41.5,58.5,24:13,19:58,26,105,7.1,245,38.8,sanhetr01
768,Steven Santini,30,TBL,D,12,87,107,44.8,-12.0,55,81,40.4,-14.9,10.0,93.8,103.8,47.1,52.9,10:20,10:09,0,7,0.6,21,19.0,santist01
769,Max Sasson,25,VAN,F,66,649,673,49.1,1.3,464,504,47.9,0.7,9.0,88.6,97.5,53.6,46.4,11:43,11:10,12,38,-9.3,114,54.4,sassoma01
770,Matthew Savoie,22,EDM,C,82,976,964,50.3,-0.1,731,701,51.0,-0.1,10.6,89.2,99.8,60.3,39.7,14:47,12:20,32,52,4.4,241,57.3,savoima01
771,Matthew Schaefer,18,NYI,D,82,1726,1652,51.1,2.7,1265,1183,51.7,3.0,10.8,89.6,100.4,54.6,45.4,24:41,20:17,38,90,9.8,527,42.1,schaema01
772,Reid Schaefer,22,NSH,LW,47,361,478,43.0,-6.0,246,340,42.0,-6.3,5.6,90.7,96.3,39.8,60.2,9:38,9:32,5,19,-6.5,83,47.0,schaere01
773,Mark Scheifele,32,WPG,C,82,1451,1427,50.4,2.5,1088,1088,50.0,2.0,13.9,87.6,101.4,65.8,34.2,21:30,18:02,31,129,2.5,328,53.4,scheima01
774,Brayden Schenn,34,TOT,C,80,1073,1171,47.8,-1.1,762,860,47.0,-2.1,9.4,87.1,96.5,53.9,46.1,16:46,14:29,18,50,-4.0,237,50.2,schenbr01
774,Brayden Schenn,34,STL,C,61,812,901,47.4,-0.2,564,659,46.1,-2.0,8.8,88.1,96.9,51.5,48.5,16:41,14:39,15,43,-4.0,174,50.0,schenbr01
774,Brayden Schenn,34,NYI,C,19,261,270,49.2,-3.6,198,201,49.6,-1.9,11.0,82.9,93.9,62.1,37.9,17:04,13:55,3,7,0.0,63,50.8,schenbr01
775,Luke Schenn,36,TOT,D,50,492,637,43.6,-6.9,334,460,42.1,-8.6,8.9,88.3,97.2,41.8,58.2,13:40,12:02,7,44,-7.7,96,36.5,schenlu01
775,Luke Schenn,36,WPG,D,46,455,591,43.5,-6.4,307,426,41.9,-8.4,9.0,88.5,97.5,43.2,56.8,13:44,12:09,7,40,-6.6,89,36.0,schenlu01
775,Luke Schenn,36,BUF,D,4,37,46,44.6,-13.3,27,34,44.3,-11.2,6.7,87.0,93.6,26.9,73.1,12:47,10:45,0,4,-1.0,7,42.9,schenlu01
776,Nick Schmaltz,29,UTA,C,82,1284,1001,56.2,4.2,938,731,56.2,4.5,12.6,87.0,99.6,61.8,38.2,19:43,15:05,45,94,17.0,397,52.1,schmani01
777,Nate Schmidt,34,UTA,D,82,1423,1177,54.7,2.2,1019,866,54.1,1.5,12.4,90.6,103.0,51.1,48.9,19:42,17:05,14,75,13.8,232,37.1,schmina01
778,Braden Schneider,24,NYR,D,82,1238,1465,45.8,-5.1,868,1048,45.3,-4.4,10.8,90.3,101.1,41.5,58.5,20:27,17:39,22,96,-8.6,254,40.2,schnebr01
779,Jaden Schwartz,33,SEA,C,50,590,737,44.5,-1.9,416,533,43.8,-2.9,12.0,91.8,103.8,44.2,55.8,16:08,13:40,25,47,-6.6,156,52.6,schwaja01
780,Cole Schwindt,24,FLA,RW,29,209,212,49.6,-3.6,152,147,50.8,-2.2,13.8,86.9,100.7,52.3,47.7,10:02,9:01,3,8,2.6,45,55.6,schwico01
781,Donovan Sebrango,24,TOT,D,42,562,570,49.6,-2.3,414,421,49.6,-1.3,11.5,88.5,100.0,52.4,47.6,15:06,14:18,5,27,-6.9,100,33.0,sebrado01
781,Donovan Sebrango,24,FLA,D,40,540,547,49.7,-2.1,404,408,49.8,-0.8,11.7,88.3,100.1,53.0,47.0,15:06,14:15,5,26,-6.1,95,33.7,sebrado01
781,Donovan Sebrango,24,OTT,D,2,22,23,48.9,-7.2,10,13,43.5,-15.1,0.0,91.7,91.7,33.3,66.7,15:14,15:11,0,1,-0.8,5,20.0,sebrado01
782,Nick Seeler,32,PHI,D,80,1132,1186,48.8,1.3,824,808,50.5,2.5,8.4,90.3,98.7,50.5,49.5,17:41,15:40,13,58,6.8,251,37.5,seeleni01
783,Ronan Seeley,23,CAR,D,1,12,15,44.4,1.6,9,10,47.4,-0.8,16.7,87.5,104.2,66.7,33.3,15:12,14:33,0,1,-0.4,1,0.0,seelero01
784,Tyler Seguin,34,DAL,C,27,321,388,45.3,0.2,230,288,44.4,-1.7,13.2,94.3,107.5,43.1,56.9,16:40,14:18,3,21,-0.7,69,44.9,seguity01
785,Moritz Seider,24,DET,D,82,1751,1544,53.1,6.9,1301,1045,55.5,9.2,11.1,88.2,99.3,43.1,56.9,25:40,20:53,29,99,17.6,409,45.7,seidemo01
786,Beckett Sennecke,20,ANA,F,82,1372,1245,52.4,-0.1,1020,934,52.2,-0.6,10.1,87.7,97.8,57.2,42.8,17:27,15:03,26,96,6.5,388,51.0,sennebe01
787,Mikhail Sergachev,27,UTA,D,78,1524,1359,52.9,-1.0,1079,984,52.3,-1.5,10.5,88.3,98.8,52.1,47.9,24:18,18:15,32,108,6.8,366,43.4,sergami01
788,Damon Severson,31,CBJ,D,71,1464,1228,54.4,5.7,1065,896,54.3,6.0,10.5,90.2,100.7,48.9,51.1,21:04,19:21,28,82,11.0,238,39.1,severda01
789,Maksim Shabanov,25,NYI,F,44,472,580,44.9,-5.0,356,419,45.9,-4.8,10.5,89.7,100.3,50.3,49.7,13:41,12:04,11,35,-7.4,114,49.1,shabama01
790,Yegor Sharangovich,27,CGY,C,78,1054,1084,49.3,1.2,725,774,48.4,0.6,8.1,89.4,97.4,53.0,47.0,16:03,13:30,18,55,-7.9,303,46.9,sharaye01
791,Ryan Shea,28,PIT,D,80,1290,1352,48.8,-2.0,959,983,49.4,-1.7,14.2,91.0,105.2,47.1,52.9,18:53,16:27,24,57,4.5,191,37.7,sheary01
792,Conor Sheary,33,NYR,LW,62,732,747,49.5,-0.8,502,529,48.7,-0.9,7.8,92.5,100.3,46.3,53.7,14:06,12:38,18,42,-0.6,167,48.5,shearco01
793,Kiefer Sherwood,30,TOT,RW,72,1023,892,53.4,5.5,755,667,53.1,5.5,9.3,86.3,95.6,47.5,52.5,17:16,13:59,26,76,-2.4,357,48.2,sherwki01
793,Kiefer Sherwood,30,VAN,RW,44,576,537,51.8,3.9,430,399,51.9,4.7,9.7,86.4,96.1,47.7,52.3,17:32,13:16,18,47,-2.1,231,47.2,sherwki01
793,Kiefer Sherwood,30,SJS,RW,28,447,355,55.7,7.8,325,268,54.8,6.4,8.8,86.2,95.0,47.2,52.8,16:50,15:07,8,29,-0.3,126,50.0,sherwki01
794,Dominik Shine,32,DET,F,18,85,141,37.6,-10.8,65,103,38.7,-11.8,8.7,93.7,102.3,43.8,56.3,6:56,6:47,6,8,-1.1,19,68.4,shinedo01
795,Jonas Siegenthaler,28,NJD,D,82,1369,1398,49.5,-3.4,994,1004,49.7,-2.8,8.4,90.2,98.6,44.0,56.0,19:29,17:43,21,90,-5.3,166,36.1,siegejo01
796,Cole Sillinger,22,CBJ,C,81,1114,1148,49.2,-1.6,812,826,49.6,-0.9,10.4,89.9,100.3,45.0,55.0,15:13,14:09,31,58,-1.9,247,55.1,sillico01
797,Dmitriy Simashev,20,UTA,D,28,342,384,47.1,-7.5,258,268,49.0,-6.9,4.0,89.9,93.9,50.4,49.6,15:06,14:55,1,30,-1.2,50,52.0,simasdm01
798,Colton Sissons,32,VEG,C,66,593,639,48.1,-5.4,428,456,48.4,-5.8,5.2,90.4,95.6,35.5,64.5,12:30,10:34,12,30,3.1,136,54.4,sissoco01
799,Hunter Skinner,24,STL,D,1,5,9,35.7,-11.8,4,7,36.4,-5.5,50.0,80.0,130.0,100.0,0.0,10:45,10:45,0,0,-0.3,1,0.0,skinnhu01
800,Jeff Skinner,33,SJS,LW/C,32,296,368,44.6,-0.7,205,276,42.6,-2.0,9.0,88.6,97.6,39.8,60.2,12:21,10:35,10,27,-2.3,117,47.9,skinnje01
801,Brady Skjei,31,NSH,D,82,1400,1552,47.4,-4.1,1018,1196,46.0,-4.0,10.7,89.4,100.1,40.5,59.5,22:37,18:38,30,113,-11.0,273,40.7,skjeibr01
802,Wilmer Skoog,26,FLA,F,3,33,39,45.8,-7.1,29,25,53.7,1.8,18.8,100.0,118.8,31.3,68.8,15:01,14:06,0,1,-0.2,10,40.0,skoogwi01
803,Juraj Slafkovsky,21,MTL,LW,82,1282,1289,49.9,1.8,963,898,51.7,3.2,12.9,89.3,102.1,55.6,44.4,18:32,15:13,16,82,0.5,396,45.7,slafkju01
804,Landon Slaggert,23,CHI,LW,53,346,461,42.9,-3.1,254,332,43.3,-2.4,8.5,92.9,101.4,40.9,59.1,10:33,9:31,4,12,-7.4,83,56.6,slaggla01
805,Jaccob Slavin,31,CAR,D,39,758,557,57.6,-2.9,563,424,57.0,-3.2,10.8,88.9,99.6,48.3,51.7,21:19,18:22,32,37,1.0,127,49.6,slavija01
806,Josiah Slavin,27,CAR,LW,2,26,19,57.8,8.1,18,15,54.5,4.5,14.3,100.0,114.3,58.3,41.7,15:01,13:13,1,0,-0.4,4,0.0,slavijo01
807,Brendan Smith,36,CBJ,D,15,121,153,44.2,-6.7,80,109,42.3,-7.2,8.9,92.0,100.9,55.1,44.9,11:05,10:24,5,15,-2.2,21,47.6,smithbr05
808,Cole Smith,30,TOT,F,63,640,607,51.3,-1.9,461,440,51.2,-0.8,6.8,89.9,96.8,27.1,72.9,13:17,11:17,14,21,-1.7,145,47.6,smithco02
808,Cole Smith,30,NSH,F,42,435,454,48.9,-2.4,314,328,48.9,-0.4,8.4,88.5,96.9,25.6,74.4,14:07,11:49,13,15,-3.4,104,49.0,smithco02
808,Cole Smith,30,VEG,F,21,205,153,57.3,0.4,147,112,56.8,-0.5,3.3,94.4,97.7,30.8,69.2,11:38,10:14,1,6,1.7,41,43.9,smithco02
809,Reilly Smith,34,VEG,RW,69,803,789,50.4,-1.8,575,561,50.6,-1.8,8.3,88.3,96.6,50.6,49.4,13:41,12:21,10,62,2.2,165,57.6,smithre01
810,Will Smith,20,SJS,C,69,951,984,49.1,3.6,705,731,49.1,4.8,11.9,89.8,101.8,62.1,37.9,18:11,14:49,14,83,3.7,320,51.9,smithwi01
811,Jimmy Snuggerud,21,STL,RW,70,944,1024,48.0,-0.1,674,752,47.3,-0.7,12.9,92.0,104.8,52.5,47.5,16:42,14:26,24,61,4.3,335,50.4,snuggji01
812,Elmer Söderblom,24,TOT,RW,59,548,625,46.7,-2.3,390,430,47.6,-2.0,8.2,92.4,100.6,38.2,61.8,11:07,10:52,13,46,1.9,145,47.6,soderel01
812,Elmer Söderblom,24,DET,RW,39,355,395,47.3,-1.5,256,277,48.0,-1.8,4.0,94.4,98.4,45.8,54.2,10:41,10:35,7,29,0.5,96,43.8,soderel01
812,Elmer Söderblom,24,PIT,RW,20,193,230,45.6,-3.8,134,153,46.7,-2.4,15.2,88.5,103.8,26.9,73.1,11:57,11:24,6,17,1.4,49,55.1,soderel01
813,Victor Söderström,24,BOS,D,8,90,119,43.1,-9.5,64,82,43.8,-9.3,15.0,93.5,108.5,59.7,40.3,13:41,13:35,2,11,-0.6,15,53.3,sodervi01
814,Ilya Solovyov,25,TOT,D,30,410,340,54.7,1.5,305,227,57.3,5.1,10.4,87.6,98.0,47.5,52.5,12:45,12:27,5,19,4.8,68,33.8,solovil01
814,Ilya Solovyov,25,COL,D,16,223,163,57.8,0.8,159,108,59.6,3.4,5.8,91.6,97.4,57.4,42.6,11:34,11:23,3,6,2.5,43,32.6,solovil01
814,Ilya Solovyov,25,PIT,D,14,187,177,51.4,3.4,146,119,55.1,7.8,15.7,83.3,99.1,37.1,62.9,14:06,13:40,2,13,2.4,25,36.0,solovil01
815,Carson Soucy,31,TOT,D,76,966,1135,46.0,-5.6,686,823,45.5,-5.5,8.9,91.4,100.3,48.7,51.3,16:31,14:59,20,77,-9.5,159,39.0,soucyca01
815,Carson Soucy,31,NYR,D,46,571,734,43.8,-7.8,400,525,43.2,-7.3,10.2,93.1,103.3,46.0,54.0,17:13,15:29,14,49,-7.4,94,41.5,soucyca01
815,Carson Soucy,31,NYI,D,30,395,401,49.6,-2.1,286,298,49.0,-2.5,6.9,88.5,95.3,53.8,46.2,15:27,14:14,6,28,-2.1,65,35.4,soucyca01
816,Justin Sourdif,23,WSH,RW,78,995,986,50.2,1.0,723,694,51.0,1.0,10.9,92.2,103.2,37.9,62.1,14:44,13:36,21,55,2.3,225,48.0,sourdju01
817,David Spacek,22,MIN,D,2,10,41,19.6,-28.6,10,27,27.0,-21.1,16.7,87.5,104.2,37.5,62.5,10:45,10:45,0,1,-1.1,0,,spaceda01
818,Jordan Spence,24,OTT,D,73,1429,936,60.4,11.1,1051,678,60.8,10.6,9.3,89.8,99.1,67.5,32.5,18:44,17:16,16,68,23.0,280,38.6,spencjo01
819,Jared Spurgeon,36,MIN,D,79,1196,1298,48.0,-0.5,892,919,49.3,0.1,8.3,92.3,100.6,46.8,53.2,19:36,16:22,15,56,-0.5,204,44.1,spurgja01
820,Jack St. Ivany,26,PIT,D,20,282,299,48.5,-3.8,206,217,48.7,-2.9,12.0,91.8,103.8,45.8,54.2,16:20,15:01,4,22,1.3,43,39.5,stivajo01
821,Jordan Staal,37,CAR,C,75,1118,805,58.1,-2.1,794,586,57.5,-1.7,10.3,87.4,97.7,46.8,53.2,16:11,13:10,16,46,4.8,226,47.3,staaljo01
822,Steven Stamkos,35,NSH,C,82,1201,1163,50.8,1.1,872,898,49.3,1.1,11.3,87.5,98.8,51.8,48.2,17:50,14:36,24,65,-3.3,408,50.5,stamkst01
823,Logan Stankoven,22,CAR,C,81,1339,834,61.6,2.7,952,637,59.9,1.6,10.4,88.8,99.2,67.6,32.4,15:27,13:51,28,46,13.3,315,52.7,stanklo01
824,Logan Stanley,27,TOT,D,76,1065,1154,48.0,-2.4,770,859,47.3,-3.3,11.1,91.4,102.5,46.0,54.0,16:42,15:18,17,66,-9.5,260,36.5,stanllo01
824,Logan Stanley,27,WPG,D,59,847,948,47.2,-2.4,602,710,45.9,-4.2,11.2,90.9,102.1,49.2,50.8,17:12,15:56,11,52,-8.9,208,35.1,stanllo01
824,Logan Stanley,27,BUF,D,17,218,206,51.4,-1.5,168,149,53.0,0.9,10.6,94.0,104.6,34.1,65.9,14:57,13:03,6,14,-0.7,52,42.3,stanllo01
825,Spencer Stastney,26,TOT,D,66,839,815,50.7,-1.1,606,584,50.9,-0.2,7.2,89.6,96.7,49.4,50.6,15:30,14:00,19,66,-4.1,123,45.5,stastsp01
825,Spencer Stastney,26,EDM,D,36,428,500,46.1,-6.8,320,360,47.1,-6.6,6.9,89.3,96.2,47.5,52.5,16:02,14:34,10,44,-6.9,56,46.4,stastsp01
825,Spencer Stastney,26,NSH,D,30,411,315,56.6,6.2,286,224,56.1,8.1,7.5,90.0,97.5,51.9,48.1,14:52,13:20,9,22,2.8,67,44.8,stastsp01
826,Troy Stecher,31,TOT,D,64,951,1149,45.3,1.3,705,868,44.8,0.2,10.3,90.1,100.5,42.6,57.4,19:11,17:11,13,71,-6.0,172,37.2,stechtr01
826,Troy Stecher,31,TOR,D,58,898,1068,45.7,2.3,671,808,45.4,1.4,10.4,89.8,100.3,42.2,57.8,19:46,17:35,11,63,-4.6,163,37.4,stechtr01
826,Troy Stecher,31,EDM,D,6,53,81,39.6,-9.6,34,60,36.2,-14.4,8.3,94.6,102.9,47.5,52.5,13:37,13:18,2,8,-1.5,9,33.3,stechtr01
827,Sam Steel,27,DAL,C,73,806,927,46.5,-1.8,577,641,47.4,-1.3,11.1,90.9,101.9,53.0,47.0,16:04,13:32,20,50,0.3,149,55.0,steelsa01
828,Alex Steeves,26,BOS,F,43,425,432,49.6,1.6,309,296,51.1,3.5,10.6,91.7,102.3,47.9,52.1,11:56,10:33,9,23,-0.5,109,50.5,steeval02
829,Otto Stenberg,20,STL,C,32,323,379,46.0,-2.5,222,270,45.1,-3.3,8.9,94.5,103.4,42.9,57.1,13:37,12:15,5,15,-4.0,65,47.7,stenbot01
830,Kevin Stenlund,29,UTA,C,80,798,889,47.3,-7.7,553,600,48.0,-6.6,8.7,89.4,98.2,34.1,65.9,14:29,11:18,13,50,-10.4,167,39.5,stenlke01
831,Chandler Stephenson,31,SEA,C,80,993,1442,40.8,-7.0,712,1057,40.2,-8.1,9.7,90.2,99.9,34.4,65.6,19:23,14:52,32,67,-16.7,159,58.5,stephch02
832,Riley Stillman,27,EDM,D,4,31,46,40.3,-8.7,23,39,37.1,-9.9,11.8,95.8,107.6,34.6,65.4,12:02,12:02,0,2,-0.3,4,25.0,stillri01
833,Mark Stone,33,VEG,RW,60,967,739,56.7,6.0,709,513,58.0,7.9,14.2,87.6,101.8,61.2,38.8,19:13,14:36,28,70,16.3,241,53.9,stonema01
834,Dylan Strome,28,WSH,C,80,1248,1235,50.3,1.3,915,896,50.5,0.3,13.2,88.4,101.6,67.8,32.2,18:02,14:52,19,75,5.1,261,54.8,stromdy01
835,Ryan Strome,32,TOT,C,52,628,606,50.9,1.0,448,446,50.1,-0.7,10.4,87.4,97.8,54.4,45.6,13:18,11:57,8,42,-0.2,119,47.9,stromry01
835,Ryan Strome,32,ANA,C,33,407,328,55.4,3.1,295,235,55.7,2.3,8.4,86.2,94.6,52.5,47.5,12:10,10:55,5,22,3.4,81,43.2,stromry01
835,Ryan Strome,32,CGY,C,19,221,278,44.3,-0.7,153,211,42.0,-3.4,13.6,88.5,102.1,57.1,42.9,15:15,13:45,3,20,-3.6,38,57.9,stromry01
836,William Stromgren,22,CGY,LW,3,12,25,32.4,-16.6,10,17,37.0,-9.2,0.0,92.3,92.3,50.0,50.0,7:17,7:17,0,0,-1.1,2,100.0,stromwi01
837,Jayden Struble,24,MTL,D,59,715,718,49.9,1.0,516,517,50.0,0.1,11.7,90.6,102.3,58.9,41.1,14:01,13:52,13,52,-1.9,89,29.2,strubja01
838,Jack Studnicka,26,FLA,C,19,104,133,43.9,-7.6,68,94,42.0,-7.7,4.5,86.7,91.2,54.2,45.8,7:06,6:54,3,4,-2.1,26,61.5,studnja01
839,Nico Sturm,30,MIN,C,49,378,483,43.9,-5.9,288,329,46.7,-3.7,8.4,91.8,100.2,31.9,68.1,10:57,9:09,10,20,-0.1,73,52.1,sturmni01
840,Tim Stützle,24,OTT,LW,80,1273,1057,54.6,2.8,921,779,54.2,1.1,12.4,86.9,99.3,71.5,28.5,20:16,14:57,34,92,11.1,364,53.3,stuetti02
841,Oskar Sundqvist,31,STL,C,52,370,596,38.3,-11.0,263,410,39.1,-10.1,11.6,85.8,97.4,27.3,72.7,12:58,10:36,12,23,-9.4,71,52.1,sundqos01
842,Aydar Suniev,21,CGY,LW,6,49,57,46.2,1.7,34,41,45.3,-0.8,7.4,92.0,99.4,58.1,41.9,11:37,10:05,2,3,0.7,15,60.0,sunieay01
843,Pius Suter,29,STL,F,64,744,788,48.6,0.0,563,585,49.0,0.9,10.2,92.5,102.7,42.3,57.7,15:54,13:02,13,34,2.1,181,52.5,suterpi01
844,Nick Suzuki,26,MTL,C,82,1443,1255,53.5,7.3,1077,861,55.6,9.1,14.1,89.8,103.9,53.1,46.9,20:49,16:34,29,72,12.6,385,47.5,suzukni01
845,Fedor Svechkov,22,NSH,C,70,745,753,49.7,-0.3,517,566,47.7,-1.2,8.5,90.2,98.7,55.3,44.7,12:05,11:28,19,49,0.5,143,49.0,svechfe01
846,Andrei Svechnikov,25,CAR,RW,79,1421,925,60.6,1.3,1034,726,58.8,0.1,9.2,88.1,97.4,61.4,38.6,16:59,14:00,23,92,9.1,426,47.7,svechan01
847,Adam Sykora,21,NYR,LW,11,106,120,46.9,-5.4,70,80,46.7,-5.8,11.9,89.8,101.7,55.2,44.8,11:10,11:01,2,3,-0.1,27,55.6,sykorad01
848,Brandon Tanev,34,UTA,LW,56,437,485,47.4,-6.7,310,333,48.2,-6.0,4.8,89.1,94.0,39.9,60.1,9:22,9:11,7,35,-6.4,86,48.8,tanevbr01
849,Chris Tanev,36,TOR,D,11,137,165,45.4,-2.4,104,119,46.6,-2.2,17.8,92.1,109.9,37.5,62.5,17:58,15:47,5,8,1.1,18,44.4,tanevch01
850,Vladimir Tarasenko,34,MIN,RW,75,872,1055,45.3,-4.8,633,726,46.6,-4.2,9.7,90.1,99.7,47.5,52.5,14:56,12:39,12,65,-3.4,278,53.2,tarasvl01
851,John Tavares,35,TOR,C,82,1208,1292,48.3,5.1,907,955,48.7,5.0,11.6,86.2,97.8,54.4,45.6,18:11,15:27,26,75,-4.5,383,50.1,tavarjo01
852,Teuvo Teräväinen,31,CHI,F,75,818,926,46.9,1.3,602,701,46.2,1.2,7.3,87.4,94.7,47.7,52.3,17:45,12:51,22,71,-14.2,191,46.6,teravte01
853,Troy Terry,28,ANA,C/RW,61,1014,809,55.6,3.8,758,599,55.9,4.1,12.2,86.2,98.5,58.1,41.9,18:21,14:14,25,49,9.7,314,51.3,terrytr01
854,Alexandre Texier,26,TOT,C,51,627,571,52.3,3.8,437,408,51.7,1.9,10.0,93.1,103.1,46.5,53.5,13:39,12:26,6,23,2.7,150,49.3,texieal01
854,Alexandre Texier,26,MTL,C,43,569,501,53.2,5.1,399,355,52.9,3.1,10.6,92.7,103.3,47.6,52.4,14:17,12:57,5,21,2.7,137,48.9,texieal01
854,Alexandre Texier,26,STL,C,8,58,70,45.3,-6.0,38,53,41.8,-7.9,3.8,96.3,100.1,35.5,64.5,10:15,9:41,1,2,0.0,13,53.8,texieal01
855,Shea Theodore,30,VEG,D,70,1460,1255,53.8,1.5,1060,903,54.0,1.8,10.4,90.1,100.4,52.1,47.9,22:50,19:59,23,90,14.8,322,40.4,theodsh01
856,Robert Thomas,26,STL,C,64,929,889,51.1,5.5,668,658,50.4,4.6,14.5,90.3,104.8,51.7,48.3,19:01,15:08,31,96,6.8,195,52.3,thomaro01
857,Tage Thompson,28,BUF,C,81,1288,1268,50.4,2.1,952,938,50.4,1.4,12.5,87.8,100.3,55.7,44.3,19:15,15:41,28,69,-6.8,557,48.8,thompta01
858,Lassi Thomson,25,OTT,D,11,139,124,52.9,4.1,104,92,53.1,3.0,11.6,92.9,104.5,48.6,51.4,13:45,13:01,4,6,1.6,31,35.5,thomsla01
859,Henry Thrun,24,TOR,D,4,37,52,41.6,-5.4,28,36,43.8,-3.2,4.8,91.3,96.1,31.4,68.6,14:52,14:27,0,1,-1.0,5,80.0,thrunhe01
860,Conor Timmins,27,BUF,D,39,529,676,43.9,-8.6,400,483,45.3,-6.6,9.5,89.7,99.2,43.2,56.8,18:46,15:43,8,45,-6.0,108,40.7,timmico01
861,Owen Tippett,26,PHI,RW,81,1038,1071,49.2,1.9,768,764,50.1,2.0,11.7,87.1,98.8,46.5,53.5,16:51,14:12,28,89,7.7,435,50.8,tippeow01
862,Brady Tkachuk,26,OTT,LW,60,987,715,58.0,6.8,729,507,59.0,7.0,9.6,86.6,96.2,66.3,33.7,16:58,13:36,14,40,24.0,370,59.7,tkachbr01
863,Matthew Tkachuk,28,FLA,LW/RW,31,502,376,57.2,6.4,362,304,54.4,4.1,11.1,87.0,98.1,58.1,41.9,18:18,14:24,8,38,2.3,192,45.8,tkachma01
864,Devon Toews,31,COL,D,68,1476,1144,56.3,-0.3,1051,854,55.2,-1.3,12.0,91.7,103.6,58.1,41.9,22:22,18:33,29,64,16.3,240,47.9,toewsde01
865,Jonathan Toews,37,WPG,C,82,922,986,48.3,-0.7,656,722,47.6,-1.5,7.0,89.8,96.8,58.6,41.4,14:29,12:23,19,66,-5.5,177,59.3,toewsjo01
866,Tyler Toffoli,33,SJS,C,79,900,963,48.3,2.4,638,690,48.0,2.8,11.2,87.0,98.2,51.5,48.5,14:59,12:01,18,58,3.5,350,49.1,toffoty01
867,Eeli Tolvanen,26,SEA,RW,78,898,1179,43.2,-3.1,631,840,42.9,-3.9,9.4,89.8,99.2,38.7,61.3,16:03,13:10,18,49,-12.2,294,48.0,tolvaee01
868,David Tomasek,29,EDM,F,22,164,190,46.3,-5.8,116,134,46.4,-6.2,7.1,87.0,94.1,51.1,48.9,10:46,8:56,3,12,0.8,52,57.7,tomasda01
869,Philip Tomasino,24,PIT,C,9,92,107,46.2,-2.8,57,72,44.2,-5.0,3.0,94.0,97.0,59.5,40.5,12:10,11:56,0,3,-1.5,21,42.9,tomasph01
870,Dominic Toninato,31,CHI,C,8,68,52,56.7,11.7,47,39,54.7,12.0,3.2,95.7,98.9,50.0,50.0,9:09,9:09,2,2,-0.2,16,50.0,tonindo01
871,Alexey Toropchenko,26,STL,RW,65,464,673,40.8,-8.9,330,460,41.8,-7.5,7.9,89.3,97.2,27.2,72.8,11:59,10:19,8,30,-6.4,113,60.2,toropal01
872,Yakov Trenin,29,MIN,C,82,843,996,45.8,-3.2,624,690,47.5,-2.1,10.7,93.0,103.7,37.6,62.4,13:17,11:50,24,63,-1.7,191,51.3,treniya01
873,Bogdan Trineyev,23,WSH,RW,2,23,14,62.2,12.6,19,10,65.5,16.6,0.0,100.0,100.0,50.0,50.0,10:32,10:18,1,1,0.0,3,33.3,trinebo01
874,Vincent Trocheck,32,NYR,C,67,1019,995,50.6,3.4,692,747,48.1,1.1,13.0,86.4,99.5,52.0,48.0,20:33,15:29,27,80,-7.4,256,44.5,trochvi01
875,Jacob Trouba,31,ANA,D,81,1672,1554,51.8,-1.0,1224,1125,52.1,-0.7,9.4,89.2,98.6,48.9,51.1,22:50,19:04,22,89,-3.1,345,48.1,troubja01
876,Maxim Tsyplakov,27,TOT,F,49,385,394,49.4,-1.5,284,276,50.7,-0.7,5.3,84.7,89.9,54.4,45.6,9:07,9:00,8,28,-5.1,91,46.2,tsyplma01
876,Maxim Tsyplakov,27,NYI,F,27,235,234,50.1,1.3,169,156,52.0,2.5,6.9,84.2,91.1,55.1,44.9,9:39,9:30,3,16,-2.9,52,42.3,tsyplma01
876,Maxim Tsyplakov,27,NJD,F,22,150,160,48.4,-4.9,115,120,48.9,-4.5,2.9,85.3,88.2,53.5,46.5,8:28,8:24,5,12,-2.1,39,51.3,tsyplma01
877,Alex Tuch,29,BUF,RW,79,1235,1209,50.5,2.0,928,885,51.2,2.3,13.7,89.4,103.2,53.6,46.4,18:60,14:53,39,60,-1.8,376,51.9,tuchal01
878,Tyler Tucker,25,STL,D,69,804,792,50.4,3.8,596,591,50.2,3.9,11.6,86.0,97.6,49.5,50.5,14:22,13:14,13,58,1.0,160,42.5,tuckety01
879,Riley Tufte,27,BOS,LW,4,43,58,42.6,-7.1,36,39,48.0,0.7,0.0,94.7,94.7,23.8,76.2,11:40,10:23,0,1,0.4,8,50.0,tufteri01
880,Alex Turcotte,24,LAK,C,62,704,586,54.6,3.2,497,416,54.4,3.8,6.4,89.1,95.6,55.8,44.2,10:50,10:31,14,27,8.4,138,48.6,turcoal02
881,Ryan Tverberg,24,TOR,C,2,12,18,40.0,-6.0,10,13,43.5,-1.5,16.7,100.0,116.7,66.7,33.3,9:52,9:52,0,1,0.3,2,50.0,tverbry01
882,T.J. Tynan,33,COL,C,1,9,17,34.6,-15.9,6,14,30.0,-17.8,25.0,100.0,125.0,40.0,60.0,8:13,8:13,0,0,-0.7,1,100.0,tynant.01
883,Kai Uchacz,22,VEG,F,3,19,30,38.8,-14.8,15,17,46.9,-10.0,10.0,83.3,93.3,60.0,40.0,12:11,11:31,0,2,-0.3,3,66.7,uchacka01
884,Ryan Ufko,22,NSH,D,18,194,241,44.6,-0.1,135,182,42.6,-0.5,12.4,91.3,103.6,56.8,43.2,13:53,12:14,3,12,-2.1,33,33.3,ufkory01
885,Felix Unger Sorum,20,CAR,RW,1,6,10,37.5,-6.9,6,6,50.0,2.5,25.0,100.0,125.0,40.0,60.0,14:35,13:46,0,3,-0.2,2,0.0,ungerfe01
886,Urho Vaakanainen,27,NYR,D,34,408,399,50.6,2.4,275,291,48.6,0.9,9.9,91.5,101.4,35.4,64.6,13:51,13:13,5,22,0.0,66,34.8,vaakaur01
887,James van Riemsdyk,36,DET,LW,72,694,755,47.9,-0.5,508,540,48.5,-1.2,7.2,89.2,96.4,47.3,52.7,11:45,9:54,11,39,0.0,201,49.3,vanrija01
888,Trevor van Riemsdyk,34,WSH,D,68,899,974,48.0,-1.9,637,662,49.0,-1.6,10.5,91.1,101.6,41.8,58.2,16:14,14:27,17,46,2.8,104,42.3,vanritr01
889,Frank Vatrano,31,ANA,LW,50,506,546,48.1,-5.0,361,400,47.4,-5.7,6.6,87.9,94.5,44.9,55.1,11:49,10:16,6,17,-7.2,148,53.4,vatrafr01
890,Joe Veleno,26,MTL,C,61,518,596,46.5,-2.6,353,411,46.2,-4.1,8.3,88.4,96.6,43.3,56.7,12:05,10:31,8,19,-1.4,100,52.0,velenjo01
891,Carter Verhaeghe,30,FLA,C,77,1313,1060,55.3,4.8,941,834,53.0,2.7,10.6,86.2,96.9,57.0,43.0,17:37,14:53,29,66,5.5,384,48.7,verhaca01
892,Jeffrey Viel,29,TOT,F,45,602,522,53.6,1.2,448,365,55.1,2.9,8.6,88.3,96.9,47.1,52.9,11:56,11:46,8,30,4.4,128,48.4,vielje01
892,Jeffrey Viel,29,ANA,F,35,490,431,53.2,0.8,367,309,54.3,1.8,9.1,88.3,97.4,47.0,53.0,12:37,12:26,7,28,3.0,107,47.7,vielje01
892,Jeffrey Viel,29,BOS,F,10,112,91,55.2,2.9,81,56,59.1,7.9,6.4,88.6,95.0,47.5,52.5,9:30,9:24,1,2,1.4,21,52.4,vielje01
893,Gabriel Vilardi,26,WPG,C,82,1233,1252,49.6,1.1,935,950,49.6,1.3,12.2,87.9,100.1,65.4,34.6,18:44,15:38,14,63,-0.6,299,50.2,vilarga01
894,Topias Vilen,22,NJD,D,2,25,22,53.2,-0.8,15,19,44.1,-7.3,10.0,100.0,110.0,38.5,61.5,15:28,15:19,0,1,-0.2,1,0.0,vilento01
895,William Villeneuve,23,TOR,D,3,41,45,47.7,3.0,32,32,50.0,7.8,6.3,100.0,106.3,57.1,42.9,17:20,17:20,1,1,-1.2,6,33.3,villewi01
896,Sandis Vilmanis,22,FLA,LW,19,176,155,53.2,-0.5,131,118,52.6,0.5,8.6,88.2,96.9,65.3,34.7,10:24,10:04,5,11,0.9,30,50.0,vilmasa01
897,Alex Vlasic,24,CHI,D,81,1244,1542,44.7,-1.9,902,1161,43.7,-2.6,9.8,90.1,99.8,35.0,65.0,21:08,18:13,28,92,-29.9,213,40.4,vlasial01
898,Dmitri Voronkov,25,CBJ,LW,63,825,737,52.8,3.4,598,533,52.9,3.9,9.6,89.2,98.8,64.5,35.5,13:56,11:55,9,41,5.4,194,56.7,vorondi01
899,Nathan Walker,31,STL,C,46,372,479,43.7,-5.5,277,326,45.9,-2.2,10.8,85.4,96.2,33.7,66.3,11:59,10:56,3,26,-2.7,72,54.2,walkena01
900,Sean Walker,31,CAR,D,81,1854,1191,60.9,1.9,1305,862,60.2,2.4,9.5,86.7,96.2,55.5,44.5,21:49,19:08,33,96,19.2,449,39.9,walkese01
901,Jake Walman,29,EDM,D,53,874,939,48.2,-4.1,632,664,48.8,-3.8,9.1,85.7,94.9,57.8,42.2,18:45,17:04,14,60,-1.0,208,46.2,walmaja01
902,Taylor Ward,27,LAK,F,36,324,335,49.2,-2.4,212,215,49.6,-2.0,9.6,92.5,102.0,32.8,67.2,9:28,8:51,2,20,-2.0,99,38.4,wardta01
903,Marshall Warren,24,NYI,D,8,78,74,51.3,-0.4,56,57,49.6,-1.5,8.3,91.2,99.5,59.6,40.4,11:29,11:12,1,7,0.3,19,36.8,warrema01
904,Tim Washe,24,ANA,F,39,356,389,47.8,-5.6,261,272,49.0,-4.4,7.4,89.9,97.3,31.6,68.4,12:03,10:08,12,11,-7.1,76,43.4,washeti01
905,MacKenzie Weegar,32,TOT,D,79,1592,1473,51.9,1.3,1091,1032,51.4,1.4,7.3,87.0,94.3,52.3,47.7,22:28,18:47,32,124,-4.8,393,39.2,weegama01
905,MacKenzie Weegar,32,CGY,D,60,1208,1155,51.1,1.1,826,799,50.8,1.4,6.3,86.5,92.8,53.6,46.4,23:07,19:01,19,98,-4.7,313,39.9,weegama01
905,MacKenzie Weegar,32,UTA,D,19,384,318,54.7,2.0,265,233,53.2,1.4,10.8,88.9,99.7,48.2,51.8,20:25,18:02,13,26,-0.1,80,36.3,weegama01
906,Alexander Wennberg,31,SJS,C,80,1071,1159,48.0,1.7,748,831,47.4,1.6,11.1,86.4,97.6,41.1,58.9,20:27,14:57,35,54,-3.1,170,54.7,wennbal01
907,Zach Werenski,28,CBJ,D,75,1901,1655,53.5,4.9,1357,1210,52.9,4.7,10.8,88.9,99.7,55.5,44.5,26:37,22:21,35,125,10.2,590,44.1,werenza01
908,Colton White,28,NJD,D,23,226,248,47.7,-3.8,165,175,48.5,-1.6,8.3,93.1,101.4,50.4,49.6,12:15,12:09,4,21,1.5,32,43.8,whiteco03
909,Zach Whitecloud,29,TOT,D,78,1293,1366,48.6,-0.5,917,989,48.1,-1.7,9.1,90.3,99.5,47.6,52.4,20:19,17:60,15,73,-6.8,191,35.1,whiteza01
909,Zach Whitecloud,29,VEG,D,47,731,723,50.3,-0.2,516,520,49.8,-1.6,9.7,87.2,96.9,55.5,44.5,18:46,16:58,9,35,-1.0,105,31.4,whiteza01
909,Zach Whitecloud,29,CGY,D,31,562,643,46.6,-0.3,401,469,46.1,-1.3,8.4,93.6,101.9,37.6,62.4,22:40,19:32,6,38,-5.8,86,39.5,whiteza01
910,Abram Wiebe,22,CGY,D,4,39,55,41.5,-2.2,28,44,38.9,-6.8,5.3,96.6,101.8,67.6,32.4,12:01,12:01,0,2,-1.7,5,0.0,wiebeab01
911,Ozzy Wiesblatt,23,NSH,RW,40,317,357,47.0,-5.2,216,268,44.6,-5.0,11.1,87.7,98.8,28.1,71.9,10:11,9:31,7,15,-3.6,62,40.3,wiesboz01
912,Tom Willander,20,VAN,D,70,827,1087,43.2,-5.0,595,808,42.4,-5.4,10.9,88.4,99.3,46.2,53.8,16:59,15:19,11,58,-12.3,151,39.1,willato01
913,Adam Wilsby,25,NSH,D,58,879,837,51.2,2.0,625,633,49.7,1.4,9.0,91.0,100.0,43.4,56.6,17:01,15:57,15,47,-3.6,136,43.4,wilsbad01
914,Garrett Wilson,34,PHI,LW,3,13,24,35.1,-9.8,10,18,35.7,-10.4,12.5,91.7,104.2,54.5,45.5,8:41,8:41,1,1,0.0,3,100.0,wilsoga01
915,Tom Wilson,31,WSH,RW,72,1096,948,53.6,5.7,810,651,55.4,7.1,13.3,88.1,101.4,44.6,55.4,19:28,14:30,18,84,7.1,302,50.7,wilsoto01
916,Ryan Winterton,22,SEA,C,68,616,749,45.1,-0.6,458,548,45.5,-0.5,10.4,91.3,101.7,36.5,63.5,11:59,10:59,21,37,-0.8,159,54.7,wintery01
917,Matthew Wood,20,NSH,RW,71,754,750,50.1,0.4,531,584,47.6,-0.9,11.2,88.8,100.0,61.8,38.2,12:19,10:46,10,41,-0.8,192,53.6,woodma01
918,Miles Wood,30,CBJ,LW,54,558,667,45.6,-5.8,390,498,43.9,-7.1,8.4,89.2,97.6,38.7,61.3,11:51,11:05,5,34,-7.0,132,53.8,woodmi01
919,Parker Wotherspoon,28,PIT,D,80,1374,1295,51.5,1.6,989,963,50.7,0.0,11.4,89.8,101.1,49.5,50.5,20:10,17:46,26,118,10.0,159,44.0,wothepa01
920,Jared Wright,23,LAK,RW,23,257,255,50.2,-1.1,190,170,52.8,0.4,6.3,92.1,98.4,27.7,72.3,11:26,11:23,4,7,4.0,54,59.3,wrighja03
921,Shane Wright,22,SEA,C,74,800,929,46.3,2.0,595,649,47.8,3.3,8.7,93.5,102.2,66.9,33.1,13:48,12:11,12,67,3.1,188,51.6,wrighsh01
922,Arber Xhekaj,25,MTL,D,65,586,661,47.0,-1.7,411,456,47.4,-2.3,9.4,89.1,98.5,56.7,43.3,11:25,11:06,2,35,-7.0,125,32.0,xhekaar01
923,Florian Xhekaj,21,MTL,LW,5,29,47,38.2,-3.7,18,31,36.7,-4.7,7.7,89.5,97.2,43.5,56.5,9:36,9:35,0,4,-1.1,8,50.0,xhekafl01
924,Brayden Yager,21,WPG,C,3,21,27,43.8,-0.3,18,20,47.4,5.6,11.1,93.3,104.4,55.6,44.4,10:59,9:10,0,1,-0.3,4,50.0,yagerbr01
925,Carter Yakemchuk,20,OTT,D,4,50,63,44.2,-0.7,37,46,44.6,1.8,11.8,89.3,101.1,80.6,19.4,14:32,12:49,1,7,-1.4,13,38.5,yakemca01
926,Kailer Yamamoto,27,UTA,RW,59,613,562,52.2,-0.9,437,392,52.7,0.3,13.4,89.4,102.8,47.5,52.5,11:48,11:18,17,24,2.8,92,66.3,yamamka01
927,Cameron York,25,PHI,D,74,1089,1262,46.3,-2.6,800,857,48.3,-1.0,12.6,88.0,100.6,45.9,54.1,22:32,18:08,20,67,6.7,198,44.9,yorkca01
928,Danila Yurov,22,MIN,RW,73,775,895,46.4,-2.5,578,634,47.7,-1.8,9.6,90.0,99.7,54.8,45.2,13:18,12:26,16,45,-3.6,171,46.8,yurovda01
929,Pavel Zacha,28,BOS,C,78,970,1042,48.2,-0.7,716,753,48.7,-0.3,14.2,89.0,103.1,45.5,54.5,16:51,13:01,18,61,-9.4,233,56.2,zachapa01
930,Nikita Zadorov,30,BOS,D,81,1391,1516,47.9,-1.1,1006,1105,47.7,-1.8,11.1,92.7,103.8,41.7,58.3,20:53,18:09,33,94,-16.8,263,40.7,zadorni01
931,Egor Zamula,25,TOT,D,33,352,372,48.6,-1.3,245,259,48.6,-2.3,11.4,91.9,103.4,57.2,42.8,13:04,12:37,6,27,-0.7,51,35.3,zamulye01
931,Egor Zamula,25,CBJ,D,20,195,223,46.7,-4.4,136,158,46.3,-5.7,10.3,93.0,103.3,46.8,53.2,12:27,12:06,5,17,-2.2,32,28.1,zamulye01
931,Egor Zamula,25,PHI,D,13,157,149,51.3,3.5,109,101,51.9,2.8,12.7,90.2,102.8,68.6,31.4,14:02,13:24,1,10,1.5,19,47.4,zamulye01
932,Connor Zary,24,CGY,C,74,888,886,50.1,1.0,622,649,48.9,0.1,8.1,90.1,98.2,50.7,49.3,14:22,12:43,14,44,-3.1,195,56.9,zaryco01
933,Trevor Zegras,24,PHI,C,81,1178,1194,49.7,2.7,871,873,49.9,1.9,12.3,88.5,100.8,59.2,40.8,18:43,15:42,25,80,6.0,350,47.7,zegratr01
934,Olen Zellweger,22,ANA,D,76,1329,1160,53.4,1.7,970,840,53.6,1.9,10.0,89.6,99.6,55.8,44.2,16:59,15:20,19,64,-3.3,302,39.4,zellwol01
935,Fabian Zetterlund,26,OTT,W,82,971,872,52.7,0.0,710,617,53.5,0.0,10.0,88.6,98.6,57.1,42.9,12:55,11:42,20,36,8.9,272,48.5,zettefa01
936,Danil Zhilkin,22,WPG,C,6,16,46,25.8,-20.3,13,28,31.7,-14.7,27.3,100.0,127.3,35.3,64.7,7:35,6:47,0,1,-0.4,7,57.1,zhilkda01
937,Mika Zibanejad,32,NYR,C,81,1274,1258,50.3,1.8,920,940,49.5,2.0,10.4,87.5,97.8,54.0,46.0,20:54,15:40,34,112,1.4,416,51.7,zibanmi01
938,Artem Zub,30,OTT,D,81,1293,1274,50.4,-3.7,963,893,51.9,-2.5,11.4,90.6,102.0,36.6,63.4,20:48,17:51,26,78,4.6,223,41.3,zubar01
939,Mats Zuccarello,38,MIN,LW,59,897,883,50.4,3.1,675,635,51.5,3.6,10.0,88.8,98.8,61.3,38.7,18:39,15:01,13,62,4.7,251,48.6,zuccama01
940,Jason Zucker,34,BUF,LW,62,710,738,49.0,-1.1,547,565,49.2,-1.4,11.5,89.0,100.5,52.9,47.1,15:37,12:15,8,65,1.2,227,56.8,zuckeja01