,,,,,,Corsi (EV),Corsi (EV),Corsi (EV),Corsi (EV),Fenwick (EV),Fenwick (EV),Fenwick (EV),Fenwick (EV),PDO (),PDO (),,Zone Starts (EV),Zone Starts (EV),,,,,,,,-additional
Rk,Player,Age,Tm,Pos,GP,CF,CA,CF%,CF% rel,FF,FA,FF%,FF% rel,oiSH%,oiSV%,PDO,oZS%,dZS%,TOI/60,TOI(EV),TK,GV,E+/-,SAtt.,Thru%,-9999
1,Justin Abdelkader,30,DET,LW,75,888,910,49.4,0.7,675,691,49.4,-0.1,8.0,90.7,98.6,49.8,50.2,16:33,12:49,21,34,-5.7,200,54.5,abdelju01
2,Pontus Åberg,24,TOT,LW,53,524,610,46.2,-4.0,406,458,47.0,-3.6,9.9,94.2,104.1,56.9,43.1,12:10,11:48,12,20,-1.9,,,abergpo01
2,Pontus Åberg,24,NSH,LW,37,343,413,45.4,-6.2,264,311,45.9,-6.2,10.1,95.5,105.6,60.8,39.2,11:06,11:03,11,7,-2.5,69,56.5,abergpo01
2,Pontus Åberg,24,EDM,LW,16,181,197,47.9,0.9,142,147,49.1,2.1,9.5,91.3,100.8,47.7,52.3,14:38,13:31,1,13,0.6,56,55.4,abergpo01
3,Noel Acciari,26,BOS,C,60,584,629,48.1,-6.6,449,445,50.2,-4.4,5.8,91.4,97.2,32.4,67.6,12:55,11:24,20,9,1.6,113,58.4,acciano01
4,Kenny Agostino,25,BOS,LW,5,34,48,41.5,-8.5,28,33,45.9,-4.1,4.8,92.0,96.8,37.5,62.5,12:03,8:59,1,0,-0.6,17,64.7,agostke01
5,Sebastian Aho,20,CAR,RW,78,1259,1015,55.4,0.9,924,798,53.7,0.0,9.3,90.0,99.4,57.0,43.0,17:55,15:12,59,53,6.7,390,51.3,ahose01
6,Sebastian Aho,21,NYI,D,22,298,334,47.2,2.2,222,268,45.3,1.0,9.2,89.9,99.2,43.4,56.6,15:31,14:26,3,12,-3.9,50,44.0,ahose02
7,Mark Alt,26,TOT,D,15,161,167,49.1,-1.7,114,117,49.4,-0.8,3.7,95.6,99.3,54.7,45.3,12:27,11:46,3,4,-0.5,,,altma01
7,Mark Alt,26,PHI,D,8,89,96,48.1,-4.7,69,75,47.9,-4.5,6.0,94.8,100.8,58.3,41.7,13:26,12:44,2,2,-0.5,12,41.7,altma01
7,Mark Alt,26,COL,D,7,72,71,50.3,1.4,45,42,51.7,3.7,0.0,97.0,97.0,47.1,52.9,11:20,10:40,1,2,0.0,17,35.3,altma01
8,Karl Alzner,29,MTL,D,82,1323,1336,49.8,-0.9,938,975,49.0,-1.8,7.2,91.5,98.7,46.5,53.5,20:05,17:02,22,90,-4.8,188,44.7,alzneka01
9,Michael Amadio,21,LAK,C,37,263,288,47.7,-2.4,202,213,48.7,-1.3,5.4,94.3,99.7,67.5,32.5,9:19,8:27,11,6,-0.5,58,48.3,amadimi01
10,Josh Anderson,23,CBJ,RW,63,1073,931,53.5,3.3,821,683,54.6,3.2,7.0,91.4,98.4,59.1,40.9,18:02,15:40,41,20,0.8,318,59.1,anderjo05
11,Lias Andersson,19,NYR,C,7,69,90,43.4,-1.2,47,76,38.2,-5.6,12.5,94.7,107.2,45.1,54.9,11:57,11:27,4,0,-2.7,10,50.0,anderli01
12,Rasmus Andersson,21,CGY,D,10,143,117,55.0,0.6,116,93,55.5,-1.2,5.0,90.5,95.5,58.8,41.2,15:26,13:02,0,4,1.8,23,34.8,anderra01
13,Andy Andreoff,26,LAK,LW,45,349,417,45.6,-4.4,259,313,45.3,-4.3,6.1,92.7,98.8,54.7,45.3,9:23,9:21,3,7,-4.4,83,56.6,andrean01
14,Sven Andrighetto,24,COL,RW,50,573,575,49.9,2.9,395,448,46.9,-0.4,7.6,89.3,96.9,50.5,49.5,14:29,11:53,22,15,-3.1,198,56.1,andrisv01
15,Artem Anisimov,29,CHI,C,72,932,937,49.9,-3.3,655,712,47.9,-4.0,6.9,91.1,97.9,52.8,47.2,16:47,12:36,18,26,-7.3,226,57.5,anisiar01
16,Victor Antipin,25,BUF,D,47,552,587,48.5,0.6,402,445,47.5,-0.7,6.3,92.1,98.4,55.2,44.8,15:17,14:07,4,13,-3.3,79,50.6,antipvi01
17,Darren Archibald,27,VAN,RW,27,252,343,42.4,-7.5,189,250,43.1,-7.5,7.1,93.4,100.5,19.5,80.5,14:52,12:01,5,1,-5.1,54,50.0,archida02
18,Josh Archibald,25,TOT,RW,42,401,451,47.1,-2.1,280,338,45.3,-2.3,8.4,92.3,100.6,45.6,54.4,11:57,10:54,7,4,-4.1,,,archijo01
18,Josh Archibald,25,ARI,RW,39,375,433,46.4,-2.8,261,327,44.4,-3.2,8.6,92.5,101.1,45.6,54.4,12:04,11:03,7,4,-4.9,80,48.8,archijo01
18,Josh Archibald,25,PIT,RW,3,26,18,59.1,10.3,19,11,63.3,15.6,5.9,87.5,93.4,46.7,53.3,10:22,8:57,0,0,0.8,6,50.0,archijo01
19,Joel Armia,24,WPG,RW,79,751,700,51.8,0.6,551,513,51.8,0.2,8.2,92.0,100.2,40.6,59.4,12:36,9:59,48,16,1.6,220,58.2,armiajo01
20,Viktor Arvidsson,24,NSH,LW,78,1158,1107,51.1,-0.1,860,843,50.5,-1.0,10.9,92.3,103.2,55.0,45.0,17:45,13:55,31,35,-9.6,425,58.1,arvidvi01
21,Zach Aston-Reese,23,PIT,C,16,146,151,49.2,-2.5,107,112,48.9,-2.4,8.6,94.2,102.8,37.4,62.6,11:23,10:02,6,4,-0.8,33,63.6,astonza01
22,Andreas Athanasiou,23,DET,C,71,882,914,49.1,0.7,656,709,48.1,-1.6,7.8,90.0,97.8,52.9,47.1,15:19,13:12,38,36,-3.5,321,52.6,athanan01
23,Cam Atkinson,28,CBJ,RW,65,1007,927,52.1,0.5,764,688,52.6,-0.1,10.1,93.0,103.1,53.6,46.4,18:54,14:42,31,19,4.0,380,60.8,atkinca01
24,Justin Auger,23,LAK,RW,2,10,21,32.3,-20.5,9,15,37.5,-16.6,0.0,90.9,90.9,50.0,50.0,7:60,7:60,0,0,-0.9,3,33.3,augerju01
25,Yohann Auvitu,28,EDM,D,33,456,419,52.1,-0.9,346,311,52.7,-1.1,10.6,91.4,102.0,60.8,39.2,13:33,13:04,8,17,-0.2,128,53.9,auvityo01
26,David Backes,33,BOS,C,57,799,634,55.8,2.6,605,459,56.9,4.1,7.9,90.3,98.2,47.7,52.3,15:24,13:07,31,21,6.1,240,66.7,backeda01
27,Mikael Backlund,28,CGY,C,82,1368,1062,56.3,4.2,1038,834,55.4,3.4,6.2,88.4,94.6,46.7,53.3,19:01,14:28,81,48,6.9,372,57.5,backlmi01
28,Nicklas Bäckström,30,WSH,C,81,1240,1187,51.1,4.4,918,915,50.1,3.9,9.7,92.3,102.0,51.0,49.0,19:40,15:13,44,58,-1.5,279,59.1,backsni02
29,Sven Baertschi,25,VAN,LW,53,631,711,47.0,-0.6,461,529,46.6,-0.5,10.3,92.0,102.3,54.3,45.7,15:36,13:33,19,17,-6.3,144,57.6,baertsv01
30,Josh Bailey,28,NYI,C,76,1060,1216,46.6,-1.5,770,942,45.0,-2.9,10.0,89.6,99.6,50.9,49.1,17:53,14:29,45,62,-10.6,266,56.8,bailejo01
31,Justin Bailey,22,BUF,RW,12,95,122,43.8,-8.6,70,99,41.4,-10.2,9.6,90.5,100.2,59.4,40.6,11:17,10:13,4,2,-1.3,30,63.3,baileju01
32,Chase Balisy,25,FLA,C,8,59,57,50.9,2.9,46,41,52.9,3.7,0.0,93.1,93.1,53.3,46.7,9:49,8:18,5,2,-0.3,13,46.2,balisch01
33,Nicholas Baptiste,22,BUF,RW,33,235,278,45.8,-2.6,177,209,45.9,-2.5,6.1,92.6,98.7,52.0,48.0,9:58,8:53,4,8,-4.1,70,64.3,baptini01
34,Ivan Barbashev,22,STL,C,53,569,559,50.4,-1.6,417,399,51.1,-2.2,6.6,93.4,100.0,53.2,46.8,12:12,11:53,21,12,-0.7,103,43.7,barbaiv01
35,Mark Barberio,27,COL,D,46,639,667,48.9,1.1,453,479,48.6,1.1,8.3,93.2,101.4,37.2,62.8,17:17,14:55,8,16,-1.4,124,41.9,barbema01
36,Aleksander Barkov,22,FLA,C,79,1395,1294,51.9,3.5,1088,983,52.5,3.5,10.0,89.8,99.7,40.4,59.6,22:04,16:48,82,63,6.9,376,68.1,barkoal01
37,Tyson Barrie,26,COL,D,68,1239,1328,48.3,2.0,876,1002,46.6,0.8,9.6,90.5,100.1,62.4,37.6,22:42,18:46,20,38,-12.6,396,44.9,barrity01
38,Matt Bartkowski,29,CGY,D,18,200,229,46.6,-6.8,143,180,44.3,-8.5,6.0,91.9,97.9,52.9,47.1,13:21,12:23,3,18,-2.0,37,56.8,bartkma01
39,Mathew Barzal,20,NYI,C,82,1304,1141,53.3,8.1,962,866,52.6,8.2,9.9,89.9,99.8,53.7,46.3,17:46,14:30,65,88,9.1,260,65.4,barzama01
40,Jay Beagle,32,WSH,RW/C,79,529,821,39.2,-10.8,390,602,39.3,-9.7,10.8,93.2,104.0,25.2,74.8,12:27,9:54,25,10,-11.3,120,54.2,beaglja01
41,Ethan Bear,20,EDM,D,18,288,346,45.4,-2.5,206,262,44.0,-4.6,5.4,90.6,96.1,59.6,40.4,18:38,16:37,5,18,-4.8,45,44.4,bearet01
42,François Beauchemin,37,ANA,D,67,979,1081,47.5,-2.5,732,796,47.9,-2.0,9.5,93.1,102.7,52.2,47.8,17:19,15:06,11,47,-8.5,188,49.5,beaucfr01
43,Nathan Beaulieu,25,BUF,D,59,780,842,48.1,0.5,610,645,48.6,1.9,6.1,90.7,96.8,51.0,49.0,15:57,14:43,6,30,-4.8,148,45.3,beaulna01
44,Anthony Beauvillier,20,NYI,LW,71,945,971,49.3,2.3,710,739,49.0,2.5,9.6,91.5,101.1,48.9,51.1,14:32,12:43,26,20,0.2,219,60.3,beauvan01
45,Matt Beleskey,29,TOT,LW,15,127,126,50.2,-2.9,106,99,51.7,0.7,1.5,86.4,87.8,64.1,35.9,10:58,9:38,5,2,-0.1,,,belesma01
45,Matt Beleskey,29,BOS,LW,14,120,111,51.9,-1.4,100,89,52.9,1.2,1.5,86.0,87.5,63.9,36.1,10:51,9:25,5,2,0.6,36,47.2,belesma01
45,Matt Beleskey,29,NYR,LW,1,7,15,31.8,-17.5,6,10,37.5,-3.6,0.0,88.9,88.9,66.7,33.3,12:37,12:37,0,0,-0.7,2,0.0,belesma01
46,Pierre-Édouard Bellemare,32,VEG,LW,72,717,658,52.1,1.2,542,454,54.4,3.7,7.5,93.6,101.1,46.0,54.0,12:19,9:57,49,25,2.2,164,56.1,bellepi01
47,Louis Belpedio,21,MIN,D,1,20,18,52.6,8.5,11,12,47.8,5.8,28.6,83.3,111.9,20.0,80.0,15:47,15:09,0,0,0.6,4,0.0,belpelo01
48,Jamie Benn,28,DAL,LW,82,1323,1210,52.2,1.4,965,878,52.4,1.4,11.5,91.5,103.0,51.8,48.2,19:49,15:23,63,66,14.6,391,61.6,bennja01
49,Jordie Benn,30,MTL,D,77,1283,1293,49.8,-0.7,931,917,50.4,0.4,5.8,93.0,98.8,48.2,51.8,18:58,16:37,20,74,1.8,217,48.8,bennjo01
50,Beau Bennett,26,STL,RW,6,64,56,53.3,1.0,51,48,51.5,-2.7,0.0,93.9,93.9,32.1,67.9,10:48,10:00,2,0,-0.4,14,42.9,bennebe01
51,Sam Bennett,21,CGY,C,82,1088,979,52.6,-0.9,797,730,52.2,-1.1,5.6,91.0,96.7,59.5,40.5,14:24,12:17,54,32,1.4,293,53.6,bennesa01
52,Matt Benning,23,EDM,D,73,1190,1115,51.6,1.6,896,846,51.4,0.7,8.6,91.9,100.5,56.7,43.3,17:16,15:41,18,61,3.3,237,46.8,bennima01
53,Patrice Bergeron,32,BOS,C,64,1047,779,57.3,5.6,762,606,55.7,3.3,10.1,92.9,103.0,59.4,40.6,19:26,14:35,55,42,6.9,398,56.3,bergepa01
54,Patrik Berglund,29,STL,C,57,740,662,52.8,1.3,544,474,53.4,1.1,7.0,90.9,97.9,43.9,56.1,16:09,13:31,22,11,-4.7,183,61.2,berglpa01
55,Steve Bernier,32,NYI,RW,4,23,41,35.9,-13.1,17,33,34.0,-14.7,0.0,90.5,90.5,56.0,44.0,10:03,8:45,0,0,-0.9,6,66.7,bernist01
56,Christoph Bertschy,23,MIN,C,1,2,7,22.2,-16.9,2,7,22.2,-15.3,50.0,100.0,150.0,0.0,100.0,5:23,5:20,0,1,-0.5,0,,bertsch02
57,Tyler Bertuzzi,22,DET,LW,48,546,617,46.9,-2.3,419,447,48.4,-1.0,9.1,89.8,98.8,44.4,55.6,14:24,12:52,13,14,-0.6,153,54.2,bertuty01
58,Alex Biega,29,VAN,D,44,598,585,50.5,3.1,462,441,51.2,4.4,5.8,94.4,100.2,50.4,49.6,15:01,14:11,9,20,1.2,150,52.7,biegaal01
59,Kevin Bieksa,36,ANA,D,59,789,993,44.3,-6.0,588,752,43.9,-6.8,5.7,92.6,98.2,46.0,54.0,18:01,15:33,12,41,-6.8,147,44.9,biekske01
60,Chris Bigras,22,COL,D,15,130,180,41.9,-8.5,93,131,41.5,-8.4,4.5,93.3,97.8,58.4,41.6,13:52,11:50,1,8,-1.8,23,34.8,bigrach01
61,Anthony Bitetto,27,NSH,D,32,359,452,44.3,-6.3,275,325,45.8,-4.5,7.1,94.1,101.2,53.3,46.7,13:27,13:13,7,16,-1.2,54,46.3,bitetan01
62,Anders Bjork,21,BOS,LW,30,350,298,54.0,0.5,249,226,52.4,-1.0,8.9,92.1,101.1,68.9,31.1,12:21,11:14,16,11,2.6,74,40.5,bjorkan01
63,Oliver Bjorkstrand,22,CBJ,RW,82,1033,975,51.4,0.1,801,722,52.6,0.2,7.9,92.6,100.5,55.1,44.9,14:17,12:30,26,25,2.1,291,56.0,bjorkol01
64,Nick Bjugstad,25,FLA,C,82,1187,1083,52.3,4.1,930,832,52.8,3.8,9.0,91.3,100.4,47.6,52.4,15:07,13:28,52,49,4.8,360,63.9,bjugsni01
65,Sammy Blais,21,STL,LW,11,73,99,42.4,-13.0,57,71,44.5,-11.2,10.3,95.9,106.2,32.6,67.4,10:46,9:26,1,5,-1.2,20,45.0,blaissa01
66,Joseph Blandisi,23,ANA,C,3,25,25,50.0,3.5,21,17,55.3,10.2,11.8,100.0,111.8,43.8,56.3,11:41,11:36,1,0,-0.4,4,100.0,blandjo01
67,Anton Blidh,22,BOS,LW,1,4,4,50.0,-10.3,2,2,50.0,-13.2,0.0,100.0,100.0,25.0,75.0,10:23,10:23,0,0,0.0,0,,blidhan01
68,Mike Blunden,31,OTT,RW,1,5,6,45.5,3.4,4,5,44.4,1.2,0.0,100.0,100.0,0.0,100.0,6:31,6:31,0,0,0.1,1,100.0,blundmi01
69,Brock Boeser,20,VAN,RW,62,844,902,48.3,0.5,627,683,47.9,0.3,9.6,90.2,99.8,62.5,37.5,17:30,14:32,26,28,-1.4,341,52.5,boesebr01
70,Zach Bogosian,27,BUF,D,18,274,284,49.1,3.0,217,211,50.7,4.7,3.1,91.9,95.1,42.7,57.3,19:09,17:14,3,9,-0.7,48,60.4,bogosza01
71,Jared Boll,31,ANA,RW,10,34,39,46.6,-2.5,26,27,49.1,-1.2,9.1,90.9,100.0,60.0,40.0,4:26,4:22,0,0,-0.4,5,80.0,bollja01
72,Nick Bonino,29,NSH,C,71,821,924,47.0,-5.5,609,682,47.2,-5.6,9.0,92.4,101.4,36.2,63.8,15:38,12:53,64,33,-4.8,144,57.6,boninni01
73,David Booth,33,DET,LW,28,133,197,40.3,-9.3,106,148,41.7,-8.4,5.1,91.2,96.2,58.7,41.3,6:58,6:48,0,9,-3.4,49,67.3,boothda01
74,Andreas Borgman,22,TOR,D,48,635,626,50.4,0.1,454,482,48.5,-0.8,10.5,91.7,102.2,56.0,44.0,13:41,13:23,13,36,1.4,117,39.3,borgman01
75,Henrik Borgström,20,FLA,C,4,22,42,34.4,-9.0,17,31,35.4,-10.2,15.4,87.5,102.9,29.4,70.6,12:40,11:19,2,2,-0.6,10,60.0,borgshe01
76,Mark Borowiecki,28,OTT,D,52,619,719,46.3,-0.2,482,505,48.8,2.7,7.5,90.6,98.1,40.4,59.6,14:39,13:26,11,17,2.0,132,50.0,borowma01
77,Robert Bortuzzo,28,STL,D,72,951,882,51.9,-0.1,679,621,52.2,-0.8,7.5,93.5,101.1,51.3,48.7,14:48,13:25,5,17,2.9,164,46.3,borturo01
78,Reid Boucher,24,VAN,C,20,214,201,51.6,2.6,173,147,54.1,4.7,4.0,86.0,90.0,42.0,58.0,11:23,10:13,8,4,-0.3,56,66.1,bouchre01
79,Lance Bouma,27,CHI,C,53,475,462,50.7,-4.1,347,328,51.4,-0.9,6.7,93.1,99.7,44.5,55.5,10:39,9:28,5,8,3.7,84,66.7,boumala01
80,Michael Bournival,25,TBL,LW,5,34,54,38.6,-9.8,24,39,38.1,-10.9,0.0,100.0,100.0,33.3,66.7,9:21,9:21,1,0,-0.7,7,71.4,bournmi01
81,Gabriel Bourque,27,COL,LW,58,375,577,39.4,-9.3,268,418,39.1,-9.1,6.5,93.8,100.3,41.1,58.9,10:54,8:57,12,2,-4.8,84,52.4,bourqga01
82,Jay Bouwmeester,34,STL,D,35,558,593,48.5,-5.4,420,428,49.5,-5.2,8.0,93.5,101.5,44.1,55.9,20:08,17:57,5,14,-3.8,101,44.6,bouwmja01
83,Madison Bowey,22,WSH,D,51,557,685,44.8,-3.9,405,521,43.7,-3.7,7.4,92.9,100.4,54.6,45.4,13:43,13:24,11,38,-9.7,104,45.2,boweyma01
84,Johnny Boychuk,34,NYI,D,58,922,1053,46.7,-2.5,684,783,46.6,-1.8,9.7,90.2,99.9,47.9,52.1,20:12,17:03,15,46,-9.2,282,50.0,boychjo01
85,Travis Boyd,24,WSH,C,8,63,83,43.2,-4.7,49,58,45.8,-3.2,11.5,97.6,109.1,57.9,42.1,8:50,8:49,0,0,-1.7,5,40.0,boydtr01
86,Brian Boyle,33,NJD,C,69,720,729,49.7,1.3,555,540,50.7,2.0,6.7,90.6,97.3,46.6,53.4,13:17,10:51,19,18,4.0,196,61.2,boylebr01
87,Tyler Bozak,31,TOR,C,81,1170,1024,53.3,4.5,854,797,51.7,4.0,8.2,93.3,101.5,57.2,42.8,15:38,13:20,37,42,10.1,252,61.1,bozakty01
88,Derick Brassard,30,TOT,C,72,1120,1094,50.6,3.1,811,815,49.9,1.2,10.2,89.3,99.5,54.3,45.7,17:44,15:02,42,40,5.9,,,brassde01
88,Derick Brassard,30,OTT,C,58,931,893,51.0,5.6,672,669,50.1,3.6,10.5,88.6,99.1,53.5,46.5,18:21,15:22,34,26,5.9,272,60.3,brassde01
88,Derick Brassard,30,PIT,C,14,189,201,48.5,-6.9,139,146,48.8,-7.9,8.5,92.6,101.1,57.5,42.5,15:12,13:38,8,14,0.0,44,72.7,brassde01
89,Jesper Bratt,19,NJD,W,74,790,906,46.6,-2.1,602,703,46.1,-3.5,7.5,90.1,97.6,52.0,48.0,15:15,12:02,25,30,-2.9,174,56.9,brattje01
90,Justin Braun,30,SJS,D,81,1321,1577,45.6,-8.5,975,1085,47.3,-7.1,9.6,91.7,101.3,38.2,61.8,21:20,18:28,32,35,-7.9,251,45.8,braunju01
91,Connor Brickley,25,FLA,C,44,427,484,46.9,-3.6,335,347,49.1,-1.8,6.0,92.4,98.3,48.6,51.4,11:53,10:47,10,17,-1.1,97,63.9,brickco01
92,Daniel Brickley,22,LAK,D,1,8,7,53.3,6.0,4,4,50.0,2.7,50.0,100.0,150.0,66.7,33.3,10:48,10:48,0,0,0.3,1,0.0,brickda01
93,Alex Broadhurst,24,CBJ,C,2,27,15,64.3,12.3,21,9,70.0,16.5,0.0,100.0,100.0,57.1,42.9,10:03,9:38,2,2,0.6,3,33.3,broadal01
94,T.J. Brodie,27,CGY,D,73,1401,1358,50.8,-3.6,1046,1040,50.1,-3.8,7.8,91.0,98.8,50.1,49.9,23:41,19:04,48,68,-2.9,260,45.4,broditj01
95,Jonas Brodin,24,MIN,D,73,1110,1324,45.6,-2.3,860,968,47.0,-1.4,11.9,91.9,103.8,46.9,53.1,21:36,18:25,16,22,2.6,162,47.5,brodijo01
96,Kyle Brodziak,33,STL,C,81,853,937,47.7,-5.4,646,639,50.3,-3.4,8.4,93.3,101.6,31.1,68.9,13:28,11:39,52,18,0.5,177,63.8,brodzky01
97,Jonny Brodzinski,24,LAK,C,35,268,316,45.9,-4.7,195,235,45.3,-4.9,9.0,95.1,104.1,53.9,46.1,9:30,9:15,5,6,-2.9,88,60.2,brodzjo01
98,Troy Brouwer,32,CGY,RW,76,797,795,50.1,-4.3,599,584,50.6,-3.3,5.8,92.4,98.2,40.8,59.2,13:56,10:36,28,31,-3.2,170,46.5,brouwtr01
99,Connor Brown,24,TOR,RW,82,930,963,49.1,-1.3,692,727,48.8,-0.2,9.7,90.7,100.4,52.9,47.1,15:00,11:56,45,26,2.8,203,58.6,brownco02
100,Dustin Brown,33,LAK,RW,81,1232,1079,53.3,4.6,916,810,53.1,4.4,11.8,91.6,103.3,50.4,49.6,19:50,15:15,40,55,4.3,368,60.3,browndu01
101,J.T. Brown,27,TOT,RW,47,375,369,50.4,-2.7,298,275,52.0,-0.9,4.2,92.3,96.6,47.2,52.8,9:04,8:49,11,11,1.0,,,brownjt01
101,J.T. Brown,27,TBL,RW,24,194,201,49.1,-4.4,153,140,52.2,-1.3,5.6,92.4,97.9,47.4,52.6,9:22,9:19,5,5,1.4,36,50.0,brownjt01
101,J.T. Brown,27,ANA,RW,23,181,168,51.9,-0.9,145,135,51.8,-0.4,2.9,92.2,95.1,46.9,53.1,8:46,8:17,6,6,-0.4,42,52.4,brownjt01
102,Logan Brown,19,OTT,C,4,21,21,50.0,6.4,16,15,51.6,7.2,15.4,85.7,101.1,60.0,40.0,8:08,5:47,2,4,0.3,7,57.1,brownlo01
103,Pavel Buchnevich,22,NYR,LW,74,881,931,48.6,3.5,661,719,47.9,2.3,7.5,92.8,100.3,57.7,42.3,15:01,12:17,39,43,-2.2,266,51.1,buchnpa01
104,André Burakovsky,22,WSH,LW,56,707,627,53.0,5.4,495,472,51.2,3.5,9.1,91.9,100.9,54.0,46.0,13:50,12:38,23,34,-0.9,170,49.4,burakan01
105,Erik Burgdoerfer,29,OTT,D,2,21,28,42.9,2.9,18,21,46.2,6.2,13.3,100.0,113.3,36.4,63.6,13:25,13:25,0,0,0.5,2,100.0,burgder01
106,Alexander Burmistrov,26,VAN,C,24,215,229,48.4,-2.0,162,188,46.3,-3.6,5.5,92.0,97.5,45.7,54.3,11:59,10:39,5,4,-3.4,38,47.4,burmial01
107,Brent Burns,32,SJS,D/RW,82,1898,1591,54.4,5.8,1347,1145,54.1,3.7,6.9,90.2,97.1,61.5,38.5,25:15,19:57,75,124,2.5,775,42.8,burnsbr01
108,Alexandre Burrows,36,OTT,LW,71,558,651,46.2,-1.1,412,455,47.5,0.0,6.1,92.2,98.4,49.2,50.8,11:41,9:28,7,14,-2.6,156,57.7,burroal01
109,Will Butcher,23,NJD,D,81,1125,964,53.9,7.4,881,728,54.8,7.8,8.4,90.9,99.3,62.4,37.6,16:04,13:15,20,36,9.5,239,36.8,butchwi01
110,Chris Butler,31,STL,D,6,81,69,54.0,-1.3,49,49,50.0,-4.7,11.8,91.7,103.4,48.0,52.0,13:18,12:39,0,2,0.1,7,28.6,butlech01
111,Dustin Byfuglien,32,WPG,D,69,1334,1251,51.6,1.4,1013,947,51.7,1.5,9.7,92.3,102.0,51.1,48.9,24:20,19:60,34,79,6.2,372,51.9,byfugdu01
112,Paul Byron,28,MTL,C/LW,82,1062,1034,50.7,0.4,783,761,50.7,0.6,7.7,90.9,98.6,49.2,50.8,16:07,13:01,45,36,4.1,203,56.7,byronpa01
113,Mikkel Bødker,28,SJS,RW,74,834,932,47.2,-4.6,615,659,48.3,-4.8,8.5,91.9,100.5,47.7,52.3,13:21,11:57,29,26,-1.0,198,60.1,boedkmi01
114,Drake Caggiula,23,EDM,LW,67,734,816,47.4,-3.6,537,596,47.4,-3.9,7.1,90.6,97.7,52.6,47.4,13:33,11:46,27,28,-1.7,181,57.5,caggidr01
115,Ryan Callahan,32,TBL,RW,67,714,693,50.7,-0.2,533,519,50.7,-0.2,6.5,92.3,98.8,47.5,52.5,13:19,10:60,26,16,-0.3,179,58.1,callary01
116,Matt Calvert,28,CBJ,LW,69,719,781,47.9,-4.6,547,578,48.6,-4.7,7.3,90.1,97.4,39.8,60.2,13:23,11:29,28,15,-3.5,169,63.9,calvema01
117,Mike Cammalleri,35,TOT,C/W,66,724,803,47.4,-2.6,545,575,48.7,-1.8,8.2,91.5,99.7,49.1,50.9,13:46,12:07,22,36,-3.5,,,cammami01
117,Mike Cammalleri,35,EDM,C/W,51,598,639,48.3,-1.2,453,452,50.1,-0.1,8.2,90.9,99.0,50.1,49.9,14:06,12:44,17,29,-3.8,178,58.4,cammami01
117,Mike Cammalleri,35,LAK,C/W,15,126,164,43.4,-8.1,92,123,42.8,-8.6,8.5,93.9,102.4,45.1,54.9,12:38,10:01,5,7,0.2,42,57.1,cammami01
118,Kyle Capobianco,20,ARI,D,1,9,17,34.6,-16.1,6,15,28.6,-19.6,25.0,83.3,108.3,44.4,55.6,13:33,13:32,1,1,-0.8,1,0.0,capobky01
119,Paul Carey,29,NYR,C,60,429,630,40.5,-5.5,315,477,39.8,-6.8,7.2,91.3,98.5,45.9,54.1,10:16,9:45,21,31,-6.7,93,54.8,careypa01
120,Brandon Carlo,21,BOS,D,76,1190,1119,51.5,-2.1,880,855,50.7,-3.3,8.4,92.3,100.7,54.1,45.9,19:14,16:20,26,45,5.7,144,52.8,carlobr01
121,John Carlson,28,WSH,D,82,1509,1559,49.2,1.7,1085,1182,47.9,0.6,10.4,91.0,101.4,48.1,51.9,24:47,18:27,58,97,-5.7,467,50.7,carlsjo01
122,Gabriel Carlsson,21,CBJ,D,14,155,169,47.8,-2.7,116,125,48.1,-4.6,5.6,94.3,99.9,55.1,44.9,11:20,11:05,2,4,-0.2,26,69.2,carlsga01
123,Ryan Carpenter,27,TOT,C,52,548,540,50.4,-2.0,409,414,49.7,-2.6,8.5,91.6,100.1,45.7,54.3,12:36,10:46,17,17,-1.1,,,carpery01
123,Ryan Carpenter,27,VEG,C,36,408,394,50.9,-0.7,308,304,50.3,-0.3,9.3,89.8,99.1,48.1,51.9,13:08,11:22,12,15,0.3,100,65.0,carpery01
123,Ryan Carpenter,27,SJS,C,16,140,146,49.0,-5.2,101,110,47.9,-8.7,5.7,96.4,102.1,39.3,60.7,11:24,9:25,5,2,-1.4,34,58.8,carpery01
124,Daniel Carr,26,MTL,LW,38,387,402,49.0,-0.9,277,288,49.0,0.1,8.8,92.6,101.4,43.6,56.4,12:08,10:55,12,12,2.2,104,50.0,carrda01
125,Connor Carrick,23,TOR,D,47,675,608,52.6,3.2,492,465,51.4,2.9,8.7,92.0,100.7,58.8,41.2,15:08,14:37,10,21,6.5,138,39.9,carrico01
126,Trevor Carrick,23,CAR,D,1,6,6,50.0,18.1,5,5,50.0,25.0,0.0,100.0,100.0,75.0,25.0,7:32,7:32,0,0,-0.3,1,100.0,carritr01
127,William Carrier,23,VEG,LW,37,339,302,52.9,1.4,263,232,53.1,1.5,4.4,93.7,98.1,54.8,45.2,8:50,8:39,15,6,0.8,93,55.9,carriwi01
128,Jeff Carter,33,LAK,C,27,362,379,48.9,-2.4,284,278,50.5,-1.1,9.8,90.7,100.4,51.0,49.0,17:49,13:16,7,9,0.5,146,58.2,carteje01
129,Daniel Catenacci,24,NYR,C,1,7,19,26.9,-16.5,7,15,31.8,-11.8,0.0,90.9,90.9,33.3,66.7,11:03,11:03,0,0,-0.6,1,100.0,catenda01
130,Colby Cave,23,BOS,C,3,25,26,49.0,-0.2,20,17,54.1,6.7,0.0,100.0,100.0,52.6,47.4,11:27,10:18,1,0,0.2,4,50.0,caveco01
131,Cody Ceci,24,OTT,D,82,1449,1862,43.8,-6.1,1070,1340,44.4,-5.5,8.1,90.8,98.9,41.2,58.8,23:19,19:49,18,40,-14.9,315,45.4,cecico01
132,Peter Cehlárik,22,BOS,LW,6,70,82,46.1,-4.7,60,59,50.4,-0.8,8.2,95.7,103.8,68.4,31.6,13:56,11:55,0,1,-0.1,6,50.0,cehlape01
133,Thomas Chabot,21,OTT,D,63,969,994,49.4,3.9,695,749,48.1,1.7,8.5,90.0,98.5,62.0,38.0,17:31,15:22,27,36,-1.6,181,51.9,chaboth01
134,Michael Chaput,25,VAN,C,9,54,70,43.5,-2.1,45,54,45.5,-0.6,6.5,86.5,92.9,6.3,93.8,9:47,8:35,2,0,-0.8,8,25.0,chapumi01
135,Zdeno Chára*,40,BOS,D,73,1377,1226,52.9,-1.0,1055,926,53.3,-0.4,9.7,91.8,101.5,48.6,51.4,22:54,18:48,42,74,10.0,323,44.6,charazd01
136,Ben Chiarot,26,WPG,D,57,753,744,50.3,-3.3,567,553,50.6,-3.1,9.6,93.9,103.5,53.5,46.5,15:16,13:54,10,34,1.0,132,43.2,chiarbe01
137,Alex Chiasson,27,WSH,RW,61,458,582,44.0,-4.6,326,444,42.3,-5.5,11.8,90.7,102.5,45.5,54.5,11:46,9:29,29,16,-7.1,92,64.1,chiasal01
138,Jason Chimera,38,TOT,LW,74,589,783,42.9,-6.3,441,584,43.0,-5.3,7.0,91.8,98.8,38.8,61.2,10:18,9:39,12,25,-11.7,,,chimeja01
138,Jason Chimera,38,NYI,LW,58,519,678,43.4,-5.3,387,503,43.5,-3.9,6.3,92.0,98.3,36.0,64.0,11:13,10:33,10,20,-10.3,114,61.4,chimeja01
138,Jason Chimera,38,ANA,LW,16,70,105,40.0,-11.2,54,81,40.0,-11.0,11.9,90.5,102.4,57.9,42.1,6:59,6:23,2,5,-1.5,18,50.0,chimeja01
139,Filip Chlapík,20,OTT,C,20,167,176,48.7,1.2,120,124,49.2,2.4,4.7,90.4,95.1,64.8,35.2,10:04,9:14,9,5,-0.7,38,55.3,chlapfi01
140,Taylor Chorney,30,TOT,D,25,216,277,43.8,-5.6,162,210,43.5,-4.6,12.5,94.9,107.4,55.5,44.5,13:08,11:24,4,12,-0.2,,,chornta01
140,Taylor Chorney,30,WSH,D,24,201,264,43.2,-6.2,151,199,43.1,-4.9,12.3,94.5,106.8,57.0,43.0,12:59,11:18,4,11,-0.1,33,42.4,chornta01
140,Taylor Chorney,30,CBJ,D,1,15,13,53.6,6.0,11,11,50.0,-1.0,16.7,100.0,116.7,33.3,66.7,16:41,14:00,0,1,-0.1,1,0.0,chornta01
141,Jakob Chychrun,19,ARI,D,50,855,941,47.6,-1.3,626,708,46.9,0.0,8.3,93.3,101.6,55.5,44.5,20:14,18:01,19,27,-1.7,235,43.4,chychja01
142,Filip Chytil,18,NYR,C,9,95,140,40.4,-7.2,72,108,40.0,-6.4,6.5,90.2,96.8,46.5,53.5,13:37,13:12,1,3,-3.3,31,67.7,chytifi01
143,Anthony Cirelli,20,TBL,C,18,204,176,53.7,1.8,156,135,53.6,1.8,11.9,96.2,108.1,50.8,49.2,13:14,11:42,8,4,1.3,41,63.4,cirelan01
144,Casey Cizikas,26,NYI,C,64,550,718,43.4,-5.9,390,532,42.3,-5.9,9.3,89.5,98.8,25.6,74.4,13:12,10:43,33,23,-7.2,123,60.2,cizikca01
145,Fredrik Claesson,25,OTT,D,64,742,852,46.5,-1.3,544,609,47.2,-1.1,7.1,91.9,99.0,51.2,48.8,15:21,13:59,15,33,-5.9,126,47.6,claesfr01
146,Adam Clendening,25,ARI,D,5,78,89,46.7,-4.8,61,66,48.0,-2.0,9.1,89.4,98.5,45.5,54.5,15:56,15:27,2,4,-0.9,11,36.4,clendad01
147,Kyle Clifford,27,LAK,LW,50,479,442,52.0,1.7,373,326,53.4,3.3,4.7,92.9,97.7,45.0,55.0,10:33,10:22,8,6,2.6,133,60.9,cliffky01
148,Cal Clutterbuck,30,NYI,RW,76,608,873,41.1,-7.8,446,631,41.4,-6.5,9.3,91.7,101.0,28.2,71.8,12:46,10:29,14,31,-10.8,168,60.1,cluttca01
149,Braydon Coburn,32,TBL,D,72,894,942,48.7,-3.0,669,710,48.5,-3.1,8.4,92.5,100.8,41.5,58.5,16:01,13:52,11,23,-3.0,162,45.1,coburbr01
150,Andrew Cogliano,30,ANA,LW/C,80,1035,1093,48.6,0.6,774,822,48.5,0.4,7.9,94.6,102.5,45.3,54.7,15:12,13:19,24,41,-3.6,303,57.8,coglian01
151,Ian Cole,28,TOT,D,67,981,938,51.1,-0.7,744,679,52.3,-0.2,9.9,91.4,101.3,45.3,54.7,17:47,15:21,21,27,6.8,,,coleia01
151,Ian Cole,28,PIT,D,47,663,647,50.6,-1.7,505,469,51.8,-1.4,9.4,90.1,99.4,45.7,54.3,17:37,15:02,10,20,3.5,141,44.7,coleia01
151,Ian Cole,28,CBJ,D,20,318,291,52.2,1.8,239,210,53.2,2.4,11.0,94.6,105.7,44.4,55.6,18:08,16:07,11,7,3.3,42,50.0,coleia01
152,Blake Coleman,26,NJD,C,79,818,882,48.1,0.1,635,652,49.3,1.1,8.4,91.8,100.2,33.6,66.4,14:24,12:04,68,21,4.2,245,59.6,colembl01
153,Blake Comeau,31,COL,RW,79,946,1084,46.6,-1.4,675,784,46.3,-1.2,8.8,92.7,101.5,32.3,67.7,15:53,13:14,47,29,-9.6,219,56.2,comeabl01
154,J.T. Compher,22,COL,LW,69,793,860,48.0,0.3,555,636,46.6,-0.6,5.2,90.1,95.3,49.4,50.6,15:60,12:25,16,13,-7.9,231,56.7,comphj.01
155,Cory Conacher,28,TBL,LW,36,314,294,51.6,-2.2,233,227,50.7,-2.6,7.0,93.2,100.2,50.0,50.0,9:60,9:33,5,5,1.1,76,57.9,conacco01
156,Kevin Connauton,27,ARI,D,73,1021,1168,46.6,-1.2,708,900,44.0,-3.0,9.4,93.1,102.5,47.5,52.5,15:11,14:22,13,32,-7.8,226,45.1,connake01
157,Brett Connolly,25,WSH,RW,70,641,721,47.1,-1.6,435,561,43.7,-4.9,11.4,90.3,101.7,54.8,45.2,12:01,10:33,17,19,-7.7,148,45.3,connobr01
158,Kyle Connor,21,WPG,LW,76,1048,1066,49.6,-2.5,806,788,50.6,-1.5,9.7,92.3,101.9,54.8,45.2,16:54,14:14,39,34,3.9,288,66.7,connoky01
159,Andrew Copp,23,WPG,C,82,890,801,52.6,1.9,652,581,52.9,1.8,8.9,92.8,101.7,44.3,55.7,13:44,11:42,29,30,5.4,186,51.6,coppan01
160,Frank Corrado,24,PIT,D,5,48,50,49.0,-2.7,39,31,55.7,3.4,0.0,94.4,94.4,57.8,42.2,11:30,11:30,2,1,1.2,11,54.5,corrafr01
161,Nick Cousins,24,ARI,C,71,835,855,49.4,0.8,605,637,48.7,1.7,7.3,90.6,97.9,40.5,59.5,12:51,12:25,18,24,1.5,179,66.5,cousini01
162,Logan Couture,28,SJS,C,78,1167,1129,50.8,-0.2,841,751,52.8,1.1,9.5,89.4,99.0,49.5,50.5,18:33,14:02,55,52,2.1,376,54.0,coutulo01
163,Sean Couturier,25,PHI,C,82,1369,1206,53.2,5.6,1027,912,53.0,4.7,13.1,90.9,104.0,43.6,56.4,21:35,16:21,48,37,12.2,377,60.2,coutuse01
164,Charlie Coyle,25,MIN,C/RW,66,802,983,44.9,-3.0,619,704,46.8,-1.6,10.0,92.6,102.6,47.7,52.3,16:32,14:09,29,26,4.9,199,58.8,coylech01
165,Adam Cracknell,32,TOT,RW,5,27,31,46.6,-7.4,18,24,42.9,-10.8,0.0,94.7,94.7,38.9,61.1,7:43,6:46,3,2,-0.8,,,crackad01
165,Adam Cracknell,32,NYR,RW,4,19,24,44.2,-9.5,14,19,42.4,-10.7,0.0,94.1,94.1,42.9,57.1,7:30,6:19,1,1,-0.7,5,80.0,crackad01
165,Adam Cracknell,32,DAL,RW,1,8,7,53.3,-1.8,4,5,44.4,-12.7,0.0,100.0,100.0,25.0,75.0,8:35,8:35,2,1,-0.1,3,66.7,crackad01
166,Andrew Crescenzi,25,LAK,C,2,5,17,22.7,-34.4,4,13,23.5,-35.2,0.0,100.0,100.0,50.0,50.0,7:52,6:37,1,0,-0.8,1,0.0,crescan01
167,Kyle Criscuolo,25,BUF,C,9,55,62,47.0,-3.0,44,43,50.6,2.8,0.0,88.2,88.2,38.1,61.9,8:01,7:38,3,2,0.9,8,62.5,criscky01
168,Sidney Crosby,30,PIT,C,82,1579,1246,55.9,5.7,1222,895,57.7,7.3,8.0,89.7,97.8,58.7,41.3,20:41,16:44,42,76,14.5,412,60.0,crosbsi01
169,Lawson Crouse,20,ARI,LW,11,107,115,48.2,-0.6,75,83,47.5,0.5,3.6,85.5,89.1,42.9,57.1,10:56,10:14,2,3,-0.6,24,54.2,crousla01
170,Matt Cullen,41,MIN,C,79,625,919,40.5,-8.1,465,671,40.9,-8.7,10.2,92.9,103.1,47.9,52.1,11:54,10:55,14,17,-6.6,168,61.9,cullema01
171,Austin Czarnik,25,BOS,C,10,97,71,57.7,2.8,82,54,60.3,9.0,5.7,88.9,94.5,62.7,37.3,10:55,9:53,2,2,1.2,12,58.3,czarnau01
172,Evgenii Dadonov,28,FLA,RW,74,1213,1050,53.6,6.3,953,788,54.7,6.9,10.0,90.2,100.2,45.5,54.5,18:42,15:15,46,45,12.2,362,51.7,dadonev01
173,Klas Dahlbeck,26,CAR,D,33,472,478,49.7,-7.8,349,375,48.2,-8.3,6.8,91.8,98.6,56.5,43.5,16:22,15:15,7,14,-2.7,93,46.2,dahlbkl01
174,Carl Dahlström,23,CHI,D,11,174,155,52.9,-5.9,118,119,49.8,-6.9,10.8,87.8,98.6,46.6,53.4,17:31,16:02,2,7,-0.5,30,40.0,dahlsca01
175,Michael Dal Colle,21,NYI,LW,4,36,50,41.9,-1.6,26,41,38.8,-2.6,5.0,96.7,101.7,42.3,57.7,13:21,12:11,1,0,0.0,2,50.0,dalcomi01
176,Trevor Daley,34,DET,D,77,1179,1379,46.1,-4.1,921,1042,46.9,-3.8,9.4,90.7,100.1,41.8,58.2,20:42,17:17,11,50,-11.9,197,52.3,daleytr01
177,Zac Dalpe,28,CBJ,RW,12,76,67,53.1,-1.6,62,49,55.9,1.6,2.2,90.0,92.2,60.7,39.3,7:27,7:12,3,2,0.8,25,72.0,dalpeza01
178,Phillip Danault,24,MTL,LW,52,754,678,52.7,3.4,532,481,52.5,3.6,7.4,90.6,98.0,49.7,50.3,16:35,13:38,38,20,4.7,151,62.3,danauph01
179,Marko Daňo,23,WPG,C,23,147,145,50.3,1.3,116,106,52.3,2.6,6.2,91.1,97.3,43.2,56.8,7:11,6:58,3,4,0.0,38,57.9,danoma01
180,Laurent Dauphin,22,ARI,C,2,15,16,48.4,-7.2,11,11,50.0,-5.8,0.0,87.5,87.5,100.0,0.0,7:14,7:14,0,0,-0.1,1,100.0,dauphla01
181,Brandon Davidson,26,TOT,D,51,735,719,50.6,0.3,542,499,52.1,1.1,6.7,89.6,96.3,49.0,51.0,16:49,14:47,13,44,1.6,,,davidbr01
181,Brandon Davidson,26,EDM,D,23,331,343,49.1,-1.6,246,237,50.9,-1.8,8.0,90.9,98.9,48.8,51.2,17:21,14:60,5,19,0.9,50,56.0,davidbr01
181,Brandon Davidson,26,NYI,D,15,207,225,47.9,0.0,147,156,48.5,1.3,5.6,87.9,93.5,48.0,52.0,17:38,15:49,3,8,-2.7,47,46.8,davidbr01
181,Brandon Davidson,26,MTL,D,13,197,151,56.6,4.5,149,106,58.4,6.4,5.8,89.3,95.1,50.5,49.5,14:56,13:13,5,17,3.4,27,48.1,davidbr01
182,Calvin de Haan,26,NYI,D,33,487,505,49.1,-1.3,360,375,49.0,-0.9,13.0,91.7,104.7,45.2,54.8,18:45,16:18,14,24,-0.1,91,48.4,dehaaca01
183,Jacob de La Rose,22,MTL,LW,55,531,580,47.8,-2.4,377,420,47.3,-2.9,6.1,93.4,99.6,49.6,50.4,11:51,10:49,20,19,-1.9,108,49.1,delarja01
184,Jean-Sébastien Dea,23,PIT,C,5,13,30,30.2,-23.1,7,22,24.1,-29.6,25.0,100.0,125.0,50.0,50.0,5:29,5:29,0,1,-0.3,1,100.0,deaje01
185,Tony DeAngelo,22,NYR,D,32,478,474,50.2,6.0,373,367,50.4,5.0,5.3,88.4,93.8,66.5,33.5,16:35,14:31,6,29,0.7,107,63.6,deangan01
186,Alex DeBrincat,20,CHI,RW,82,1135,957,54.3,2.2,784,716,52.3,1.6,10.1,91.0,101.1,58.9,41.1,14:48,12:37,33,25,-1.2,358,50.6,debrial01
187,Jake DeBrusk,21,BOS,LW,70,907,764,54.3,1.3,687,586,54.0,1.3,10.3,92.2,102.5,70.0,30.0,14:22,12:25,31,21,8.4,246,58.1,debruja01
188,Danny DeKeyser,27,DET,D,65,1043,1077,49.2,0.8,776,802,49.2,0.2,8.3,92.2,100.4,44.8,55.2,20:19,17:57,6,31,-4.7,148,43.9,dekeyda01
189,Michael Del Zotto,27,VAN,D,82,1271,1482,46.2,-2.7,974,1132,46.2,-2.4,8.8,91.5,100.3,48.2,51.8,20:48,17:44,22,67,-12.2,243,52.7,delzomi01
190,Dylan DeMelo,24,SJS,D,63,827,822,50.2,0.2,628,574,52.2,1.8,8.6,90.4,99.0,49.7,50.3,14:12,13:24,13,16,5.6,140,47.9,demeldy01
191,Jason Demers,29,ARI,D,69,1224,1152,51.5,4.1,885,895,49.7,3.5,8.6,90.3,98.9,45.7,54.3,21:08,17:59,20,36,2.7,225,42.2,demerja01
192,Travis Dermott,21,TOR,D,37,613,502,55.0,6.4,454,382,54.3,7.2,8.8,95.2,104.0,51.7,48.3,15:60,15:22,9,36,7.4,106,50.9,dermotr01
193,David Desharnais,31,NYR,C,71,659,840,44.0,-2.9,486,651,42.7,-4.8,7.9,89.7,97.5,55.4,44.6,13:03,11:37,26,26,-5.3,98,56.1,deshada01
194,Nicolas Deslauriers,26,MTL,LW,58,523,597,46.7,-3.3,375,418,47.3,-2.0,7.4,95.4,102.7,46.4,53.6,11:36,10:31,14,3,1.3,127,60.6,deslani01
195,Phillip Di Giuseppe,24,CAR,LW,49,546,453,54.7,-0.9,401,343,53.9,-0.6,7.4,91.3,98.6,52.2,47.8,10:30,10:23,16,13,0.0,123,52.0,digiuph01
196,Jason Dickinson,22,DAL,C,27,168,171,49.6,-1.1,117,129,47.6,-3.4,4.5,93.6,98.1,54.2,45.8,8:32,8:27,5,5,-1.0,34,47.1,dickija01
197,Christopher DiDomenico,28,OTT,C,24,224,248,47.5,0.9,165,182,47.6,0.2,9.6,89.8,99.4,50.7,49.3,11:47,10:16,10,8,-0.7,42,54.8,didomch01
198,Brenden Dillon,27,SJS,D,81,1297,1233,51.3,0.5,962,885,52.1,0.3,8.6,89.5,98.0,54.6,45.4,17:19,15:45,11,29,0.9,202,43.1,dillobr01
199,Christian Djoos,23,WSH,D,63,872,797,52.2,5.3,666,612,52.1,6.4,10.2,92.2,102.4,59.8,40.2,14:02,13:44,13,33,4.1,112,53.6,djoosch01
200,Max Domi,22,ARI,LW,82,1158,1216,48.8,0.7,831,943,46.8,-0.2,10.4,90.8,101.2,55.9,44.1,16:42,13:56,40,62,-7.5,315,47.6,domima01
201,Ryan Donato,21,BOS,C,12,147,125,54.0,0.9,110,98,52.9,-1.0,9.5,92.2,101.7,63.5,36.5,14:42,12:14,3,3,0.1,42,57.1,donatry01
202,Joonas Donskoi,25,SJS,RW,66,961,784,55.1,5.6,715,548,56.6,5.8,7.8,92.0,99.8,55.8,44.2,14:58,13:14,46,33,10.4,201,64.2,donskjo01
203,Derek Dorsett,31,VAN,RW,20,173,230,42.9,-8.0,135,174,43.7,-5.6,8.2,91.1,99.2,29.4,70.6,15:17,12:30,4,2,-4.3,39,66.7,dorsede01
204,Jake Dotchin,23,TBL,D,48,761,698,52.2,1.4,571,522,52.2,1.0,10.3,93.5,103.8,48.3,51.7,16:29,15:48,4,33,2.6,115,41.7,dotchja01
205,Drew Doughty,28,LAK,D,82,1734,1525,53.2,5.4,1309,1188,52.4,4.3,10.0,91.3,101.2,51.3,48.7,26:50,20:54,17,79,3.0,401,51.1,doughdr01
206,Nic Dowd,27,TOT,C,56,445,506,46.8,-1.7,333,374,47.1,-1.2,4.2,92.1,96.4,28.9,71.1,10:32,9:23,16,15,-3.3,,,dowdni01
206,Nic Dowd,27,VAN,C,40,353,399,46.9,-1.5,272,291,48.3,0.1,4.8,92.0,96.7,18.2,81.8,11:34,9:57,12,11,-2.5,71,56.3,dowdni01
206,Nic Dowd,27,LAK,C,16,92,107,46.2,-2.5,61,83,42.4,-6.1,2.1,92.7,94.8,61.6,38.4,7:57,7:57,4,4,-0.8,18,61.1,dowdni01
207,Leon Draisaitl,22,EDM,C,78,1318,1155,53.3,4.0,1016,855,54.3,4.8,9.6,87.1,96.7,55.2,44.8,19:19,15:21,78,84,11.9,323,59.8,draisle01
208,Jonathan Drouin,22,MTL,LW,77,1128,1102,50.6,0.2,825,835,49.7,-0.9,6.0,90.2,96.2,57.8,42.2,17:36,14:04,56,58,-2.5,298,54.7,drouijo01
209,Brandon Dubinsky,31,CBJ,C,62,762,845,47.4,-6.9,579,601,49.1,-5.6,6.6,92.5,99.0,36.7,63.3,15:21,13:25,25,12,-2.8,151,58.9,dubinbr01
210,Pierre-Luc Dubois,19,CBJ,LW,82,1339,1054,56.0,6.4,1028,780,56.9,6.3,7.9,92.4,100.4,65.8,34.2,16:38,14:30,38,29,7.3,274,60.2,duboipi01
211,Matt Duchene,27,TOT,C,82,1232,1299,48.7,1.9,898,986,47.7,0.7,9.3,89.2,98.4,51.0,49.0,18:19,15:21,47,40,-4.4,,,duchema01
211,Matt Duchene,27,OTT,C,68,1057,1123,48.5,1.2,767,842,47.7,0.2,8.6,89.2,97.9,51.1,48.9,18:51,15:51,34,34,-5.3,288,58.0,duchema01
211,Matt Duchene,27,COL,C,14,175,176,49.9,5.7,131,144,47.6,3.4,12.5,88.7,101.2,50.4,49.6,15:46,12:52,13,6,1.0,40,57.5,duchema01
212,Anthony Duclair,22,TOT,LW,56,696,653,51.6,2.7,483,503,49.0,0.7,7.4,91.3,98.7,54.3,45.7,13:17,11:31,21,8,0.1,,,duclaan01
212,Anthony Duclair,22,ARI,LW,33,382,384,49.9,3.1,271,298,47.6,1.2,7.0,90.9,97.9,51.8,48.2,13:27,11:25,11,7,-1.6,116,58.6,duclaan01
212,Anthony Duclair,22,CHI,LW,23,314,269,53.9,2.0,212,205,50.8,-0.1,8.0,91.7,99.7,57.7,42.3,13:02,11:40,10,1,1.8,58,48.3,duclaan01
213,Mathew Dumba,23,MIN,D,82,1413,1602,46.9,-0.3,1073,1196,47.3,-1.2,11.0,91.4,102.4,45.8,54.2,23:49,19:39,22,52,3.1,369,47.7,dumbama01
214,Gabriel Dumont,27,TOT,C,30,199,241,45.2,-1.6,145,176,45.2,-1.0,5.3,95.9,101.2,52.6,47.4,9:03,8:07,5,3,-1.3,,,dumonga01
214,Gabriel Dumont,27,OTT,C,23,139,178,43.8,-2.5,99,128,43.6,-2.2,6.0,95.7,101.7,56.2,43.8,8:38,7:31,3,3,-1.3,43,62.8,dumonga01
214,Gabriel Dumont,27,TBL,C,7,60,63,48.8,0.1,46,48,48.9,1.4,3.6,96.6,100.1,44.9,55.1,10:22,10:04,2,0,-0.1,18,61.1,dumonga01
215,Brian Dumoulin,26,PIT,D,80,1465,1305,52.9,1.1,1117,963,53.7,1.1,7.8,90.2,98.0,54.1,45.9,20:37,17:47,35,43,6.7,213,47.9,dumoubr01
216,Vince Dunn,21,STL,D,75,1219,1011,54.7,4.4,872,739,54.1,2.3,7.7,91.5,99.2,60.8,39.2,17:14,15:10,29,38,5.8,284,48.6,dunnvi02
217,Christian Dvorak,21,ARI,C,78,1024,1057,49.2,0.9,728,825,46.9,-0.5,8.8,89.9,98.6,47.6,52.4,16:25,13:16,20,25,-3.3,242,62.4,dvorach01
218,Ryan Dzingel,25,OTT,C,79,1114,1176,48.6,1.7,814,877,48.1,0.6,8.9,89.7,98.6,51.1,48.9,16:30,14:16,27,34,-6.7,238,57.1,dzingry01
219,Cody Eakin,26,VEG,C,80,904,997,47.6,-4.7,669,748,47.2,-5.1,7.4,91.0,98.4,49.4,50.6,14:32,12:11,60,31,-3.8,195,54.9,eakinco01
220,Patrick Eaves,33,ANA,RW,2,16,36,30.8,-9.7,13,20,39.4,-1.7,12.5,92.3,104.8,46.7,53.3,16:28,13:05,0,0,-0.2,8,37.5,eavespa01
221,Jordan Eberle,27,NYI,RW,81,1293,1082,54.4,9.8,966,813,54.3,10.6,9.9,89.9,99.8,52.1,47.9,16:04,14:03,38,38,14.0,290,63.1,eberljo01
222,Alexander Edler,31,VAN,D,70,1182,1343,46.8,-1.0,878,970,47.5,0.2,7.9,90.5,98.4,46.0,54.0,24:17,18:47,31,56,-7.5,354,48.6,edleral01
223,Joel Edmundson,24,STL,D,69,1273,1200,51.5,-1.2,959,867,52.5,-1.3,8.4,90.8,99.1,48.7,51.3,20:45,18:12,17,28,-2.3,265,46.8,edmunjo01
224,Nikolaj Ehlers,21,WPG,LW,82,1243,1079,53.5,3.4,932,801,53.8,3.3,9.6,91.8,101.4,53.1,46.9,16:05,14:01,38,58,3.9,422,54.7,ehlerni01
225,Jack Eichel,21,BUF,C,67,1002,1013,49.7,2.6,772,794,49.3,2.4,8.9,87.9,96.8,61.2,38.8,20:09,15:38,38,61,0.2,433,56.6,eicheja01
226,Victor Ejdsell,22,CHI,C,6,58,76,43.3,-2.7,40,49,44.9,-1.9,8.6,90.2,98.8,60.0,40.0,13:19,12:33,2,0,-0.9,16,43.8,ejdsevi01
227,Aaron Ekblad,21,FLA,D,82,1572,1636,49.0,-0.5,1242,1285,49.1,-1.5,9.4,91.4,100.8,42.2,57.8,23:23,18:53,40,99,-7.8,399,47.4,ekblaaa01
228,Mattias Ekholm,27,NSH,D,81,1612,1375,54.0,4.5,1187,1040,53.3,3.4,9.3,92.3,101.6,46.5,53.5,23:35,18:49,38,70,1.4,286,47.2,ekholma01
229,Oliver Ekman-Larsson,26,ARI,D,82,1551,1464,51.4,5.0,1118,1142,49.5,4.0,7.9,88.8,96.7,47.7,52.3,23:39,18:49,29,53,-1.5,442,45.7,ekmanol01
230,Remi Elie,22,DAL,LW,72,659,623,51.4,-0.5,459,447,50.7,-1.8,7.7,93.8,101.5,46.9,53.1,10:15,9:59,20,25,0.6,131,53.4,eliere01
231,Lars Eller,28,WSH,C,81,944,1012,48.3,0.2,665,762,46.6,-1.3,9.6,90.1,99.7,47.6,52.4,15:18,12:19,39,47,-6.3,299,53.8,ellerla01
232,Ryan Ellis,27,NSH,D,44,921,758,54.9,4.0,662,548,54.7,3.7,10.5,93.5,104.0,54.7,45.3,23:21,18:26,33,33,4.7,220,50.0,ellisry01
233,Alexei Emelin,31,NSH,D,76,980,1136,46.3,-6.9,748,835,47.3,-6.1,7.6,94.7,102.2,43.4,56.6,16:53,15:13,20,39,-8.2,135,43.7,emelial01
234,Deryk Engelland,35,VEG,D,79,1278,1384,48.0,-4.8,966,1028,48.4,-4.2,9.0,91.3,100.4,47.9,52.1,20:15,16:57,25,53,-5.4,217,49.8,engelde01
235,Andreas Englund,22,OTT,D,1,6,14,30.0,-10.0,4,10,28.6,-13.4,33.3,100.0,133.3,40.0,60.0,11:21,10:54,1,1,-0.3,0,,engluan01
236,Tyler Ennis,28,MIN,C,73,711,807,46.8,-0.2,536,598,47.3,-0.8,7.5,93.1,100.6,51.0,49.0,11:58,11:24,30,11,6.4,202,56.9,ennisty01
237,Toby Enström,33,WPG,D,43,643,589,52.2,3.7,485,432,52.9,4.3,8.8,93.0,101.8,51.7,48.3,17:02,16:19,3,31,6.7,68,45.6,enstrto01
238,Jonathan Ericsson,33,DET,D,81,1186,1306,47.6,-2.0,947,993,48.8,-0.9,7.8,91.7,99.5,38.8,61.2,19:19,16:36,13,70,-8.7,153,56.2,ericsjo01
239,Loui Eriksson,32,VAN,LW,50,584,595,49.5,2.9,439,463,48.7,1.9,7.3,92.9,100.2,46.9,53.1,16:16,12:35,25,9,-1.2,148,68.2,erikslo01
240,Joel Eriksson Ek,21,MIN,C,75,752,819,47.9,0.7,572,577,49.8,2.0,6.2,93.1,99.3,50.8,49.2,12:47,11:36,17,10,5.9,191,64.9,eriksjo02
241,Adam Erne,22,TBL,LW,23,202,180,52.9,1.1,155,130,54.4,3.7,8.0,90.0,98.0,54.7,45.3,10:07,9:60,4,4,1.4,49,59.2,ernead01
242,Radek Faksa,24,DAL,C,79,930,919,50.3,-1.5,678,646,51.2,-0.5,10.3,93.5,103.7,33.4,66.6,15:16,13:02,38,16,2.2,188,62.8,faksara01
243,Justin Falk,29,BUF,D,46,496,672,42.5,-6.1,380,501,43.1,-5.2,5.0,91.3,96.3,41.6,58.4,16:05,14:29,3,12,-6.3,61,59.0,falkju01
244,Oscar Fantenberg,26,LAK,D,27,269,303,47.0,-4.5,200,230,46.5,-4.3,10.3,92.3,102.6,54.4,45.6,14:16,12:03,3,7,-2.1,74,44.6,fanteos01
245,Hudson Fasching,22,BUF,RW,5,29,40,42.0,-2.7,23,27,46.0,-0.4,0.0,95.2,95.2,50.0,50.0,9:42,7:27,0,0,-1.4,6,16.7,faschhu01
246,Jesper Fast,26,NYR,RW,71,788,951,45.3,-0.7,605,722,45.6,-0.7,10.2,89.2,99.4,41.7,58.3,14:53,12:55,22,27,-10.4,134,59.7,fastje01
247,Justin Faulk,25,CAR,D,76,1584,1261,55.7,1.6,1140,971,54.0,0.6,6.7,88.5,95.2,58.3,41.7,22:16,18:48,63,66,5.7,446,47.3,faulkju01
248,Taylor Fedun,29,BUF,D,7,85,77,52.5,8.4,63,57,52.5,5.8,2.2,95.6,97.7,59.5,40.5,14:41,13:10,0,4,-2.1,20,40.0,fedunta01
249,Eric Fehr,32,TOT,RW,18,174,172,50.3,-0.1,128,114,52.9,1.7,15.3,91.1,106.4,43.0,57.0,11:47,10:01,6,4,1.2,,,fehrer01
249,Eric Fehr,32,SJS,RW,14,155,150,50.8,1.3,112,97,53.6,2.7,16.0,92.3,108.3,46.2,53.8,12:01,11:05,4,2,0.9,34,67.6,fehrer01
249,Eric Fehr,32,TOR,RW,4,19,22,46.3,-7.6,16,17,48.5,-3.8,10.0,85.7,95.7,20.0,80.0,10:56,6:18,2,2,0.3,5,80.0,fehrer01
250,Micheal Ferland,25,CGY,LW,77,1065,979,52.1,-1.4,793,759,51.1,-2.6,9.9,91.5,101.4,56.2,43.8,15:01,13:05,35,33,5.1,263,54.0,ferlami01
251,Landon Ferraro,26,MIN,C,2,6,10,37.5,-6.3,5,10,33.3,-9.1,20.0,100.0,120.0,50.0,50.0,4:25,4:24,0,0,-0.2,3,100.0,ferrala01
252,Kevin Fiala,21,NSH,LW,80,1201,946,55.9,6.6,879,698,55.7,6.3,8.3,94.2,102.5,64.2,35.8,15:09,12:51,42,56,15.1,354,52.8,fialake01
253,Valtteri Filppula,33,PHI,C,81,895,1139,44.0,-7.4,661,827,44.4,-7.3,8.2,91.8,100.0,46.9,53.1,16:29,13:34,36,37,-6.3,124,57.3,filppva01
254,Giovanni Fiore,21,ANA,LW,1,4,7,36.4,-17.2,4,5,44.4,-6.5,0.0,80.0,80.0,50.0,50.0,7:53,6:30,0,1,-0.3,1,0.0,fioregi01
255,Christian Fischer,20,ARI,RW,79,920,960,48.9,1.0,671,728,48.0,1.4,6.8,91.1,97.8,46.3,53.7,13:54,11:39,15,11,0.6,240,64.2,fischch01
256,Mike Fisher,37,NSH,C,16,113,162,41.1,-12.2,87,113,43.5,-10.1,9.0,92.8,101.7,31.1,68.9,12:21,10:40,8,5,-1.3,23,60.9,fishemi01
257,Haydn Fleury,21,CAR,D,67,1067,1005,51.5,-4.5,756,762,49.8,-5.4,7.1,93.0,100.1,60.5,39.5,16:48,15:49,21,34,-9.0,181,47.5,fleurha01
258,Warren Foegele,21,CAR,LW,2,19,12,61.3,7.8,15,9,62.5,9.7,21.4,100.0,121.4,45.5,54.5,11:56,9:53,1,0,0.7,8,75.0,foegewa01
259,Steven Fogarty,24,NYR,C,1,10,7,58.8,16.0,5,6,45.5,6.1,0.0,100.0,100.0,37.5,62.5,12:16,11:49,0,1,-0.6,2,50.0,fogarst01
260,Marcus Foligno,26,MIN,LW,77,650,702,48.1,0.9,493,496,49.8,1.9,8.6,91.0,99.6,49.6,50.4,10:52,10:36,20,17,1.6,125,63.2,foligma01
261,Nick Foligno,30,CBJ,LW,72,1041,981,51.5,-0.2,790,712,52.6,-0.4,8.4,91.1,99.5,52.1,47.9,18:21,14:44,34,35,3.4,208,65.9,foligni01
262,Christian Folin,26,LAK,D,65,889,901,49.7,-0.8,680,651,51.1,0.9,7.3,92.3,99.6,50.6,49.4,15:39,14:28,8,34,-0.6,113,51.3,folinch01
263,Spencer Foo,23,CGY,RW,4,58,46,55.8,4.3,44,36,55.0,2.1,6.1,95.5,101.5,62.2,37.8,15:51,13:45,2,1,1.3,22,72.7,foosp01
264,Derek Forbort,25,LAK,D,78,1249,1269,49.6,-0.3,938,950,49.7,0.0,9.3,92.9,102.2,44.7,55.3,20:47,17:55,19,79,-5.1,194,40.2,forbode01
265,Alex Formenton,18,OTT,LW,1,4,8,33.3,-11.6,3,7,30.0,-26.5,0.0,100.0,100.0,100.0,0.0,4:54,4:54,0,1,-0.2,0,,formeal01
266,Filip Forsberg,23,NSH,C,67,1005,890,53.0,3.2,769,685,52.9,3.0,11.1,93.6,104.7,54.1,45.9,17:28,13:60,49,65,0.6,348,51.1,forsbfi01
267,Gustav Forsling,21,CHI,D,41,618,641,49.1,-6.8,423,503,45.7,-8.6,8.8,90.8,99.6,50.8,49.2,19:09,15:28,18,38,-4.4,163,50.3,forslgu02
268,Cam Fowler,26,ANA,D,67,1233,1310,48.5,0.3,926,963,49.0,0.7,7.9,92.4,100.3,46.6,53.4,24:51,19:46,27,47,-0.6,275,44.4,fowleca01
269,Cody Franson,30,CHI,D,23,398,266,59.9,9.2,305,202,60.2,11.5,4.5,93.1,97.6,65.8,34.2,16:37,14:23,7,21,3.4,104,49.0,fransco01
270,Tanner Fritz,26,NYI,C,34,358,420,46.0,-1.1,246,300,45.1,-1.3,6.3,93.7,100.0,45.1,54.9,12:31,11:34,4,8,-7.1,48,56.3,fritzta01
271,Martin Frk,24,DET,RW,68,515,500,50.7,2.2,383,394,49.3,-0.1,7.8,89.6,97.3,57.5,42.5,10:17,8:08,9,21,-3.0,188,52.7,frkma01
272,Byron Froese,26,MTL,C,48,419,498,45.7,-4.5,300,331,47.5,-2.5,7.1,93.8,100.9,46.2,53.8,11:35,10:16,19,11,-0.7,96,51.0,froesby01
273,Michael Frolík,29,CGY,LW,70,1155,901,56.2,3.4,896,696,56.3,3.6,5.3,89.3,94.6,46.8,53.2,16:55,14:15,43,26,5.9,281,59.4,frolimi01
274,Marián Gáborík,35,TOT,RW,46,531,540,49.6,-0.3,374,420,47.1,-2.5,8.9,93.1,102.0,57.5,42.5,13:58,12:04,13,20,-1.0,,,gaborma01
274,Marián Gáborík,35,LAK,RW,30,345,343,50.1,-1.0,248,268,48.1,-2.3,10.0,95.6,105.6,59.8,40.2,14:19,12:25,12,15,1.5,108,49.1,gaborma01
274,Marián Gáborík,35,OTT,RW,16,186,197,48.6,0.6,126,152,45.3,-2.9,6.8,89.3,96.1,53.5,46.5,13:19,11:25,1,5,-2.4,58,46.6,gaborma01
275,Sam Gagner,28,VAN,C,74,876,985,47.1,-1.1,677,753,47.3,-0.4,6.2,91.5,97.7,51.0,49.0,15:07,12:59,17,22,-6.1,270,60.7,gagnesa01
276,Alex Galchenyuk,23,MTL,C,82,1105,1137,49.3,-1.5,773,840,47.9,-3.2,5.5,90.7,96.1,55.9,44.1,16:14,13:11,29,56,-3.1,382,55.8,galchal01
277,Brendan Gallagher,25,MTL,RW,82,1235,1044,54.2,5.3,917,755,54.8,6.4,7.3,89.7,97.0,47.5,52.5,16:09,13:19,42,27,10.7,477,58.1,gallabr01
278,Dylan Gambrell,21,SJS,C,3,30,34,46.9,-3.7,19,19,50.0,-5.4,8.3,81.8,90.2,80.0,20.0,10:33,10:33,0,0,-0.6,3,33.3,gambrdy01
279,Jake Gardiner,27,TOR,D,82,1645,1600,50.7,0.9,1203,1233,49.4,0.8,9.3,92.4,101.7,49.9,50.1,22:31,19:56,39,105,9.6,317,42.0,gardija01
280,Jason Garrison,33,VEG,D,8,126,141,47.2,-3.4,87,100,46.5,-3.8,6.8,89.9,96.6,50.6,49.4,19:04,16:34,3,7,-0.9,15,46.7,garrija01
281,Adam Gaudette,21,VAN,C,5,56,62,47.5,0.9,40,44,47.6,-1.2,6.9,100.0,106.9,38.1,61.9,12:47,11:58,1,4,0.2,20,45.0,gaudead01
282,Frédérick Gaudreau,24,NSH,C,20,156,179,46.6,-3.6,109,138,44.1,-6.4,9.0,93.3,102.2,41.0,59.0,9:10,9:02,5,2,-3.1,32,43.8,gaudrfr01
283,Johnny Gaudreau,24,CGY,LW,80,1424,1190,54.5,1.9,1059,933,53.2,0.4,10.2,89.8,100.0,59.3,40.7,19:25,15:52,44,100,11.0,409,55.3,gaudrjo01
284,Brendan Gaunce,23,VAN,C,37,342,402,46.0,-1.2,266,292,47.7,1.4,6.3,94.3,100.6,14.9,85.1,13:19,11:26,16,16,-2.5,96,57.3,gauncbr01
285,Frederik Gauthier,22,TOR,C,9,50,81,38.2,-16.2,36,66,35.3,-16.5,3.4,87.8,91.2,30.0,70.0,8:45,7:18,3,5,-1.5,16,75.0,gauthfr01
286,Nathan Gerbe,30,CBJ,C,2,12,14,46.2,-4.2,6,11,35.3,-16.2,0.0,83.3,83.3,66.7,33.3,8:36,8:36,0,0,-0.1,1,100.0,gerbena01
287,Shane Gersich,21,WSH,C/LW,3,30,26,53.6,3.2,23,15,60.5,9.2,5.9,81.8,87.7,31.6,68.4,9:01,9:01,3,0,0.9,6,66.7,gersish01
288,Ryan Getzlaf,32,ANA,C,56,989,890,52.6,4.0,724,656,52.5,3.5,12.3,90.7,103.0,49.5,50.5,21:26,17:26,45,64,5.6,242,48.3,getzlry01
289,Brian Gibbons,29,NJD,C,59,555,705,44.0,-4.3,427,520,45.1,-3.8,9.5,93.0,102.5,39.8,60.2,14:26,11:29,35,10,-1.3,109,65.1,gibbobr02
290,John Gilmour,24,NYR,D,28,447,459,49.3,4.9,345,357,49.1,5.6,7.1,89.5,96.6,56.9,43.1,17:11,15:37,11,29,-3.4,129,47.3,gilmojo01
291,Brian Gionta,39,BOS,RW,20,218,184,54.2,0.3,159,132,54.6,0.0,3.3,96.8,100.1,50.8,49.2,13:04,10:50,5,1,1.7,59,71.2,giontbr01
292,Mark Giordano,34,CGY,D,82,1804,1357,57.1,6.1,1360,1046,56.5,5.7,7.3,90.3,97.7,53.2,46.8,24:47,18:29,50,46,16.4,491,43.6,giordma01
293,Samuel Girard,19,TOT,D,73,1007,1095,47.9,-0.1,722,819,46.9,-1.0,8.1,91.6,99.7,54.3,45.7,17:39,15:23,13,31,-4.1,,,girarsa01
293,Samuel Girard,19,COL,D,68,938,1024,47.8,0.2,670,764,46.7,-0.7,8.4,91.8,100.2,54.1,45.9,17:42,15:24,12,31,-3.8,158,48.1,girarsa01
293,Samuel Girard,19,NSH,D,5,69,71,49.3,-4.8,52,55,48.6,-6.6,5.0,88.4,93.4,56.1,43.9,16:55,15:21,1,0,-0.3,13,61.5,girarsa01
294,Dan Girardi,33,TBL,D,77,1080,1133,48.8,-4.0,827,823,50.1,-1.9,9.9,93.2,103.1,48.7,51.3,17:23,14:48,15,27,-1.4,170,54.7,girarda01
295,Zemgus Girgensons,24,BUF,C,71,696,744,48.3,1.0,528,592,47.1,-0.3,5.8,91.6,97.4,49.5,50.5,13:43,11:57,18,12,-2.1,168,67.3,girgeze01
296,Claude Giroux,30,PHI,LW,82,1334,1172,53.2,5.6,1007,868,53.7,5.7,12.0,91.0,103.0,45.5,54.5,20:21,15:60,34,44,10.4,361,53.5,giroucl01
297,Tanner Glass,34,CGY,LW,16,133,129,50.8,-3.0,107,94,53.2,0.2,0.0,93.3,93.3,44.7,55.3,9:23,8:23,2,0,-0.3,25,56.0,glassta01
298,Luke Glendening,28,DET,C,69,549,726,43.1,-7.8,444,504,46.8,-3.6,6.3,90.1,96.4,34.0,66.0,13:12,10:24,16,10,-5.9,122,72.1,glendlu01
299,Nikolay Goldobin,22,VAN,LW,38,421,436,49.1,2.3,318,334,48.8,1.4,7.8,88.4,96.2,57.8,42.2,12:20,11:22,10,12,-4.6,96,52.1,goldoni01
300,Alex Goligoski,32,ARI,D,78,1406,1641,46.1,-2.7,1024,1237,45.3,-1.9,7.0,90.5,97.5,44.9,55.1,23:15,19:18,16,66,-10.3,279,42.7,goligal01
301,Barclay Goodrow,24,SJS,RW,47,451,438,50.7,1.3,326,303,51.8,1.5,10.3,88.3,98.7,47.5,52.5,10:53,9:51,20,9,2.7,102,55.9,goodrba01
302,Josh Gorges,33,BUF,D,34,328,416,44.1,-6.1,252,316,44.4,-5.2,6.8,93.4,100.2,43.4,56.6,14:56,13:01,3,7,-3.3,35,42.9,gorgejo01
303,Shayne Gostisbehere,24,PHI,D,78,1332,1253,51.5,3.2,996,913,52.2,3.5,9.8,91.4,101.2,57.5,42.5,21:27,17:43,23,52,9.1,458,48.3,gostish01
304,Tyrell Goulbourne,24,PHI,LW,9,42,48,46.7,-3.1,32,35,47.8,-3.2,4.3,85.0,89.3,54.8,45.2,5:35,5:35,1,0,-0.7,5,40.0,goulbty01
305,Yanni Gourde,26,TBL,C,82,1078,995,52.0,0.7,795,759,51.2,-0.3,11.8,93.7,105.6,44.7,55.3,16:09,13:10,52,35,4.6,240,56.7,gourdya01
306,Michael Grabner,30,TOT,RW,80,894,1100,44.8,-2.8,687,821,45.6,-2.5,8.7,93.6,102.3,46.2,53.8,14:49,12:39,46,33,-3.1,,,grabnmi01
306,Michael Grabner,30,NYR,RW,59,670,818,45.0,-2.5,521,608,46.1,-2.0,9.5,93.7,103.1,44.1,55.9,14:53,12:44,31,27,-1.3,202,64.9,grabnmi01
306,Michael Grabner,30,NJD,RW,21,224,282,44.3,-3.4,166,213,43.8,-3.9,6.2,93.6,99.7,51.0,49.0,14:39,12:24,15,6,-1.7,58,62.1,grabnmi01
307,Markus Granlund,24,VAN,C,53,554,651,46.0,-2.8,407,504,44.7,-3.9,5.1,92.4,97.5,38.2,61.8,16:15,12:43,22,8,-9.6,149,62.4,granlma01
308,Mikael Granlund,25,MIN,C,77,1040,1041,50.0,4.0,797,770,50.9,3.8,10.3,91.2,101.5,43.0,57.0,18:46,14:22,33,35,14.7,334,57.8,granlmi01
309,Derek Grant,27,ANA,C,66,566,656,46.3,-1.0,427,494,46.4,-0.9,9.2,93.1,102.4,49.1,50.9,11:06,9:38,18,13,-4.1,112,58.0,grantde01
310,Tyler Graovac,24,WSH,C,5,14,41,25.5,-27.5,10,36,21.7,-28.8,0.0,88.0,88.0,26.7,73.3,6:44,6:36,3,0,-1.6,2,50.0,graovty01
311,Kevin Gravel,25,LAK,D,16,201,209,49.0,-6.9,147,152,49.2,-4.4,5.9,91.8,97.7,53.0,47.0,14:02,13:09,0,7,0.7,45,44.4,graveke01
312,Mike Green,32,DET,D,66,1139,1244,47.8,-1.2,873,937,48.2,-1.2,6.8,91.9,98.7,54.4,45.6,22:05,19:35,29,68,-6.7,279,47.3,greenmi03
313,Andy Greene,35,NJD,D,81,1216,1523,44.4,-6.2,938,1132,45.3,-5.6,8.0,91.3,99.3,38.0,62.0,21:07,17:40,24,37,-2.5,196,47.4,greenan01
314,Jordan Greenway,20,MIN,LW,6,49,64,43.4,-4.3,37,41,47.4,2.0,7.7,92.0,99.7,54.3,45.7,11:27,11:15,2,2,0.3,7,57.1,greenjo02
315,A.J. Greer,21,COL,LW,17,85,128,39.9,-4.3,66,99,40.0,-3.8,7.7,97.2,104.9,50.7,49.3,7:24,7:14,3,2,-1.9,20,65.0,greeraj01
316,Seth Griffith,25,BUF,C,21,162,164,49.7,2.0,113,127,47.1,-0.2,2.4,91.9,94.4,63.9,36.1,10:34,9:54,2,6,-2.3,21,71.4,griffse01
317,Rocco Grimaldi,24,COL,C,6,47,80,37.0,-5.6,35,57,38.0,-1.6,18.5,87.8,106.3,34.4,65.6,9:39,9:30,5,3,-0.3,9,77.8,grimaro01
318,Eric Gryba,29,EDM,D,21,305,248,55.2,1.7,227,179,55.9,2.5,9.1,89.7,98.9,57.5,42.5,14:47,13:10,9,11,0.6,57,33.3,grybaer01
319,Matt Grzelcyk,24,BOS,D,61,923,762,54.8,1.9,700,561,55.5,2.7,8.4,94.5,102.9,54.2,45.8,16:44,15:28,26,24,8.8,178,46.1,grzelma01
320,Radko Gudas,27,PHI,D,70,1037,964,51.8,2.6,779,693,52.9,3.4,6.9,91.1,98.0,46.8,53.2,17:06,15:03,7,50,6.0,257,55.3,gudasra01
321,Erik Gudbranson,26,VAN,D,52,658,840,43.9,-6.0,486,640,43.2,-7.1,6.1,93.8,100.0,42.8,57.2,18:25,15:50,5,28,-10.5,129,41.1,gudbrer01
322,Jake Guentzel,23,PIT,C,82,1291,1095,54.1,2.7,980,825,54.3,1.8,6.9,90.4,97.3,62.3,37.7,16:29,14:26,36,18,5.9,297,57.9,guentja01
323,Brendan Guhle,20,BUF,D,18,292,280,51.0,4.3,227,236,49.0,2.3,7.8,88.4,96.2,53.4,46.6,18:06,16:35,1,9,-0.1,69,53.6,guhlebr01
324,Carl Gunnarsson,31,STL,D,63,779,885,46.8,-6.3,608,604,50.2,-3.8,8.8,94.7,103.5,41.4,58.6,16:10,14:52,7,22,2.0,109,54.1,gunnaca01
325,Erik Gustafsson,25,CHI,D,35,704,567,55.4,6.6,504,414,54.9,7.6,9.3,89.6,98.9,57.4,42.6,18:33,17:07,12,23,4.1,131,54.2,gustaer02
326,Henrik Haapala,23,FLA,LW,5,54,72,42.9,-4.9,42,55,43.3,-5.8,3.1,97.7,100.9,47.1,52.9,13:42,11:54,0,4,-1.2,3,100.0,haapahe01
327,Carl Hagelin,29,PIT,LW,81,1100,942,53.9,2.2,837,700,54.5,1.9,7.6,92.1,99.7,52.5,47.5,15:57,13:18,46,25,11.5,256,66.0,hagelca01
328,Robert Hägg,22,PHI,D,70,964,1194,44.7,-6.9,724,892,44.8,-6.8,9.7,92.7,102.4,41.0,59.0,18:08,16:20,8,36,-8.0,182,48.9,haggro01
329,Ron Hainsey,36,TOR,D,80,1329,1501,47.0,-4.5,998,1161,46.2,-3.7,10.2,92.4,102.6,40.4,59.6,21:52,17:33,18,85,-5.4,190,38.4,hainsro01
330,Micheal Haley,31,FLA,C,75,466,543,46.2,-3.6,364,408,47.2,-3.4,5.5,91.3,96.8,56.4,43.6,7:48,7:38,8,14,-6.3,83,66.3,haleymi01
331,Taylor Hall,26,NJD,LW,76,1240,1158,51.7,5.0,958,893,51.8,4.1,10.6,90.5,101.1,57.3,42.7,19:07,15:58,81,69,9.0,459,60.3,hallta02
332,Dan Hamhuis,35,DAL,D,80,1254,1232,50.4,-1.2,901,857,51.3,-0.2,8.8,90.0,98.8,40.4,59.6,20:11,17:11,13,30,1.9,161,41.0,hamhuda01
333,Dougie Hamilton,24,CGY,D,82,1807,1340,57.4,6.7,1348,1042,56.4,5.5,7.9,90.4,98.4,53.1,46.9,21:32,18:19,31,72,17.4,562,48.2,hamildo01
334,Freddie Hamilton,26,TOT,C,16,125,128,49.4,-1.7,94,96,49.5,-0.2,3.1,95.6,98.7,44.3,55.7,8:59,8:39,2,5,-1.9,,,hamilfr01
334,Freddie Hamilton,26,ARI,C,8,81,65,55.5,3.7,58,50,53.7,2.3,5.0,97.3,102.3,52.5,47.5,10:19,9:56,1,5,-0.4,13,53.8,hamilfr01
334,Freddie Hamilton,26,CGY,C,8,44,63,41.1,-9.4,36,46,43.9,-4.2,0.0,93.5,93.5,35.9,64.1,7:38,7:22,1,0,-1.5,9,55.6,hamilfr01
335,Travis Hamonic,27,CGY,D,74,1308,1261,50.9,-3.7,974,950,50.6,-3.7,6.7,91.8,98.5,49.9,50.1,20:42,17:47,28,46,-3.5,261,41.0,hamontr01
336,Noah Hanifin,21,CAR,D,79,1471,1131,56.5,2.8,1089,883,55.2,2.6,6.7,89.1,95.8,63.1,36.9,18:52,16:58,50,58,13.2,341,48.4,hanifno01
337,Joel Hanley,26,ARI,D,5,60,53,53.1,9.6,48,38,55.8,13.3,9.4,88.9,98.3,64.0,36.0,11:08,11:02,0,0,-0.1,8,25.0,hanlejo01
338,Markus Hännikäinen,24,CBJ,LW,33,209,255,45.0,-4.2,159,196,44.8,-5.5,5.7,93.8,99.5,45.5,54.5,8:22,7:43,10,4,-1.4,50,62.0,hannima01
339,Jannik Hansen,31,SJS,LW,46,518,503,50.7,-0.6,382,361,51.4,0.4,10.0,91.2,101.2,49.5,50.5,12:02,11:12,25,27,-4.2,99,54.5,hanseja01
340,Martin Hanzal,30,DAL,C,38,338,372,47.6,-4.3,240,256,48.4,-4.2,6.1,87.0,93.1,33.7,66.3,14:07,10:43,10,10,-1.6,115,53.9,hanzama01
341,Ben Harpur,23,OTT,D,41,502,589,46.0,-3.8,351,436,44.6,-5.7,4.3,89.5,93.8,39.2,60.8,14:53,13:09,8,19,-6.5,70,37.1,harpube01
342,Scott Harrington,24,CBJ,D,32,327,420,43.8,-7.5,246,307,44.5,-7.7,8.2,92.9,101.1,52.6,47.4,13:18,12:25,7,3,-7.4,53,52.8,harrisc01
343,Ryan Hartman,23,TOT,RW,78,1014,899,53.0,-0.1,714,666,51.7,-0.1,7.6,91.7,99.3,56.1,43.9,13:04,12:06,26,20,-1.9,,,hartmry01
343,Ryan Hartman,23,CHI,RW,57,761,643,54.2,0.8,526,477,52.4,1.0,8.4,91.4,99.8,60.8,39.2,12:48,11:56,18,13,-1.1,187,51.3,hartmry01
343,Ryan Hartman,23,NSH,RW,21,253,256,49.7,-2.8,188,189,49.9,-3.1,4.8,92.4,97.2,45.8,54.2,13:46,12:33,8,7,-0.8,61,54.1,hartmry01
344,Scott Hartnell,35,NSH,LW,62,647,619,51.1,-1.0,474,460,50.7,-1.4,7.7,92.3,100.0,50.9,49.1,12:01,10:47,14,25,-3.7,133,61.7,hartnsc01
345,Garnet Hathaway,26,CGY,RW,59,648,569,53.2,-0.7,491,416,54.1,0.7,7.3,91.9,99.3,53.7,46.3,11:32,10:17,17,17,4.0,120,56.7,hathaga01
346,Erik Haula,26,VEG,LW,76,1108,1078,50.7,-1.1,801,804,49.9,-2.0,9.5,88.7,98.1,54.5,45.5,17:21,14:12,44,37,-1.8,300,58.3,haulaer01
347,John Hayden,22,CHI,C,47,414,456,47.6,-6.4,301,325,48.1,-3.6,7.3,91.3,98.6,44.8,55.2,10:49,9:44,18,8,-2.2,99,56.6,haydejo01
348,Jimmy Hayes,28,NJD,RW,33,264,341,43.6,-5.6,194,241,44.6,-4.0,8.1,92.7,100.9,44.2,55.8,11:55,10:23,15,8,-1.4,64,57.8,hayesji01
349,Kevin Hayes,25,NYR,RW,76,947,1114,45.9,-0.5,734,849,46.4,0.0,9.0,92.2,101.2,42.7,57.3,17:21,13:59,52,63,-2.3,268,64.2,hayeske01
350,Dillon Heatherington,22,DAL,D,6,50,58,46.3,-4.6,42,42,50.0,-1.4,14.8,96.9,111.7,30.3,69.7,10:51,10:17,0,1,-0.6,10,60.0,heathdi01
351,Victor Hedman,27,TBL,D,77,1583,1452,52.2,0.4,1193,1120,51.6,0.0,10.3,92.8,103.2,54.1,45.9,25:51,19:48,46,67,2.7,469,46.1,hedmavi01
352,Tim Heed,27,SJS,D,29,421,331,56.0,4.3,292,231,55.8,3.8,7.6,90.0,97.6,63.0,37.0,16:01,12:58,15,21,4.9,127,40.2,heedti01
353,Danton Heinen,22,BOS,C/LW,77,977,810,54.7,1.9,735,602,55.0,2.2,9.2,92.5,101.7,53.3,46.7,15:01,12:40,42,26,9.1,231,58.4,heineda01
354,Darren Helm,31,DET,C/LW,75,866,988,46.7,-3.0,672,734,47.8,-2.3,7.4,92.9,100.3,41.6,58.4,15:34,13:26,38,33,-12.1,223,63.2,helmda01
355,Aleš Hemský,34,MTL,RW,7,46,47,49.5,-3.2,33,35,48.5,-3.6,0.0,95.5,95.5,59.5,40.5,9:55,6:58,1,3,-0.6,10,50.0,hemskal01
356,Matt Hendricks,36,WPG,C,60,410,411,49.9,-1.1,312,297,51.2,-0.2,8.4,91.2,99.6,39.1,60.9,9:25,7:22,16,12,-0.4,87,64.4,hendrma01
357,Adam Henrique,27,TOT,C,81,1041,1121,48.1,-0.5,788,831,48.7,0.0,9.6,93.5,103.1,45.0,55.0,17:47,13:36,40,29,-7.0,,,henriad01
357,Adam Henrique,27,ANA,C,57,768,791,49.3,-0.3,581,578,50.1,0.7,10.6,94.2,104.8,46.7,53.3,17:35,13:57,26,25,-3.0,183,56.3,henriad01
357,Adam Henrique,27,NJD,C,24,273,330,45.3,-1.1,207,253,45.0,-1.9,6.8,91.9,98.7,40.9,59.1,18:15,12:45,14,4,-4.0,81,60.5,henriad01
358,Tomáš Hertl,24,SJS,C,79,1205,1124,51.7,0.5,853,762,52.8,0.8,8.6,89.9,98.5,49.1,50.9,18:06,14:00,60,45,1.2,331,52.6,hertlto01
359,Joe Hicketts,21,DET,D,5,62,67,48.1,0.9,43,45,48.9,-0.3,15.2,97.1,112.2,58.5,41.5,17:21,13:23,1,5,0.5,15,13.3,hickejo01
360,Thomas Hickey,28,NYI,D,69,1054,1154,47.7,0.4,770,868,47.0,0.7,10.1,93.6,103.7,44.7,55.3,18:04,15:42,14,60,-3.8,210,41.4,hicketh01
361,Matthew Highmore,21,CHI,LW,13,149,140,51.6,3.0,108,98,52.4,4.9,5.1,88.4,93.5,49.4,50.6,12:09,11:13,1,4,0.5,43,62.8,highmma01
362,Blake Hillman,22,CHI,D,4,49,72,40.5,-6.5,38,48,44.2,-1.9,0.0,94.1,94.1,46.9,53.1,18:02,16:25,0,0,-0.3,10,50.0,hillmbl01
363,Vinnie Hinostroza,23,CHI,C,50,721,601,54.5,2.4,492,430,53.4,2.7,7.5,92.9,100.4,50.5,49.5,13:49,12:23,27,16,3.8,183,47.0,hinosvi01
364,Nico Hischier,19,NJD,C,82,1121,1118,50.1,2.5,868,868,50.0,1.6,10.7,90.8,101.5,60.4,39.6,16:19,13:35,56,26,4.8,289,62.3,hischni01
365,Niklas Hjalmarsson,30,ARI,D,48,755,847,47.1,-4.1,543,595,47.7,-1.2,7.7,92.7,100.4,44.2,55.8,20:42,17:49,16,37,-1.8,84,38.1,hjalmni01
366,Joshua Ho-Sang,22,NYI,C/RW,22,228,257,47.0,-3.4,174,198,46.8,-3.1,9.9,88.5,98.4,54.2,45.8,14:17,12:01,10,23,-2.6,35,51.4,hosanjo01
367,Mike Hoffman,28,OTT,C/LW,82,1254,1285,49.4,2.9,927,966,49.0,1.9,8.8,89.4,98.3,54.6,45.4,18:24,15:13,51,69,-6.6,449,57.2,hoffmmi02
368,Nick Holden,30,TOT,D,73,1071,1188,47.4,-1.1,809,886,47.7,-1.6,9.4,90.7,100.1,41.7,58.3,19:00,16:30,26,39,-0.3,,,holdeni01
368,Nick Holden,30,NYR,D,55,796,954,45.5,-1.2,595,709,45.6,-2.0,10.0,90.9,100.9,39.5,60.5,18:59,16:50,22,35,-1.6,129,41.9,holdeni01
368,Nick Holden,30,BOS,D,18,275,234,54.0,0.2,214,177,54.7,0.4,7.3,89.8,97.2,49.7,50.3,19:05,15:32,4,4,1.3,62,41.9,holdeni01
369,Justin Holl,26,TOR,D,2,49,34,59.0,1.1,36,25,59.0,0.5,17.9,100.0,117.9,40.0,60.0,17:22,16:06,0,1,0.8,4,50.0,hollju01
370,Peter Holland,27,NYR,C,23,195,299,39.5,-8.4,152,232,39.6,-9.3,3.4,90.6,94.0,42.5,57.5,12:24,11:03,7,11,-7.3,46,65.2,hollape01
371,Philip Holm,26,VAN,D,1,17,18,48.6,-1.4,16,14,53.3,4.2,0.0,80.0,80.0,57.1,42.9,15:12,15:12,0,1,-0.3,1,0.0,holmph01
372,Korbinian Holzer,29,ANA,D,16,122,174,41.2,-2.8,95,126,43.0,-2.1,5.5,92.0,97.5,53.8,46.2,11:37,10:40,1,9,-0.7,18,55.6,holzeko01
373,Julius Honka,22,DAL,D,42,480,437,52.3,3.4,344,308,52.8,3.5,5.9,92.6,98.5,56.2,43.8,13:01,11:40,2,18,3.0,101,41.6,honkaju01
374,Patric Hörnqvist,31,PIT,RW,70,1056,896,54.1,1.7,821,663,55.3,2.2,8.0,90.5,98.6,56.9,43.1,17:19,13:40,24,14,16.3,377,65.5,hornqpa01
375,Bo Horvat,22,VAN,C,64,919,950,49.2,1.8,667,702,48.7,1.4,10.5,90.2,100.7,48.7,51.3,19:21,15:04,22,25,0.9,253,62.5,horvabo01
376,Marek Hrivík,26,CGY,LW,3,23,24,48.9,-2.9,18,15,54.5,4.3,8.3,100.0,108.3,33.3,66.7,8:30,8:24,1,4,0.1,5,40.0,hrivima01
377,Jonathan Huberdeau,24,FLA,C,82,1365,1263,51.9,3.9,1050,958,52.3,3.3,9.2,89.9,99.1,46.5,53.5,19:12,15:34,54,88,5.2,341,59.8,huberjo01
378,Charles Hudon,23,MTL,LW,72,929,861,51.9,1.8,647,614,51.3,1.2,7.0,90.5,97.4,51.8,48.2,14:02,12:22,37,25,2.6,286,62.6,hudonch01
379,Brad Hunt,29,VEG,D,45,582,537,52.0,0.0,442,417,51.5,-0.5,7.3,91.3,98.7,58.0,42.0,16:38,14:03,22,11,0.6,156,51.3,huntbr01
380,Dryden Hunt,22,FLA,LW,11,101,103,49.5,-3.3,80,80,50.0,-3.9,0.0,91.8,91.8,50.0,50.0,10:34,10:31,3,4,-0.8,23,52.2,huntdr01
381,Matt Hunwick,32,PIT,D,42,604,637,48.7,-4.4,451,490,47.9,-5.9,7.6,91.2,98.8,49.4,50.6,17:31,15:15,14,20,-1.4,105,49.5,hunwima01
382,Ben Hutton,24,VAN,D,61,842,873,49.1,2.2,620,689,47.4,0.2,6.2,92.0,98.2,51.9,48.1,18:25,15:50,26,43,-5.2,204,50.5,huttobe01
383,Tomáš Hyka,24,VEG,RW,10,98,93,51.3,1.6,71,77,48.0,0.7,7.1,96.4,103.5,60.3,39.7,12:03,10:14,5,4,1.1,20,75.0,hykato01
384,Zach Hyman,25,TOR,C,82,1214,1223,49.8,-0.4,887,935,48.7,-0.3,11.0,92.8,103.9,48.0,52.0,17:21,14:25,36,31,5.6,239,62.3,hymanza01
385,Alex Iafallo,24,LAK,C,75,1027,932,52.4,3.0,740,689,51.8,2.4,9.1,92.0,101.0,47.6,52.4,15:06,14:09,24,23,1.0,233,55.4,iafalal01
386,Matt Irwin,30,NSH,D,50,608,585,51.0,0.1,452,433,51.1,0.7,8.1,92.9,101.0,49.6,50.4,13:26,12:48,10,16,-4.1,145,42.8,irwinma01
387,Jaromír Jágr,45,CGY,RW,22,260,238,52.2,0.6,186,183,50.4,-1.0,8.9,95.5,104.4,62.9,37.1,13:03,11:28,11,12,2.2,53,60.4,jagrja01
388,Mark Jankowski,23,CGY,C,72,845,813,51.0,-3.6,623,586,51.5,-2.7,6.5,91.3,97.8,58.8,41.2,13:21,11:25,33,20,1.2,211,55.9,jankoma01
389,Mattias Janmark,25,DAL,C,81,1054,1063,49.8,-2.0,770,790,49.4,-2.8,6.8,90.4,97.2,53.9,46.1,16:56,13:60,32,33,-1.3,228,59.6,janmama02
390,Calle Järnkrok,26,NSH,C,68,790,861,47.8,-4.4,591,635,48.2,-4.0,10.0,95.1,105.2,44.5,55.5,15:53,12:56,22,10,-5.6,184,57.1,jarnkca01
391,Christián Jaroš,21,OTT,D,2,10,11,47.6,1.2,8,8,50.0,-2.1,0.0,100.0,100.0,66.7,33.3,7:58,7:58,0,0,0.3,2,0.0,jarosch01
392,Dmitrij Jaškin,24,STL,RW,76,858,771,52.7,1.2,633,538,54.1,1.7,7.5,92.9,100.4,41.5,58.5,12:27,11:56,36,17,4.1,212,58.5,jaskidm01
393,Boone Jenner,24,CBJ,C,75,975,1121,46.5,-6.2,752,795,48.6,-4.7,8.3,92.7,101.0,41.6,58.4,16:28,14:10,34,17,-2.3,310,60.3,jennebo01
394,Nick Jensen,27,DET,D,81,1043,984,51.5,3.6,792,746,51.5,3.0,7.0,91.0,98.0,48.3,51.7,16:15,14:16,25,54,-3.3,197,54.3,jenseni02
395,Jakub Jeřábek,26,TOT,D,36,558,570,49.5,1.4,408,414,49.6,1.0,7.6,92.2,99.8,53.2,46.8,16:19,15:59,4,32,1.5,,,jerabja01
395,Jakub Jeřábek,26,MTL,D,25,426,419,50.4,2.4,305,302,50.2,1.7,6.8,93.1,100.0,51.0,49.0,17:21,16:53,4,25,1.4,53,41.5,jerabja01
395,Jakub Jeřábek,26,WSH,D,11,132,151,46.6,-1.4,103,112,47.9,-1.0,10.0,89.0,99.0,59.3,40.7,13:59,13:57,0,7,0.1,21,47.6,jerabja01
396,Ryan Johansen,25,NSH,C,79,1237,1095,53.0,2.2,924,847,52.2,1.0,9.5,92.3,101.8,54.2,45.8,18:33,14:28,46,41,-4.5,211,61.1,johanry01
397,Marcus Johansson,27,NJD,C/W,29,336,360,48.3,-1.3,258,275,48.4,-2.5,6.0,89.3,95.2,51.9,48.1,15:60,13:01,15,21,-0.4,69,60.9,johanma03
398,Stephen Johns,25,DAL,D,75,1017,1002,50.4,-2.4,721,684,51.3,-1.3,8.1,92.5,100.6,46.7,53.3,17:33,14:42,25,44,0.8,249,48.6,johnsst03
399,Erik Johnson,29,COL,D,62,1127,1248,47.5,-0.1,844,925,47.7,1.2,9.6,91.3,100.9,47.0,53.0,25:26,19:56,41,39,-3.3,291,57.7,johnser01
400,Jack Johnson,31,CBJ,D,77,1197,1311,47.7,-5.4,912,958,48.8,-5.6,8.0,91.7,99.7,44.1,55.9,19:33,17:18,20,23,-10.8,175,50.3,johnsja02
401,Tyler Johnson,27,TBL,C,81,1053,1078,49.4,-3.0,823,811,50.4,-1.5,8.3,92.6,100.9,50.4,49.6,16:60,13:10,39,23,-2.8,311,59.8,johnsty01
402,Andreas Johnsson,23,TOR,LW,9,95,70,57.6,5.9,76,51,59.8,9.3,5.4,86.8,92.2,36.4,63.6,11:42,9:42,4,5,2.0,27,70.4,johnsan01
403,Ross Johnston,23,NYI,LW,24,153,220,41.0,-5.7,109,165,39.8,-7.5,10.3,91.7,102.1,32.8,67.2,9:20,9:17,7,2,-1.2,31,61.3,johnsro02
404,Jussi Jokinen,34,TOT,C,60,594,566,51.2,-0.1,430,405,51.5,-0.4,6.5,94.0,100.5,46.3,53.7,11:35,10:02,18,16,0.8,,,jokinju01
404,Jussi Jokinen,34,LAK,C,18,156,178,46.7,-3.7,108,133,44.8,-5.7,8.4,93.3,101.8,48.3,51.7,11:15,10:01,1,5,-2.0,29,65.5,jokinju01
404,Jussi Jokinen,34,CBJ,C,14,119,114,51.1,-1.6,91,89,50.6,-4.0,1.7,93.3,95.1,47.3,52.7,10:01,8:04,4,5,-0.2,29,44.8,jokinju01
404,Jussi Jokinen,34,EDM,C,14,174,124,58.4,3.9,125,74,62.8,9.0,2.2,90.2,92.4,54.5,45.5,12:19,10:09,7,4,3.4,43,51.2,jokinju01
404,Jussi Jokinen,34,VAN,C,14,145,150,49.2,1.8,106,109,49.3,0.8,13.3,97.5,110.8,34.4,65.6,12:49,11:56,6,2,-0.3,37,51.4,jokinju01
405,Seth Jones,23,CBJ,D,78,1659,1408,54.1,4.4,1283,1044,55.1,4.6,7.3,92.4,99.7,58.6,41.4,24:36,20:02,67,55,9.1,485,51.3,jonesse01
406,Josh Jooris,27,TOT,C,40,318,321,49.8,-3.7,239,236,50.3,-2.7,4.0,91.0,95.0,45.0,55.0,9:46,8:47,12,3,1.0,,,joorijo01
406,Josh Jooris,27,CAR,C,31,278,282,49.6,-3.6,207,211,49.5,-2.5,4.6,89.8,94.4,50.0,50.0,10:31,9:32,9,3,-0.3,65,64.6,joorijo01
406,Josh Jooris,27,PIT,C,9,40,39,50.6,-3.8,32,25,56.1,-0.5,0.0,100.0,100.0,23.1,76.9,7:12,6:12,3,0,1.3,16,50.0,joorijo01
407,Jacob Josefson,26,BUF,C,39,235,393,37.4,-12.6,179,293,37.9,-12.0,4.4,95.1,99.5,28.8,71.2,11:23,9:42,7,8,-7.1,62,56.5,josefja01
408,Roman Josi,27,NSH,D,75,1554,1389,52.8,3.4,1146,1034,52.6,3.2,9.5,92.6,102.1,51.3,48.7,24:28,18:33,30,59,6.1,487,52.0,josiro01
409,Tyson Jost,19,COL,C,65,664,780,46.0,-2.0,463,564,45.1,-2.6,6.3,92.9,99.2,50.2,49.8,14:38,11:43,22,10,-3.7,194,58.2,jostty01
410,Tomáš Jurčo,25,CHI,RW,29,368,347,51.5,1.5,261,247,51.4,2.3,6.7,94.0,100.7,44.1,55.9,12:37,12:13,9,6,1.9,85,52.9,jurcoto01
411,Noah Juulsen,20,MTL,D,23,334,375,47.1,-1.3,233,287,44.8,-2.9,7.8,94.2,102.1,47.9,52.1,19:25,16:41,6,22,-4.8,70,47.1,juulsno01
412,Nazem Kadri,27,TOR,C,80,1188,1234,49.1,-1.6,878,963,47.7,-1.7,8.9,92.6,101.5,41.3,58.7,16:46,14:34,42,48,-1.8,368,57.6,kadrina01
413,Vladislav Kamenev,21,COL,LW,3,12,21,36.4,-14.1,9,18,33.3,-16.4,0.0,87.5,87.5,75.0,25.0,8:49,8:48,0,1,-1.0,1,100.0,kamenvl01
414,David Kämpf,23,CHI,C,46,523,490,51.6,-0.5,371,342,52.0,1.5,5.7,89.5,95.2,46.0,54.0,12:48,11:15,14,8,-0.3,85,54.1,kampfda01
415,Steven Kampfer,29,NYR,D,22,295,398,42.6,-5.4,226,291,43.7,-5.3,4.9,93.4,98.3,40.3,59.7,17:13,15:17,6,11,-0.6,52,59.6,kampfst01
416,Evander Kane,26,TOT,LW,78,1307,1231,51.5,5.0,1019,933,52.2,5.7,7.4,90.5,97.8,58.1,41.9,19:35,16:18,40,50,8.3,,,kaneev01
416,Evander Kane,26,BUF,LW,61,1000,963,50.9,5.4,786,741,51.5,6.2,6.7,90.3,97.0,59.7,40.3,19:23,16:14,29,35,2.1,362,62.7,kaneev01
416,Evander Kane,26,SJS,LW,17,307,268,53.4,4.3,233,192,54.8,4.4,9.4,91.2,100.6,52.4,47.6,20:15,16:33,11,15,6.2,129,62.0,kaneev01
417,Patrick Kane,29,CHI,RW,82,1487,1347,52.5,-0.2,1063,1035,50.7,-0.6,8.1,89.3,97.4,65.2,34.8,20:11,16:42,47,33,-1.2,515,55.3,kanepa01
418,Kasperi Kapanen,21,TOR,RW,38,351,346,50.4,-0.2,268,263,50.5,1.0,5.3,93.5,98.8,33.5,66.5,11:15,10:03,12,6,1.5,86,62.8,kapanka01
419,Erik Karlsson,27,OTT,D,71,1598,1508,51.4,6.4,1166,1130,50.8,5.3,8.8,88.1,96.9,55.1,44.9,26:44,21:52,55,86,-2.0,478,41.0,karlser01
420,Melker Karlsson,27,SJS,C,71,729,866,45.7,-6.8,506,621,44.9,-8.7,7.4,92.3,99.7,43.1,56.9,13:15,11:44,24,22,-6.1,142,53.5,karlsme01
421,William Karlsson,25,VEG,C,82,1261,1083,53.8,3.7,944,808,53.9,3.9,11.7,93.3,105.0,51.6,48.4,18:43,14:24,78,46,7.1,322,57.1,karlswi01
422,Ondřej Kaše,22,ANA,RW,66,844,752,52.9,4.5,637,572,52.7,4.2,8.8,94.5,103.2,53.9,46.1,13:55,12:32,29,31,2.9,238,60.9,kaseon01
423,Zack Kassian,27,EDM,RW,74,679,721,48.5,-3.8,493,537,47.9,-5.1,6.3,91.5,97.7,47.3,52.7,11:40,10:03,26,33,-4.9,143,60.1,kassiza01
424,Duncan Keith*,34,CHI,D,82,1714,1557,52.4,-0.3,1202,1182,50.4,-1.1,6.6,90.4,97.0,60.5,39.5,23:50,18:48,34,73,-4.0,400,46.8,keithdu01
425,Clayton Keller,19,ARI,C,82,1221,1249,49.4,1.7,902,960,48.4,2.1,8.8,90.8,99.5,59.2,40.8,18:05,14:48,42,50,-2.9,385,55.1,kellecl01
426,Chris Kelly,37,ANA,C/LW,12,55,85,39.3,-9.4,37,64,36.6,-12.4,16.7,92.2,108.8,60.0,40.0,7:40,7:02,0,1,-2.2,10,50.0,kellych01
427,Adrian Kempe,21,LAK,LW,81,920,993,48.1,-2.7,690,774,47.1,-3.8,9.3,94.3,103.5,68.3,31.7,13:20,12:06,26,30,-5.9,212,56.1,kempead01
428,Mario Kempe,29,ARI,C,18,146,170,46.2,-2.8,109,126,46.4,-1.4,7.0,92.9,99.9,46.2,53.8,11:05,10:22,3,3,0.2,29,69.0,kempema01
429,Michal Kempný,27,TOT,D,53,853,803,51.5,0.3,597,567,51.3,0.4,9.5,93.1,102.6,51.9,48.1,15:55,15:09,9,41,1.0,,,kempnmi01
429,Michal Kempný,27,CHI,D,31,492,420,53.9,1.4,328,295,52.6,1.5,9.6,95.0,104.6,55.4,44.6,15:19,14:21,5,25,0.5,98,51.0,kempnmi01
429,Michal Kempný,27,WSH,D,22,361,383,48.5,-0.4,269,272,49.7,-0.7,9.3,90.9,100.2,47.8,52.2,16:45,16:15,4,16,0.5,70,45.7,kempnmi01
430,Nicolas Kerdiles,24,ANA,LW,2,5,10,33.3,-10.5,3,7,30.0,-15.4,0.0,100.0,100.0,62.5,37.5,3:45,3:29,0,0,-0.3,1,0.0,kerdini01
431,Alexander Kerfoot,23,COL,C,79,781,838,48.2,1.3,572,623,47.9,1.3,9.0,92.1,101.1,54.4,45.6,13:27,10:55,30,24,-4.4,137,59.9,kerfoal01
432,Tanner Kero,25,CHI,RW,8,67,85,44.1,-5.9,50,58,46.3,0.1,10.8,93.8,104.6,44.0,56.0,11:26,9:08,3,5,-0.8,10,70.0,kerota01
433,Ryan Kesler,33,ANA,C,44,600,679,46.9,-4.0,462,489,48.6,-2.4,7.5,91.7,99.3,36.8,63.2,18:02,14:21,13,21,-1.1,137,56.9,keslery01
434,Phil Kessel,30,PIT,RW,82,1260,1181,51.6,-0.9,985,902,52.2,-1.2,9.5,89.6,99.1,64.8,35.2,18:41,14:49,26,60,5.8,449,58.1,kesseph01
435,Jujhar Khaira,23,EDM,LW,69,679,682,49.9,-1.1,504,505,50.0,-1.5,7.1,90.8,97.9,49.0,51.0,12:43,10:48,26,32,-6.6,158,46.2,khairju01
436,Alex Killorn,28,TBL,C/LW,82,1028,855,54.6,4.0,785,651,54.7,4.3,11.0,92.1,103.0,53.7,46.3,16:30,11:55,32,32,6.6,277,56.3,killoal01
437,Oscar Klefbom,24,EDM,D,66,1267,1143,52.6,1.7,952,835,53.3,1.9,7.8,89.1,96.8,53.3,46.7,22:50,17:34,27,43,6.9,399,50.9,klefbos01
438,Morgan Klimchuk,22,CGY,LW,1,7,5,58.3,7.8,7,5,58.3,8.3,0.0,100.0,100.0,71.4,28.6,7:25,7:25,1,0,-0.4,1,0.0,klimcmo01
439,John Klingberg,25,DAL,D,82,1670,1441,53.7,4.0,1211,1100,52.4,1.7,9.3,91.9,101.3,54.8,45.2,24:04,19:18,31,93,17.1,455,44.8,klingjo01
440,Justin Kloos,24,MIN,C,1,9,6,60.0,6.6,6,5,54.5,1.9,0.0,100.0,100.0,66.7,33.3,8:39,8:33,0,1,0.4,0,,kloosju01
441,Slater Koekkoek,23,TBL,D,35,354,375,48.6,-3.3,272,263,50.8,0.2,9.8,91.6,101.4,48.3,51.7,11:14,10:44,3,6,2.5,74,58.1,koekksl01
442,Mikko Koivu,34,MIN,C,82,999,1015,49.6,3.5,776,733,51.4,4.7,9.5,91.8,101.3,42.5,57.5,18:29,13:57,44,23,11.1,284,59.9,koivumi01
443,Leo Komarov,31,TOR,C,74,818,1008,44.8,-6.7,616,772,44.4,-5.5,7.4,93.2,100.7,33.6,66.4,15:47,12:24,47,42,-2.8,172,66.3,komarle01
444,Travis Konecny,20,PHI,C,81,1045,1077,49.2,-0.3,792,786,50.2,0.5,10.4,92.3,102.6,48.8,51.2,14:54,13:25,31,38,7.2,290,61.0,konectr01
445,Anže Kopitar,30,LAK,C,82,1405,1241,53.1,4.6,1041,926,52.9,4.5,10.9,90.5,101.5,48.1,51.9,22:05,16:60,54,70,3.9,350,57.1,kopitan01
446,Kalle Kossila,24,ANA,LW,10,73,71,50.7,4.3,57,54,51.4,5.9,5.4,82.9,88.3,70.3,29.7,9:05,8:57,4,3,-1.3,13,69.2,kossika01
447,Chris Kreider,26,NYR,C,58,770,735,51.2,6.9,596,557,51.7,7.9,8.1,91.5,99.5,50.9,49.1,15:37,13:01,18,39,5.2,236,58.1,kreidch01
448,David Krejčí,31,BOS,C,64,969,813,54.4,1.4,746,625,54.4,1.4,10.3,90.4,100.8,65.7,34.3,16:53,14:25,25,30,6.0,201,59.2,krejcda01
449,Niklas Kronwall,37,DET,D,79,1102,1123,49.5,1.0,828,831,49.9,0.7,6.5,91.2,97.7,65.1,34.9,18:31,15:47,14,52,0.8,151,50.3,kronwni01
450,Torey Krug,26,BOS,D,76,1335,1111,54.6,1.1,989,849,53.8,0.0,9.0,90.5,99.5,65.2,34.8,20:24,16:32,35,71,7.8,416,47.4,krugto01
451,Marcus Krüger,27,CAR,C,48,448,381,54.0,0.4,320,291,52.4,-0.5,4.8,92.0,96.7,44.8,55.2,10:50,9:34,10,11,1.7,58,51.7,krugema01
452,Nikita Kucherov,24,TBL,RW,80,1447,1252,53.6,3.0,1095,975,52.9,2.0,10.3,91.4,101.7,62.4,37.6,19:49,16:14,66,79,1.6,547,51.0,kucheni01
453,Tom Kühnhackl,26,PIT,RW,69,398,517,43.5,-9.6,289,374,43.6,-10.7,5.6,91.9,97.5,34.7,65.3,10:01,7:49,15,10,-3.4,91,68.1,kuhnhto01
454,Dean Kukan,24,CBJ,D,11,162,126,56.3,1.4,126,86,59.4,3.4,9.3,87.9,97.2,60.4,39.6,12:22,12:02,0,3,2.5,18,66.7,kukande01
455,Brett Kulak,24,CGY,D,71,935,855,52.2,-2.0,699,626,52.8,-1.3,7.2,91.5,98.8,51.7,48.3,12:59,12:34,17,24,2.6,170,42.9,kulakbr01
456,Nikolai Kulemin,31,NYI,LW,13,102,119,46.2,-8.3,68,87,43.9,-10.6,8.3,91.9,100.3,40.0,60.0,11:56,9:27,1,8,-0.6,13,53.8,kulemni01
457,Dmitry Kulikov,27,WPG,D,62,819,830,49.7,-1.5,614,612,50.1,-1.7,8.9,92.0,101.0,48.2,51.8,17:04,14:29,11,53,0.6,117,41.0,kulikdm01
458,Luke Kunin,20,MIN,C,19,192,204,48.5,0.4,143,152,48.5,-1.0,3.8,93.4,97.2,47.7,52.3,12:59,11:60,2,4,-2.1,54,59.3,kuninlu01
459,Chris Kunitz,38,TBL,LW,82,818,813,50.2,-1.7,606,608,49.9,-1.8,8.1,93.3,101.4,46.8,53.2,11:57,11:03,38,29,0.2,133,60.9,kunitch01
460,Janne Kuokkanen,19,CAR,C/LW,4,58,26,69.0,13.6,48,20,70.6,16.3,0.0,75.0,75.0,62.1,37.9,11:04,11:04,3,2,1.2,10,60.0,kuokkja01
461,Sean Kuraly,25,BOS,C,75,754,747,50.2,-3.8,577,546,51.4,-2.4,5.7,91.9,97.5,36.1,63.9,12:15,10:57,32,28,3.0,210,63.8,kuralse01
462,Evgeny Kuznetsov,25,WSH,C,79,1147,1213,48.6,0.5,856,917,48.3,1.1,11.1,90.5,101.6,56.0,44.0,18:49,15:19,44,66,0.8,312,59.6,kuzneev01
463,Kevin Labanc,22,SJS,RW,77,1044,870,54.5,5.0,765,615,55.4,4.8,7.8,89.6,97.4,55.5,44.5,14:21,11:60,28,29,6.2,296,52.7,labanke01
464,Andrew Ladd,32,NYI,LW,73,932,871,51.7,5.0,677,625,52.0,6.2,9.4,92.8,102.2,45.3,54.7,15:54,12:53,29,40,0.9,220,50.9,laddan01
465,Paul Ladue,25,LAK,D,12,172,126,57.7,6.7,117,92,56.0,3.1,10.3,95.2,105.4,59.8,40.2,13:58,13:01,1,4,1.3,33,39.4,laduepa01
466,Brooks Laich,34,LAK,C,12,82,120,40.6,-10.4,57,92,38.3,-12.7,4.7,90.3,94.9,42.2,57.8,11:12,9:43,4,2,-3.6,21,47.6,laichbr01
467,Patrik Laine,19,WPG,RW,82,1107,1099,50.2,-1.3,825,821,50.1,-1.8,10.5,92.2,102.7,57.6,42.4,16:29,13:28,29,51,1.1,466,51.7,lainepa01
468,Gabriel Landeskog,25,COL,LW,78,1223,1246,49.5,3.7,911,925,49.6,4.5,11.4,92.1,103.5,53.3,46.7,20:09,15:24,54,31,2.4,311,58.5,landega01
469,Nick Lappin,25,NJD,RW,6,43,75,36.4,-6.1,32,53,37.6,-6.2,10.0,100.0,110.0,40.9,59.1,9:46,9:43,1,2,-1.2,11,63.6,lappini01
470,Dylan Larkin,21,DET,C,82,1293,1256,50.7,2.9,995,938,51.5,3.2,9.0,89.3,98.2,48.5,51.5,19:51,15:41,56,81,-3.1,421,55.1,larkidy01
471,Adam Larsson,25,EDM,D,63,1209,1179,50.6,-0.8,923,885,51.1,-0.6,8.7,92.1,100.8,46.1,53.9,21:56,19:13,26,52,3.9,194,47.4,larssad01
472,Johan Larsson,25,BUF,LW/C,80,707,972,42.1,-7.5,538,728,42.5,-6.8,5.8,89.8,95.5,31.4,68.6,14:07,11:59,42,25,-17.9,140,61.4,larssjo02
473,Brian Lashoff,27,DET,D,1,2,2,50.0,-7.6,2,2,50.0,-17.3,0.0,100.0,100.0,100.0,0.0,4:02,2:59,0,0,-0.1,,,lashobr01
474,Scott Laughton,23,PHI,C,81,719,691,51.0,2.0,546,492,52.6,3.4,5.4,90.4,95.9,47.4,52.6,11:07,9:56,22,23,3.4,173,62.4,laughsc01
475,Curtis Lazar,22,CGY,C/RW,65,594,562,51.4,-3.1,438,408,51.8,-2.5,6.0,91.0,97.0,50.4,49.6,9:51,9:17,9,18,-0.2,124,52.4,lazarcu01
476,Nick Leddy,26,NYI,D,80,1382,1566,46.9,-1.2,1008,1195,45.8,-1.7,8.7,88.6,97.3,50.4,49.6,22:24,18:20,21,57,-9.1,312,49.0,leddyni01
477,Anders Lee,27,NYI,LW,82,1149,1244,48.0,0.6,835,961,46.5,-0.6,10.0,88.8,98.8,53.9,46.1,17:16,14:05,26,35,-5.0,317,65.6,leean01
478,Artturi Lehkonen,22,MTL,LW,66,921,846,52.1,1.9,663,633,51.2,0.6,5.1,92.4,97.4,51.2,48.8,16:29,12:52,27,19,4.0,290,56.6,lehkoar01
479,Jori Lehterä,30,PHI,C,62,484,510,48.7,-1.5,345,371,48.2,-2.2,5.7,92.0,97.7,46.3,53.7,10:31,9:08,14,13,-3.5,74,60.8,lehtejo01
480,Taylor Leier,23,PHI,LW,39,299,279,51.7,2.2,228,201,53.1,3.5,5.2,89.5,94.7,50.3,49.7,10:29,9:00,11,1,1.9,66,72.7,leierta01
481,Brendan Leipsic,23,TOT,LW,58,690,715,49.1,-2.5,509,529,49.0,-3.2,8.1,91.4,99.5,56.5,43.5,13:09,12:02,39,33,1.6,,,leipsbr01
481,Brendan Leipsic,23,VEG,LW,44,463,492,48.5,-3.6,352,362,49.3,-3.6,7.4,92.7,100.1,56.3,43.7,11:57,10:39,27,29,0.0,113,60.2,leipsbr01
481,Brendan Leipsic,23,VAN,LW,14,227,223,50.4,0.5,157,167,48.5,-1.5,9.8,88.5,98.3,56.8,43.2,16:56,16:22,12,4,1.6,56,48.2,leipsbr01
482,Josh Leivo,24,TOR,LW,16,120,127,48.6,1.4,98,99,49.7,5.6,7.0,92.3,99.3,30.1,69.9,10:34,8:41,9,6,1.5,41,61.0,leivojo01
483,Brendan Lemieux,21,WPG,LW,9,46,50,47.9,2.8,37,39,48.7,2.8,13.0,96.2,109.2,35.3,64.7,7:56,7:25,1,2,-0.1,10,60.0,lemiebr01
484,Brett Lernout,22,MTL,D,18,237,275,46.3,-2.6,163,201,44.8,-1.9,4.2,92.6,96.8,50.6,49.4,16:44,15:29,4,11,-3.1,38,36.8,lernobr01
485,Kris Letang,30,PIT,D,79,1672,1366,55.0,4.6,1268,1033,55.1,3.4,8.2,88.4,96.7,54.2,45.8,25:20,19:34,53,89,13.1,441,49.9,letankr01
486,Mark Letestu,32,TOT,C,80,678,705,49.0,-3.3,490,510,49.0,-4.3,5.5,90.4,95.9,38.7,61.3,12:52,9:06,19,20,-3.5,,,letesma01
486,Mark Letestu,32,EDM,C,60,527,511,50.8,-1.5,376,360,51.1,-2.2,5.3,87.9,93.2,45.8,54.2,13:05,8:47,16,18,-2.2,162,58.6,letesma01
486,Mark Letestu,32,CBJ,C,20,151,194,43.8,-8.7,114,150,43.2,-10.2,6.3,95.8,102.0,23.6,76.4,12:10,10:05,3,2,-1.3,25,64.0,letesma01
487,Vinni Lettieri,22,NYR,C,19,164,224,42.3,-5.8,132,169,43.9,-5.1,4.3,88.5,92.8,48.5,51.5,12:03,10:34,2,7,-2.9,57,49.1,lettivi01
488,Trevor Lewis,31,LAK,C,68,823,823,50.0,-1.1,615,608,50.3,0.0,6.4,92.0,98.4,43.8,56.2,15:14,13:05,19,14,-0.3,230,58.3,lewistr01
489,Michael Liambas,28,ANA,LW,7,20,39,33.9,-6.2,18,31,36.7,-3.1,8.3,95.0,103.3,64.7,35.3,5:17,5:15,1,0,-1.3,3,100.0,liambmi01
490,Oscar Lindberg,26,VEG,C,63,643,630,50.5,-0.9,481,445,51.9,0.5,5.7,91.0,96.7,49.9,50.1,11:47,10:37,23,24,1.5,143,56.6,lindbos02
491,Oskar Lindblom,21,PHI,LW,23,331,281,54.1,4.9,255,198,56.3,6.3,6.6,94.2,100.8,52.0,48.0,14:35,13:02,4,5,4.9,64,56.3,lindbos01
492,Esa Lindell,23,DAL,D,80,1503,1372,52.3,1.4,1091,1035,51.3,-0.4,9.0,92.9,101.9,51.1,48.9,22:04,18:35,19,50,14.6,265,51.7,lindees01
493,Anton Lindholm,23,COL,D,48,459,577,44.3,-2.8,330,448,42.4,-4.3,9.1,94.2,103.3,35.8,64.2,13:10,11:33,8,9,-7.5,65,33.8,lindhan01
494,Elias Lindholm,23,CAR,C,81,1200,1046,53.4,-1.7,889,793,52.9,-0.8,7.6,89.5,97.1,57.3,42.7,17:54,13:55,48,34,4.7,267,57.3,lindhel01
495,Hampus Lindholm,24,ANA,D,69,1249,1163,51.8,4.7,941,876,51.8,4.7,10.2,92.0,102.1,46.6,53.4,22:45,18:31,24,63,2.5,278,47.1,lindhha01
496,Bryan Little,30,WPG,RW,82,1113,1086,50.6,-0.7,820,814,50.2,-1.7,8.8,91.6,100.5,52.7,47.3,16:56,13:43,37,20,2.6,231,55.8,littlbr01
497,Ryan Lomberg,23,CGY,LW,7,26,39,40.0,-10.9,19,23,45.2,-5.0,18.8,83.3,102.1,32.1,67.9,6:15,6:14,0,1,-0.1,6,83.3,lombery01
498,Ben Lovejoy,33,NJD,D,57,727,673,51.9,4.0,568,492,53.6,5.6,7.3,92.6,99.9,41.9,58.1,16:35,13:29,22,27,4.5,140,52.9,lovejbe01
499,Keegan Lowe,24,EDM,D,2,27,30,47.4,-5.6,16,27,37.2,-17.5,9.1,90.0,99.1,68.8,31.3,13:54,12:45,1,1,-0.4,10,40.0,loweke02
500,Adam Lowry,24,WPG,LW,45,534,409,56.6,4.8,403,282,58.8,7.1,8.4,91.2,99.7,40.6,59.4,14:53,12:04,21,4,9.0,105,66.7,lowryad01
501,Milan Lucic,29,EDM,LW,82,1188,1115,51.6,1.0,895,816,52.3,1.3,8.0,90.5,98.4,53.5,46.5,15:58,13:40,29,76,3.2,282,52.1,lucicmi01
502,Olli Määttä,23,PIT,D,82,1356,1267,51.7,-0.8,1025,927,52.5,-0.7,6.7,92.0,98.7,55.5,44.5,18:45,15:56,17,50,4.4,318,51.6,maattol01
503,Kurtis MacDermid,23,LAK,D,34,305,391,43.8,-6.9,224,308,42.1,-8.3,6.2,93.8,100.0,52.3,47.7,11:36,10:59,3,23,-3.9,43,44.2,macdeku01
504,Andrew MacDonald,31,PHI,D,66,1000,1189,45.7,-4.5,750,878,46.1,-4.9,9.3,92.6,101.9,39.6,60.4,19:52,17:44,16,46,-0.7,194,42.3,macdoan01
505,Derek MacKenzie,36,FLA,C,75,553,633,46.6,-3.5,435,461,48.5,-2.0,5.1,91.6,96.7,46.9,53.1,11:18,8:54,24,14,-3.8,120,71.7,mackede01
506,Nathan MacKinnon,22,COL,C,74,1238,1195,50.9,4.9,909,893,50.4,4.8,11.9,90.3,102.3,57.0,43.0,19:54,15:57,36,41,2.5,496,57.3,mackina01
507,Denis Malgin,21,FLA,C,51,672,640,51.2,2.2,513,491,51.1,1.7,7.6,93.1,100.7,49.9,50.1,13:51,12:30,31,21,-1.4,141,56.0,malgide01
508,Evgeni Malkin,31,PIT,C,78,1274,1121,53.2,1.4,984,868,53.1,0.2,10.3,90.7,101.1,66.0,34.0,18:59,15:11,75,73,10.2,379,63.1,malkiev01
509,Brad Malone,28,EDM,C/LW,7,48,33,59.3,6.2,34,24,58.6,4.4,0.0,100.0,100.0,41.4,58.6,7:59,6:59,2,3,0.6,10,90.0,malonbr01
510,Maxim Mamin,23,FLA,C/RW,26,232,252,47.9,-1.0,177,181,49.4,-0.4,5.1,96.2,101.2,54.7,45.3,10:31,10:09,14,12,1.4,47,59.6,maminma01
511,Andrew Mangiapane,21,CGY,LW,10,90,93,49.2,-2.5,61,64,48.8,-2.3,0.0,94.2,94.2,59.0,41.0,8:56,8:54,2,3,-0.7,19,36.8,mangian01
512,Brandon Manning,27,PHI,D,65,992,992,50.0,0.9,744,749,49.8,-0.1,7.4,91.9,99.3,45.6,54.4,17:57,16:21,17,34,3.6,232,47.8,mannibr01
513,Josh Manson,26,ANA,D,80,1340,1344,49.9,2.0,1030,1009,50.5,2.8,10.4,94.0,104.4,42.0,58.0,20:21,17:45,48,60,0.8,223,52.5,mansojo01
514,Anthony Mantha,23,DET,RW,80,1159,1077,51.8,4.1,895,826,52.0,3.6,8.1,92.0,100.1,54.9,45.1,17:18,15:03,36,67,1.0,331,57.4,manthan01
515,Brad Marchand,29,BOS,LW,68,1100,849,56.4,4.4,808,661,55.0,2.2,12.4,90.6,103.0,58.9,41.1,19:43,14:44,58,76,7.9,307,59.0,marchbr03
516,Jonathan Marchessault,27,VEG,C,77,1230,1055,53.8,3.5,912,797,53.4,2.9,11.6,92.6,104.2,53.7,46.3,17:30,14:45,59,48,7.0,469,57.1,audymjo01
517,Martin Marinčin,25,TOR,D,2,22,28,44.0,-7.1,14,18,43.8,-4.3,0.0,81.8,81.8,40.9,59.1,16:41,14:11,1,2,-0.5,3,0.0,marinma01
518,Patrick Marleau,38,TOR,C,82,1184,1209,49.5,-0.9,883,953,48.1,-1.1,10.0,90.9,100.9,44.3,55.7,16:59,14:29,28,33,-1.6,323,63.2,marlepa01
519,Mitch Marner,20,TOR,C,82,1209,1075,52.9,3.8,882,848,51.0,2.9,8.8,91.7,100.4,56.2,43.8,16:23,14:04,85,50,7.2,398,48.5,marnemi01
520,Pat Maroon,29,TOT,LW,74,1193,1046,53.3,3.4,911,795,53.4,2.8,8.5,91.0,99.4,53.3,46.7,16:30,14:19,22,37,3.1,,,maroopa01
520,Pat Maroon,29,EDM,LW,57,1000,853,54.0,2.8,762,645,54.2,1.9,8.0,92.1,100.1,54.1,45.9,17:03,15:06,19,34,5.8,212,57.1,maroopa01
520,Pat Maroon,29,NJD,LW,17,193,193,50.0,4.2,149,150,49.8,4.1,11.1,86.0,97.1,49.6,50.4,14:39,11:42,3,3,-2.7,35,57.1,maroopa01
521,Danick Martel,23,PHI,LW,4,33,53,38.4,-6.1,30,40,42.9,0.5,5.0,92.6,97.6,50.0,50.0,10:13,10:13,1,0,0.4,12,50.0,marteda01
522,Matt Martin,28,TOR,LW,50,357,374,48.8,-2.1,272,293,48.1,-1.4,9.7,90.9,100.6,41.3,58.7,7:59,7:51,6,7,0.3,79,58.2,martima02
523,Paul Martin,36,SJS,D,14,241,193,55.5,7.0,167,140,54.4,4.0,7.3,94.9,102.2,58.4,41.6,14:46,14:37,9,7,-0.1,16,37.5,martipa01
524,Alec Martinez,30,LAK,D,77,1273,1473,46.4,-5.6,929,1078,46.3,-5.4,9.0,92.6,101.6,49.8,50.2,22:51,18:29,11,81,-9.8,229,48.5,martial01
525,Jordan Martinook,25,ARI,LW,81,897,934,49.0,1.0,642,675,48.7,2.4,4.9,90.0,94.8,35.1,64.9,14:01,11:59,32,8,-0.3,211,53.1,martijo01
526,Andreas Martinsen,27,CHI,LW,9,119,108,52.4,4.2,77,76,50.3,1.6,4.5,95.3,99.9,40.7,59.3,12:38,12:12,2,3,-0.3,26,53.8,martian01
527,Mike Matheson,23,FLA,D,81,1444,1505,49.0,-0.6,1122,1125,49.9,-0.3,7.8,91.9,99.7,40.3,59.7,21:20,18:17,68,92,-1.2,320,52.2,mathemi01
528,Stefan Matteau,23,VEG,LW,8,69,53,56.6,3.1,47,39,54.7,2.7,3.4,96.7,100.1,60.8,39.2,8:12,7:56,5,3,0.1,19,42.1,mattest02
529,Auston Matthews,20,TOR,C,62,1050,1015,50.8,1.3,759,762,49.9,1.7,12.3,92.5,104.8,50.8,49.2,18:08,15:51,59,59,8.8,311,59.8,matthau01
530,Shawn Matthias,29,WPG,C,27,219,282,43.7,-5.0,161,205,44.0,-5.0,8.3,92.7,101.0,35.7,64.3,11:10,9:42,7,3,-0.5,39,66.7,matthsh01
531,Scott Mayfield,25,NYI,D,47,702,786,47.2,-0.6,497,604,45.1,-2.1,8.3,91.9,100.2,44.0,56.0,17:51,16:08,5,37,-4.3,141,41.1,mayfisc01
532,Charlie McAvoy,20,BOS,D,63,1240,1022,54.8,2.0,924,767,54.6,2.2,9.9,91.9,101.8,53.7,46.3,22:09,19:16,22,44,9.8,187,41.2,mcavoch01
533,Jake McCabe,24,BUF,D,53,762,832,47.8,0.4,592,633,48.3,1.3,7.2,90.9,98.1,52.9,47.1,19:30,17:00,14,26,-6.6,107,49.5,mccabja01
534,Jared McCann,21,FLA,C,68,771,814,48.6,-1.0,588,606,49.2,-1.0,7.0,95.2,102.2,48.1,51.9,13:15,11:54,39,28,0.6,212,67.5,mccanja01
535,Michael McCarron,22,MTL,RW,18,109,143,43.3,-8.0,76,98,43.7,-7.0,9.4,91.2,100.6,41.6,58.4,8:46,8:41,3,5,-1.9,27,55.6,mccarmi01
536,Max McCormick,25,OTT,LW,30,195,229,46.0,-1.9,147,161,47.7,-0.1,6.0,89.5,95.5,53.4,46.6,8:21,8:02,5,9,1.2,50,66.0,mccorma01
537,Ian McCoshen,22,FLA,D,38,454,529,46.2,-3.1,344,383,47.3,-2.5,5.9,91.3,97.2,56.2,43.8,15:05,13:55,3,31,-1.4,65,40.0,mccosia01
538,Connor McDavid,21,EDM,C,82,1643,1442,53.3,3.8,1259,1066,54.2,4.4,10.5,90.5,100.9,55.6,44.4,21:32,17:18,111,67,18.1,433,63.5,mcdavco01
539,Ryan McDonagh,28,TOT,D,63,1054,1155,47.7,0.1,802,845,48.7,0.6,10.2,91.4,101.6,43.7,56.3,23:20,18:31,44,60,-3.4,,,mcdonry01
539,Ryan McDonagh,28,NYR,D,49,814,940,46.4,0.5,612,687,47.1,0.5,10.6,91.5,102.2,43.9,56.1,23:55,18:37,38,54,-3.3,165,46.7,mcdonry01
539,Ryan McDonagh,28,TBL,D,14,240,215,52.7,-0.5,190,158,54.6,1.5,8.9,90.9,99.8,42.9,57.1,21:17,18:10,6,6,-0.1,36,61.1,mcdonry01
540,Brock McGinn,23,CAR,LW,80,1093,906,54.7,-0.1,803,687,53.9,0.4,7.1,90.1,97.2,57.5,42.5,14:30,12:58,38,34,-0.1,327,48.9,mcginbr01
541,Jamie McGinn,29,FLA,LW,76,824,959,46.2,-4.2,641,747,46.2,-5.3,8.3,91.8,100.1,46.2,53.8,13:27,11:49,20,35,-8.7,182,64.3,mcginja01
542,Greg McKegg,25,PIT,C,26,185,206,47.3,-4.2,139,144,49.1,-3.7,5.8,89.3,95.1,36.8,63.2,9:41,8:26,3,3,0.1,32,65.6,mckeggr01
543,Curtis McKenzie,26,DAL,LW,7,49,38,56.3,0.7,39,31,55.7,2.4,10.3,100.0,110.3,47.6,52.4,8:06,7:29,3,2,1.0,22,50.0,mckencu01
544,Roland McKeown,22,CAR,D,10,146,128,53.3,-1.9,97,111,46.6,-7.2,11.4,93.5,104.9,61.8,38.2,13:25,13:24,1,3,0.1,26,26.9,mckeoro01
545,Cody McLeod,33,TOT,LW,48,247,397,38.4,-9.9,178,294,37.7,-10.2,5.1,91.8,96.9,47.3,52.7,7:23,7:22,2,6,-5.7,,,mcleoco01
545,Cody McLeod,33,NYR,LW,25,143,240,37.3,-9.5,105,186,36.1,-10.7,2.4,90.8,93.2,48.9,51.1,7:54,7:54,1,3,-3.7,34,73.5,mcleoco01
545,Cody McLeod,33,NSH,LW,23,104,157,39.8,-10.1,73,108,40.3,-8.9,9.3,93.7,102.9,45.5,54.5,6:49,6:49,1,3,-2.1,14,78.6,mcleoco01
546,Brayden McNabb,27,VEG,D,76,1305,1253,51.0,-0.3,962,885,52.1,1.4,10.5,92.0,102.6,49.2,50.8,20:08,17:04,30,40,-0.8,193,45.6,mcnabbr01
547,Adam McQuaid,31,BOS,D,38,499,476,51.2,-4.6,368,357,50.8,-5.0,6.4,91.7,98.1,62.0,38.0,15:42,13:35,7,13,-1.7,75,52.0,mcquaad01
548,Wade Megan,27,STL,C,1,1,9,10.0,-38.6,1,8,11.1,-37.2,0.0,100.0,100.0,12.5,87.5,8:21,6:36,0,0,-0.2,1,100.0,meganwa01
549,Jaycob Megna,25,ANA,D,14,175,219,44.4,-0.8,129,171,43.0,-1.1,6.4,91.3,97.7,44.3,55.7,15:43,13:29,4,5,0.2,19,36.8,megnaja02
550,Jayson Megna,27,VAN,C,1,3,3,50.0,-14.3,3,3,50.0,-13.0,0.0,100.0,100.0,33.3,66.7,4:18,4:18,0,0,-0.3,0,,megnaja01
551,Timo Meier,21,SJS,RW,81,1193,1074,52.6,2.2,875,771,53.2,1.6,8.1,91.3,99.4,53.2,46.8,14:52,13:17,48,40,6.5,361,58.4,meierti01
552,Nicholas Merkley,20,ARI,RW,1,6,12,33.3,-21.6,5,9,35.7,-19.2,0.0,100.0,100.0,33.3,66.7,13:30,11:27,1,1,-0.4,1,0.0,merklni01
553,Dakota Mermis,24,ARI,D,9,88,92,48.9,0.3,64,72,47.1,1.3,4.3,91.7,95.9,55.3,44.7,10:59,10:50,0,1,-0.1,11,63.6,mermida01
554,Jonathon Merrill,25,VEG,D,34,487,491,49.8,0.0,360,372,49.2,-0.2,7.8,94.5,102.3,52.9,47.1,16:05,15:14,7,18,0.5,59,50.8,merrijo01
555,Victor Mete,19,MTL,D,49,681,677,50.1,-1.4,502,462,52.1,0.0,8.7,91.4,100.1,56.6,43.4,15:35,13:48,6,53,9.9,97,44.3,metevi01
556,Marc Methot,32,DAL,D,36,499,551,47.5,-4.7,360,379,48.7,-3.1,8.9,95.6,104.5,41.8,58.2,17:53,15:41,1,11,0.1,61,41.0,methoma01
557,Sonny Milano,21,CBJ,LW,55,511,496,50.7,-0.3,395,381,50.9,-1.5,7.7,90.0,97.8,56.8,43.2,11:39,9:55,14,18,0.9,122,56.6,milanso01
558,Colin Miller,25,VEG,D,82,1367,1061,56.3,7.3,1007,811,55.4,6.1,8.0,90.4,98.5,61.8,38.2,19:20,15:39,35,56,9.5,420,42.1,milleco02
559,J.T. Miller,24,TOT,C,82,1122,1204,48.2,0.3,864,912,48.6,0.1,9.5,90.9,100.4,56.4,43.6,17:01,14:23,43,72,2.2,,,millejt01
559,J.T. Miller,24,NYR,C,63,825,939,46.8,-0.1,636,705,47.4,-0.2,9.4,91.8,101.2,56.5,43.5,16:40,14:17,34,60,0.6,172,57.0,millejt01
559,J.T. Miller,24,TBL,C,19,297,265,52.8,1.1,228,207,52.4,0.9,9.9,87.6,97.5,56.0,44.0,18:11,14:43,9,12,1.6,66,68.2,millejt01
560,Kevan Miller,30,BOS,D,68,1102,976,53.0,0.2,848,713,54.3,1.8,8.3,92.4,100.8,51.9,48.1,19:28,17:03,26,27,8.1,163,39.3,milleke03
561,Andrei Mironov,23,COL,D,10,74,106,41.1,-5.0,46,70,39.7,-6.5,11.4,96.2,107.6,61.8,38.2,11:03,9:04,1,3,-1.7,9,33.3,mironan01
562,Torrey Mitchell,33,TOT,C,60,495,532,48.2,-2.8,367,385,48.8,-2.1,6.7,91.9,98.6,42.1,57.9,11:24,9:48,7,18,-1.5,,,mitchto01
562,Torrey Mitchell,33,LAK,C,49,410,462,47.0,-3.6,308,331,48.2,-2.2,7.0,91.6,98.6,41.4,58.6,11:53,10:11,6,16,-2.8,75,62.7,mitchto01
562,Torrey Mitchell,33,MTL,C,11,85,70,54.8,2.3,59,54,52.2,-1.1,5.3,93.9,99.2,47.8,52.2,9:18,8:05,1,2,1.3,13,61.5,mitchto01
563,Zack Mitchell,25,MIN,RW,23,132,260,33.7,-10.9,104,183,36.2,-9.9,9.5,92.5,102.0,54.6,45.4,10:32,9:51,11,0,-2.4,21,81.0,mitchza01
564,Casey Mittelstadt,19,BUF,C,6,59,61,49.2,-4.2,46,49,48.4,-3.0,14.3,89.2,103.5,74.4,25.6,14:01,11:52,0,5,0.7,15,60.0,mitteca01
565,Sean Monahan,23,CGY,C,74,1268,1045,54.8,2.3,947,827,53.4,0.9,10.4,89.8,100.2,58.7,41.3,18:41,14:47,51,42,10.0,351,57.3,monahse01
566,Brandon Montour,23,ANA,D,80,1331,1360,49.5,2.0,993,1024,49.2,1.5,9.2,92.5,101.7,52.0,48.0,20:28,16:56,20,51,-3.6,327,48.9,montobr01
567,Dominic Moore,37,TOR,C,50,400,412,49.3,-0.7,304,326,48.3,-0.6,8.1,92.7,100.9,37.3,62.7,10:18,9:01,19,19,0.1,83,55.4,mooredo01
568,John Moore,27,NJD,D,81,1336,1423,48.4,0.4,1019,1112,47.8,-1.5,8.3,92.0,100.3,51.0,49.0,20:01,17:39,17,48,-2.4,265,53.2,moorejo01
569,Samuel Morin,22,PHI,D,2,30,23,56.6,12.0,25,15,62.5,17.9,11.1,91.7,102.8,58.8,41.2,15:49,13:23,1,1,0.3,3,33.3,morinsa01
570,Josh Morrissey,22,WPG,D,81,1415,1384,50.6,-1.0,1063,1003,51.5,-0.1,9.3,91.5,100.8,48.3,51.7,20:26,17:41,22,48,8.9,215,47.4,morrijo04
571,Joseph Morrow,25,TOT,D,56,941,908,50.9,-0.6,678,666,50.4,-1.1,5.1,93.3,98.5,55.9,44.1,16:44,15:20,13,48,3.3,,,morrojo02
571,Joseph Morrow,25,MTL,D,38,644,665,49.2,-2.0,458,488,48.4,-3.3,3.8,93.1,97.0,57.7,42.3,17:47,15:57,8,39,0.8,120,48.3,morrojo02
571,Joseph Morrow,25,WPG,D,18,297,243,55.0,3.0,220,178,55.3,4.0,7.7,93.9,101.7,52.2,47.8,14:30,14:01,5,9,2.5,61,41.0,morrojo02
572,Tyler Motte,22,TOT,C,46,402,489,45.1,-5.7,311,348,47.2,-4.7,6.6,91.9,98.5,38.1,61.9,11:13,10:19,15,5,-3.1,,,mottety01
572,Tyler Motte,22,CBJ,C,31,263,296,47.0,-4.6,206,214,49.0,-4.3,6.3,91.9,98.2,48.2,51.8,9:56,9:24,10,4,-1.3,74,56.8,mottety01
572,Tyler Motte,22,VAN,C,15,139,193,41.9,-7.1,105,134,43.9,-5.0,7.3,91.9,99.2,22.2,77.8,13:53,12:11,5,1,-1.7,39,56.4,mottety01
573,Matt Moulson,34,BUF,LW,14,98,110,47.1,-0.6,76,78,49.4,1.5,0.0,87.9,87.9,55.6,44.4,10:17,8:43,1,1,-2.4,28,46.4,moulsma01
574,Mirco Müller,22,NJD,D,28,326,366,47.1,-0.1,251,279,47.4,-0.1,8.9,92.3,101.2,46.9,53.1,16:41,14:30,13,11,0.1,42,45.2,muellmi01
575,Connor Murphy,24,CHI,D,76,1231,1069,53.5,1.2,851,763,52.7,2.4,6.9,91.8,98.7,50.0,50.0,16:22,15:09,15,33,3.8,237,46.0,murphco02
576,Ryan Murphy,24,MIN,D,21,295,345,46.1,0.2,226,246,47.9,1.4,10.1,94.9,105.1,49.5,50.5,19:01,17:15,1,12,1.4,48,52.1,murphry01
577,Trevor Murphy,22,ARI,D,8,88,124,41.5,-3.9,69,102,40.4,-4.4,12.2,98.6,110.9,60.3,39.7,14:14,13:24,3,3,-2.5,14,35.7,murphtr01
578,Ryan Murray,24,CBJ,D,44,637,642,49.8,-3.2,479,457,51.2,-2.3,7.8,93.1,101.0,47.4,52.6,18:26,16:01,11,18,-1.5,86,39.5,murrary01
579,Jake Muzzin,28,LAK,D,74,1324,1182,52.8,4.6,983,890,52.5,4.6,8.3,92.7,101.0,52.3,47.7,21:39,17:01,17,59,1.7,353,43.6,muzzija01
580,Tyler Myers,27,WPG,D,82,1311,1312,50.0,-1.7,966,983,49.6,-2.8,8.8,91.9,100.7,48.8,51.2,21:26,16:45,32,77,0.6,304,49.3,myersty01
581,Vladislav Namestnikov,25,TOT,C,81,1157,1119,50.8,2.0,859,854,50.1,1.8,8.9,92.9,101.9,59.0,41.0,17:05,13:59,27,24,-5.2,,,namesvl01
581,Vladislav Namestnikov,25,TBL,C,62,920,834,52.5,1.8,688,633,52.1,1.5,9.8,92.8,102.6,60.7,39.3,17:30,14:10,19,16,0.8,196,64.8,namesvl01
581,Vladislav Namestnikov,25,NYR,C,19,237,285,45.4,1.9,171,221,43.6,1.4,5.2,93.5,98.7,52.6,47.4,15:43,13:25,8,8,-6.0,51,54.9,namesvl01
582,Rick Nash,33,TOT,LW,71,952,907,51.2,4.4,739,650,53.2,6.0,6.3,90.7,97.1,58.8,41.2,17:03,13:04,58,38,6.6,,,nashri01
582,Rick Nash,33,NYR,LW,60,790,785,50.2,4.7,605,562,51.8,5.9,6.6,90.9,97.5,57.0,43.0,17:06,13:09,50,33,3.9,301,62.8,nashri01
582,Rick Nash,33,BOS,LW,11,162,122,57.0,2.6,134,88,60.4,6.1,5.0,89.7,94.7,67.9,32.1,16:51,12:35,8,5,2.7,64,64.1,nashri01
583,Riley Nash,28,BOS,C,76,929,869,51.7,-2.0,699,622,52.9,-0.4,9.9,91.9,101.8,45.4,54.6,15:25,13:00,55,14,6.7,187,59.9,nashri02
584,James Neal,30,VEG,LW,71,1046,984,51.5,0.4,767,732,51.2,-0.6,9.7,88.8,98.4,55.6,44.4,17:09,14:27,49,32,-3.3,362,55.8,nealja01
585,Martin Nečas,19,CAR,C,1,7,9,43.8,11.4,5,8,38.5,11.8,0.0,100.0,100.0,100.0,0.0,6:54,6:54,1,1,-0.5,0,,necasma01
586,Brock Nelson,26,NYI,C,82,875,1046,45.5,-2.7,618,762,44.8,-2.7,9.3,92.7,102.0,47.8,52.2,14:44,12:13,34,29,-10.3,249,55.4,nelsobr01
587,Casey Nelson,25,BUF,D,37,533,578,48.0,-0.1,400,455,46.8,-1.8,6.0,89.1,95.0,50.1,49.9,18:47,17:19,8,23,-5.2,103,46.6,nelsoca01
588,Patrik Nemeth,25,COL,D,68,989,1211,45.0,-3.1,744,873,46.0,-1.0,11.6,93.5,105.1,35.7,64.3,19:51,16:27,14,25,-1.9,144,50.7,nemetpa01
589,Aaron Ness,27,WSH,D,8,76,101,42.9,-4.4,62,82,43.1,-1.1,12.8,93.1,105.9,40.0,60.0,12:44,11:53,1,2,-1.0,3,66.7,nessaa01
590,Nino Niederreiter,25,MIN,RW,63,795,711,52.8,6.9,590,549,51.8,4.4,10.2,92.7,102.9,50.7,49.3,15:00,12:43,26,21,6.0,219,60.7,niedeni01
591,Frans Nielsen,33,DET,C,79,853,920,48.1,-1.0,645,684,48.5,-1.2,7.7,92.8,100.5,43.9,56.1,15:50,12:48,29,25,-7.7,237,56.5,nielsfr01
592,Matthew Nieto,25,COL,LW,74,808,1007,44.5,-3.7,567,732,43.6,-4.1,9.6,92.9,102.6,32.0,68.0,14:55,12:31,21,12,-11.6,145,58.6,nietoma01
593,Boo Nieves,24,NYR,C,28,224,276,44.8,-2.2,168,197,46.0,-1.2,11.5,94.7,106.1,43.9,56.1,10:12,9:42,15,9,-2.9,35,65.7,nievecr01
594,Sami Niku,21,WPG,D,1,15,18,45.5,4.2,13,13,50.0,6.0,25.0,76.9,101.9,50.0,50.0,15:13,15:13,1,0,-0.7,3,66.7,nikusa01
595,Matt Niskanen,31,WSH,D,68,1198,1264,48.7,0.7,889,957,48.2,0.7,11.8,92.5,104.3,44.0,56.0,22:36,19:22,18,73,-5.1,277,43.3,niskama01
596,Stefan Noesen,24,NJD,RW,72,837,829,50.2,2.0,654,625,51.1,2.4,8.8,93.0,101.8,37.5,62.5,13:17,12:44,33,15,6.9,193,65.8,noesest01
597,Jordan Nolan,28,BUF,C,69,470,628,42.8,-6.2,349,465,42.9,-6.0,4.8,93.0,97.8,45.6,54.4,9:48,9:37,10,15,-7.4,94,53.2,nolanjo01
598,Joakim Nordström,25,CAR,C,75,628,594,51.4,-4.1,447,453,49.7,-4.6,5.9,90.6,96.5,51.2,48.8,10:34,8:49,27,20,-3.5,188,51.6,nordsjo02
599,Tomáš Nosek,25,VEG,C,67,624,614,50.4,0.1,465,446,51.0,1.0,7.7,93.6,101.2,50.8,49.2,11:05,9:19,36,14,-0.7,154,59.7,nosekto01
600,Ryan Nugent-Hopkins,24,EDM,C,62,914,875,51.1,-0.4,685,649,51.3,-0.8,9.8,91.2,101.0,54.3,45.7,18:05,14:20,46,45,4.5,254,59.4,nugenry01
601,Darnell Nurse,22,EDM,D,82,1605,1547,50.9,0.0,1242,1122,52.5,1.8,8.4,92.3,100.7,48.9,51.1,22:15,19:24,28,72,5.2,366,53.0,nurseda01
602,Markus Nutivaara,23,CBJ,D,61,954,838,53.2,3.0,739,628,54.1,2.8,7.7,94.1,101.9,52.6,47.4,16:01,15:19,9,19,7.0,156,50.6,nutivma01
603,Alexander Nylander,19,BUF,LW,3,39,33,54.2,-0.3,29,28,50.9,-2.0,4.3,81.0,85.3,77.8,22.2,12:52,12:13,0,2,-0.5,4,50.0,nylanal01
604,William Nylander,21,TOR,RW,82,1273,1204,51.4,1.8,908,945,49.0,0.2,11.6,92.4,104.0,49.8,50.2,16:41,14:32,68,54,3.3,379,48.3,nylanwi01
605,Gustav Nyquist,28,DET,RW,82,1167,1115,51.1,3.3,892,861,50.9,2.2,7.4,92.0,99.3,55.8,44.2,17:51,15:23,44,44,4.8,343,62.1,nyquigu01
606,Jim O'Brien,29,OTT,C,10,67,80,45.6,-1.9,49,56,46.7,-0.5,7.3,88.2,95.6,53.7,46.3,8:45,8:18,2,2,0.4,15,73.3,obrieji01
607,Liam O'Brien,23,WSH,C,3,10,17,37.0,-13.4,9,13,40.9,-10.2,0.0,100.0,100.0,69.2,30.8,6:55,6:55,1,0,-0.7,1,100.0,obrieli01
608,Rob O'Gara,24,TOT,D,30,355,470,43.0,-3.5,274,359,43.3,-2.2,8.2,91.2,99.5,47.9,52.1,15:31,14:06,4,7,-5.4,,,ogararo01
608,Rob O'Gara,24,NYR,D,22,282,390,42.0,-3.7,219,303,42.0,-2.1,8.5,93.1,101.6,47.5,52.5,17:10,15:34,4,7,-4.4,52,36.5,ogararo01
608,Rob O'Gara,24,BOS,D,8,73,80,47.7,-1.2,55,56,49.5,0.3,7.3,82.2,89.5,50.0,50.0,10:59,10:02,0,0,-1.0,9,22.2,ogararo01
609,Will O'Neill,29,PHI,D,1,5,11,31.3,-10.1,5,9,35.7,-10.0,0.0,100.0,100.0,50.0,50.0,9:25,9:25,0,0,-0.5,3,100.0,oneilwi01
610,Danny O'Regan,24,TOT,C,21,144,196,42.4,-10.7,113,146,43.6,-10.3,9.3,90.0,99.3,47.7,52.3,9:58,9:03,8,6,0.3,,,oregada01
610,Danny O'Regan,24,SJS,C,19,131,178,42.4,-10.7,104,132,44.1,-9.5,7.6,89.9,97.5,47.6,52.4,9:59,9:08,7,6,-0.4,25,68.0,oregada01
610,Danny O'Regan,24,BUF,C,2,13,18,41.9,-10.2,9,14,39.1,-17.3,28.6,90.9,119.5,50.0,50.0,9:54,8:21,1,0,0.7,1,0.0,oregada01
611,Cal O'Reilly,31,MIN,C,1,4,11,26.7,-24.0,2,7,22.2,-33.0,0.0,100.0,100.0,75.0,25.0,8:16,7:56,1,0,-0.1,1,100.0,oreilca01
612,Ryan O'Reilly,26,BUF,C,81,1215,1179,50.8,4.1,941,917,50.6,4.1,7.9,88.9,96.8,42.6,57.4,20:48,15:37,65,39,-3.6,358,64.2,oreilry01
613,Johnny Oduya,36,TOT,D,52,725,779,48.2,-0.2,546,540,50.3,2.4,7.8,92.1,99.8,46.2,53.8,17:05,14:58,16,34,-4.1,,,oduyajo01
613,Johnny Oduya,36,OTT,D,51,719,767,48.4,0.4,542,532,50.5,3.0,7.8,92.2,100.0,46.1,53.9,17:11,15:03,16,34,-3.6,106,54.7,oduyajo01
613,Johnny Oduya,36,PHI,D,1,6,12,33.3,-31.2,4,8,33.3,-32.2,0.0,83.3,83.3,60.0,40.0,12:22,10:49,0,0,-0.5,3,33.3,oduyajo01
614,Jordan Oesterle,25,CHI,D,55,1073,974,52.4,-0.6,753,721,51.1,-0.2,7.5,90.0,97.5,56.2,43.8,20:31,18:45,15,46,0.7,232,42.7,oestejo01
615,Kyle Okposo,29,BUF,RW,76,880,983,47.2,-0.7,645,772,45.5,-2.8,7.5,88.5,96.0,54.3,45.7,17:02,13:31,24,28,-9.0,279,57.7,okposky01
616,Jamie Oleksiak,25,TOT,D,68,937,916,50.6,-2.9,722,680,51.5,-2.0,8.8,91.5,100.2,48.2,51.8,16:40,14:31,19,37,5.6,,,oleksja01
616,Jamie Oleksiak,25,PIT,D,47,678,647,51.2,-1.8,534,480,52.7,-0.4,10.0,91.9,101.9,47.3,52.7,17:24,15:15,18,29,7.5,132,48.5,oleksja01
616,Jamie Oleksiak,25,DAL,D,21,259,269,49.1,-5.7,188,200,48.5,-5.9,5.1,90.5,95.6,50.3,49.7,15:00,12:51,1,8,-1.9,38,44.7,oleksja01
617,Gustav Olofsson,23,MIN,D,41,407,474,46.2,-1.3,307,339,47.5,-0.8,9.1,91.3,100.5,44.9,55.1,12:46,12:26,5,12,3.2,48,45.8,olofsgu01
618,Dmitry Orlov,26,WSH,D,82,1518,1541,49.6,2.4,1111,1149,49.2,2.7,10.2,91.4,101.6,45.7,54.3,23:08,19:59,54,51,-1.8,243,51.4,orlovdm01
619,Brooks Orpik,37,WSH,D,81,1087,1398,43.7,-6.5,785,1051,42.8,-7.0,7.8,92.7,100.5,47.7,52.3,19:22,16:13,17,44,-17.4,133,40.6,orpikbr01
620,T.J. Oshie,31,WSH,C/RW,74,1005,990,50.4,3.1,759,729,51.0,5.1,9.1,91.5,100.6,49.3,50.7,18:25,14:16,51,39,2.3,241,53.1,oshietj01
621,Xavier Ouellet,24,DET,D,45,528,526,50.1,1.5,410,396,50.9,2.2,7.3,91.3,98.5,48.6,51.4,13:51,12:35,6,15,-3.6,101,56.4,ouellxa01
622,Alex Ovechkin,32,WSH,LW,82,1377,1302,51.4,5.0,1032,1004,50.7,4.9,10.8,90.5,101.3,58.1,41.9,20:09,15:54,25,71,-0.8,705,50.4,ovechal01
623,Magnus Pääjärvi,26,TOT,LW,79,782,925,45.8,-4.5,599,663,47.5,-3.6,4.5,93.5,98.0,38.4,61.6,12:27,11:00,25,12,-2.1,,,paajama01
623,Magnus Pääjärvi,26,STL,LW,44,371,442,45.6,-6.6,290,315,47.9,-5.9,3.4,95.7,99.1,33.5,66.5,11:09,9:50,18,4,-1.5,82,70.7,paajama01
623,Magnus Pääjärvi,26,OTT,LW,35,411,483,46.0,-1.8,309,348,47.0,-0.5,5.5,91.3,96.8,43.5,56.5,14:05,12:29,7,8,-0.6,93,73.1,paajama01
624,Max Pacioretty,29,MTL,LW,64,982,872,53.0,2.9,709,635,52.8,2.3,7.5,88.1,95.6,58.3,41.7,19:01,14:04,24,40,4.3,391,54.2,pacioma01
625,Jean-Gabriel Pageau,25,OTT,C,78,1005,1154,46.5,-1.6,748,809,48.0,0.0,7.9,89.9,97.8,42.5,57.5,16:44,13:40,30,41,-4.9,239,60.7,pageaje01
626,Iiro Pakarinen,26,EDM,RW,40,296,326,47.6,-4.1,220,241,47.7,-3.8,4.6,96.7,101.2,52.9,47.1,10:12,8:36,13,13,-2.4,98,51.0,pakarii01
627,Ondřej Palát,26,TBL,LW,56,789,749,51.3,-0.8,589,554,51.5,-0.6,11.0,92.7,103.6,51.2,48.8,16:60,13:46,34,41,3.7,195,55.9,palaton01
628,Kyle Palmieri,26,NJD,RW,62,832,854,49.3,0.7,665,645,50.8,1.5,8.4,91.5,99.9,53.5,46.5,17:17,13:42,33,19,-3.1,327,55.7,palmiky01
629,Artemi Panarin,26,CBJ,LW,81,1608,1212,57.0,8.6,1213,900,57.4,7.6,8.5,93.4,101.9,64.5,35.5,20:08,17:08,70,51,7.5,470,48.5,panarar01
630,Richard Pánik,26,TOT,RW,72,1095,886,55.3,5.5,769,694,52.6,4.4,8.2,92.7,100.9,54.1,45.9,15:12,13:07,26,14,0.2,,,panikri01
630,Richard Pánik,26,CHI,RW,37,566,432,56.7,4.9,384,339,53.1,2.6,7.4,92.6,100.0,59.1,40.9,14:18,12:29,15,5,1.0,135,51.9,panikri01
630,Richard Pánik,26,ARI,RW,35,529,454,53.8,6.1,385,355,52.0,6.4,9.1,92.9,101.9,49.0,51.0,16:08,13:47,11,9,-0.8,133,49.6,panikri01
631,Cédric Paquette,24,TBL,C,56,484,504,49.0,-3.6,351,373,48.5,-3.7,6.3,92.4,98.7,44.3,55.7,10:12,9:38,8,6,-2.9,108,58.3,paquece01
632,Colton Parayko,24,STL,D,82,1553,1383,52.9,2.0,1181,987,54.5,2.9,7.3,91.0,98.3,47.7,52.3,22:37,18:47,54,43,7.9,394,53.8,parayco01
633,Zach Parise,33,MIN,LW,42,533,612,46.6,-2.2,397,451,46.8,-2.8,9.8,90.7,100.5,52.1,47.9,17:05,14:01,15,14,3.7,173,68.8,parisza01
634,David Pastrňák,21,BOS,RW,82,1294,1039,55.5,3.1,941,819,53.5,0.2,10.7,90.9,101.6,62.8,37.2,17:58,14:47,50,76,8.4,451,54.8,pastrda01
635,Greg Pateryn,27,DAL,D,73,1107,1117,49.8,-1.7,796,757,51.3,0.5,8.5,92.3,100.7,38.6,61.4,19:37,16:59,5,38,3.8,216,46.3,patergr01
636,Nolan Patrick,19,PHI,C,73,845,882,48.9,-0.2,642,660,49.3,-0.4,7.2,93.7,100.9,53.9,46.1,13:43,11:47,32,33,2.0,204,62.3,patrino01
637,Nick Paul,22,OTT,LW,11,73,57,56.2,7.2,59,45,56.7,8.5,2.6,86.1,88.7,84.4,15.6,7:54,7:25,2,4,-0.7,21,52.4,paulni01
638,Joe Pavelski,33,SJS,C,82,1440,1273,53.1,3.1,1057,901,54.0,3.1,8.4,90.6,99.0,53.5,46.5,19:15,15:40,44,55,9.4,380,59.2,paveljo01
639,Tanner Pearson,25,LAK,LW,82,1134,1051,51.9,2.5,858,808,51.5,2.2,10.2,91.2,101.5,55.8,44.2,15:58,13:06,25,39,-1.7,319,56.4,pearsta01
640,Matthew Peca,24,TBL,C,10,98,124,44.1,-3.9,71,96,42.5,-6.4,16.1,94.2,110.3,41.7,58.3,13:40,12:23,1,5,-0.4,22,77.3,pecama01
641,Adam Pelech,23,NYI,D,78,1206,1311,47.9,0.8,885,970,47.7,1.7,9.6,92.1,101.7,38.9,61.1,19:16,16:37,32,47,-2.6,227,46.7,pelecad01
642,Anthony Peluso,28,WSH,RW,2,4,5,44.4,0.7,4,5,44.4,0.4,0.0,100.0,100.0,50.0,50.0,4:39,4:39,0,1,0.0,0,,pelusan01
643,Brendan Perlini,21,ARI,LW,74,889,986,47.4,-1.0,609,750,44.8,-2.6,9.2,92.6,101.8,50.0,50.0,14:31,12:38,16,22,-5.2,280,46.1,perlibr01
644,Mathieu Perreault,30,WPG,C,70,969,742,56.6,6.2,697,569,55.1,3.6,7.5,92.0,99.5,53.1,46.9,14:28,12:11,42,25,11.0,230,60.4,perrema01
645,David Perron,29,VEG,LW,70,1020,1033,49.7,-1.7,744,768,49.2,-2.5,11.1,89.8,100.9,54.0,46.0,17:48,14:48,48,33,-3.3,234,53.4,perroda01
646,Corey Perry,32,ANA,RW,71,1016,1116,47.7,-0.2,749,847,46.9,-1.2,10.9,90.3,101.2,52.7,47.3,17:47,15:04,18,42,-4.4,286,58.7,perryco01
647,Brett Pesce,23,CAR,D,65,1182,1007,54.0,-0.5,863,771,52.8,-0.5,7.9,90.1,98.0,49.4,50.6,20:54,18:15,38,24,5.9,201,43.8,pescebr01
648,Nic Petan,22,WPG,C,15,85,94,47.5,-2.6,62,71,46.6,-3.9,9.5,93.1,102.6,42.3,57.7,8:25,7:48,6,4,-0.7,27,59.3,petanni01
649,Alexander Petrovic,25,FLA,D,67,903,849,51.5,1.9,697,636,52.3,2.2,6.6,92.1,98.7,60.1,39.9,14:39,14:05,17,33,2.6,147,40.8,petroal01
650,Jeff Petry,30,MTL,D,82,1567,1449,52.0,2.5,1130,1055,51.7,2.3,7.0,89.0,96.0,49.0,51.0,23:30,18:11,41,102,6.0,378,47.1,petryje01
651,Marcus Pettersson,21,ANA,D,22,236,299,44.1,-4.5,175,221,44.2,-4.9,8.7,95.3,104.0,50.6,49.4,13:37,12:16,2,14,-2.6,31,51.6,pettema01
652,Dion Phaneuf,32,TOT,D,79,1126,1446,43.8,-5.9,834,1044,44.4,-5.9,7.7,92.0,99.7,48.6,51.4,19:59,16:25,20,52,-10.6,,,phanedi01
652,Dion Phaneuf,32,OTT,D,53,752,1008,42.7,-6.5,553,728,43.2,-6.6,9.5,91.5,100.9,45.3,54.7,20:15,16:11,16,35,-7.6,169,50.9,phanedi01
652,Dion Phaneuf,32,LAK,D,26,374,438,46.1,-4.3,281,316,47.1,-4.2,4.4,93.1,97.5,55.3,44.7,19:27,16:52,4,17,-3.0,88,55.7,phanedi01
653,Blake Pietila,24,NJD,LW,2,14,17,45.2,0.1,13,13,50.0,3.9,0.0,100.0,100.0,42.9,57.1,9:28,9:28,2,1,0.4,4,25.0,pietibl01
654,Alex Pietrangelo,28,STL,D,78,1599,1507,51.5,-0.3,1184,1080,52.3,-0.7,8.9,91.9,100.9,47.9,52.1,25:44,20:23,54,41,-4.7,417,51.8,pietral01
655,Neal Pionk,22,NYR,D,28,417,578,41.9,-6.3,313,446,41.2,-6.3,8.4,93.1,101.6,39.3,60.7,22:23,18:48,13,33,-10.0,105,51.4,pionkne01
656,Brandon Pirri,26,VEG,C,2,35,23,60.3,8.5,26,19,57.8,3.6,15.8,100.0,115.8,60.0,40.0,17:37,15:17,2,1,0.2,15,73.3,pirribr01
657,Tyler Pitlick,26,DAL,C,80,853,884,49.1,-2.7,626,624,50.1,-1.6,8.5,93.5,102.0,36.0,64.0,13:41,11:51,25,28,-0.2,244,52.9,pitlity01
658,Tomáš Plekanec,35,TOT,C,77,1040,1004,50.9,-0.7,765,713,51.8,0.6,7.3,91.8,99.0,38.7,61.3,15:08,12:50,29,51,9.0,,,plekato01
658,Tomáš Plekanec,35,MTL,C,60,900,853,51.3,0.0,659,600,52.3,1.1,7.0,92.2,99.2,41.0,59.0,16:18,13:47,24,45,10.3,197,63.5,plekato01
658,Tomáš Plekanec,35,TOR,C,17,140,151,48.1,-4.2,106,113,48.4,-2.7,8.8,89.5,98.3,24.0,76.0,11:03,9:31,5,6,-1.3,31,61.3,plekato01
659,Brayden Point,21,TBL,C,82,1299,1205,51.9,0.5,973,904,51.8,0.7,10.0,92.1,102.1,49.3,50.7,19:37,15:15,56,23,6.6,378,57.4,pointbr01
660,Roman Polák,31,TOR,D,54,792,863,47.9,-2.3,593,669,47.0,-1.8,8.1,93.2,101.2,39.9,60.1,17:39,15:04,5,32,0.4,127,37.0,polakro01
661,Jason Pominville,35,BUF,RW,82,1064,1011,51.3,4.8,838,787,51.6,5.4,7.4,88.8,96.2,63.5,36.5,14:54,12:57,22,20,0.1,278,60.4,pominja01
662,Tucker Poolman,24,WPG,D,24,302,265,53.3,1.5,214,199,51.8,-0.9,5.9,95.6,101.5,51.2,48.8,12:34,12:28,5,14,0.9,63,42.9,poolmtu01
663,Paul Postma,28,BOS,D,14,135,135,50.0,-1.5,102,102,50.0,-2.4,5.1,91.5,96.7,58.3,41.7,10:14,9:23,1,4,0.5,33,42.4,postmpa01
664,Benoît Pouliot,31,BUF,LW,74,726,846,46.2,-1.4,548,653,45.6,-2.1,6.2,91.8,98.0,51.7,48.3,13:41,11:21,35,31,-7.4,146,57.5,poulibe01
665,Derrick Pouliot,24,VAN,D,71,1079,1050,50.7,3.7,807,767,51.3,4.4,6.6,89.8,96.4,57.1,42.9,17:51,16:02,24,67,-5.0,185,42.2,poulide01
666,Shane Prince,25,NYI,C,14,124,178,41.1,-6.1,85,136,38.5,-7.8,3.2,95.4,98.6,54.1,45.9,12:00,11:06,6,6,-3.3,37,54.1,princsh01
667,Nate Prosser,31,TOT,D,57,534,712,42.9,-5.1,395,503,44.0,-4.8,9.3,94.2,103.5,47.5,52.5,13:28,12:07,11,17,5.5,,,prossna01
667,Nate Prosser,31,MIN,D,56,520,699,42.7,-5.3,384,495,43.7,-5.2,9.5,94.1,103.6,47.7,52.3,13:26,12:03,10,16,5.5,74,36.5,prossna01
667,Nate Prosser,31,STL,D,1,14,13,51.9,4.0,11,8,57.9,11.9,0.0,100.0,100.0,37.5,62.5,15:23,15:23,1,1,0.0,0,,prossna01
668,Dalton Prout,27,NJD,D,4,55,52,51.4,4.7,47,44,51.6,6.6,8.6,82.1,90.7,36.7,63.3,13:59,13:22,0,4,0.9,9,55.6,proutda01
669,Ivan Provorov,21,PHI,D,82,1491,1533,49.3,-0.1,1106,1107,50.0,0.3,10.7,91.8,102.6,46.9,53.1,24:09,19:38,26,92,0.1,393,51.7,provoiv01
670,Jesse Puljujärvi,19,EDM,RW,65,861,824,51.1,1.5,649,616,51.3,1.0,7.1,92.8,99.9,50.2,49.8,13:22,12:32,27,40,-0.6,232,58.6,puljuje01
671,Ryan Pulock,23,NYI,D,68,1142,1161,49.6,4.2,832,864,49.1,4.3,8.4,91.1,99.5,48.5,51.5,18:24,16:34,25,35,-1.8,358,51.4,pulocry01
672,Tom Pyatt,30,OTT,C,81,826,1117,42.5,-6.3,604,770,44.0,-4.7,7.0,91.6,98.6,39.4,60.6,14:03,11:56,24,18,-7.9,157,65.6,pyattto01
673,Mark Pysyk,26,FLA,D,82,1292,1367,48.6,-1.1,1006,1009,49.9,-0.2,8.3,90.3,98.6,41.2,58.8,18:46,16:26,35,63,0.0,205,51.7,pysykma01
674,John Quenneville,21,NJD,C,2,31,24,56.4,1.9,21,21,50.0,-6.3,0.0,76.9,76.9,47.6,52.4,13:18,13:07,0,1,-0.8,9,55.6,quennjo02
675,Kyle Quincey,32,MIN,D,18,159,225,41.4,-7.8,125,173,41.9,-8.3,6.5,90.7,97.2,44.8,55.2,14:17,11:44,6,16,-3.4,18,61.1,quincky01
676,Alan Quine,24,NYI,C,21,178,279,38.9,-8.9,134,223,37.5,-9.0,7.3,93.6,101.0,46.5,53.5,11:44,11:00,5,6,-3.6,31,48.4,quineal01
677,Alexander Radulov,31,DAL,RW,82,1478,1303,53.1,2.9,1079,937,53.5,3.3,9.5,90.8,100.3,55.9,44.1,20:08,16:48,46,50,16.2,388,55.9,radulal01
678,Michael Raffl,29,PHI,LW,76,800,791,50.3,1.1,594,576,50.8,1.2,9.8,91.7,101.5,51.9,48.1,13:15,11:53,28,24,3.6,153,62.7,rafflmi01
679,Rickard Rakell,24,ANA,RW,77,1233,1226,50.1,2.5,907,935,49.2,1.2,11.6,90.3,101.9,54.0,46.0,19:25,16:30,32,53,2.0,406,56.7,rakelri01
680,Mikko Rantanen,21,COL,RW,81,1273,1238,50.7,4.8,922,924,49.9,4.5,10.5,91.0,101.4,57.4,42.6,18:57,15:09,45,30,3.7,305,58.4,rantami01
681,Victor Rask,24,CAR,C,71,975,903,51.9,-3.6,718,677,51.5,-2.7,7.8,92.5,100.3,62.1,37.9,15:23,13:16,48,39,-1.9,231,54.5,raskvi01
682,Dennis Rasmussen,27,ANA,C,27,168,223,43.0,-2.4,128,156,45.1,0.1,9.0,95.2,104.2,43.3,56.7,8:54,7:45,9,4,-2.2,32,59.4,rasmude01
683,Ty Rattie,24,EDM,RW,14,179,214,45.5,-3.7,142,177,44.5,-5.0,15.6,89.2,104.9,53.5,46.5,15:28,13:55,2,4,-0.7,50,64.0,rattity01
684,Kyle Rau,25,MIN,C,3,29,33,46.8,-2.0,20,26,43.5,-4.8,6.7,94.1,100.8,50.0,50.0,11:02,11:02,1,0,0.3,7,57.1,rauky01
685,Matt Read,31,PHI,RW,19,159,159,50.0,-0.5,105,106,49.8,-2.1,4.1,93.2,97.3,44.0,56.0,10:54,9:27,5,4,-0.6,34,47.1,readma01
686,Ryan Reaves,31,TOT,RW,79,493,546,47.4,-4.6,368,392,48.4,-3.6,7.1,90.8,97.8,44.1,55.9,7:36,7:30,12,10,1.5,,,reavery01
686,Ryan Reaves,31,PIT,RW,58,326,355,47.9,-4.5,244,251,49.3,-3.6,7.3,87.6,94.9,43.8,56.2,6:45,6:42,5,4,2.1,62,54.8,reavery01
686,Ryan Reaves,31,VEG,RW,21,167,191,46.6,-4.4,124,141,46.8,-2.7,6.7,96.2,102.8,44.9,55.1,9:55,9:40,7,6,-0.6,17,47.1,reavery01
687,Zach Redmond,29,BUF,D,3,34,37,47.9,-1.3,29,30,49.2,-0.2,12.0,91.3,103.3,58.6,41.4,14:29,14:16,1,0,0.2,10,70.0,redmoza01
688,Mike Reilly,24,TOT,D,57,643,798,44.6,-2.0,478,598,44.4,-2.8,8.1,92.2,100.3,53.3,46.7,14:58,13:15,8,32,-4.4,,,reillmi01
688,Mike Reilly,24,MIN,D,38,310,428,42.0,-4.3,237,319,42.6,-4.9,6.7,92.6,99.3,57.0,43.0,12:21,10:41,4,13,-3.7,71,50.7,reillmi01
688,Mike Reilly,24,MTL,D,19,333,370,47.4,-0.3,241,279,46.3,-0.2,9.4,91.8,101.2,50.2,49.8,20:12,18:23,4,19,-0.8,54,53.7,reillmi01
689,Sam Reinhart,22,BUF,C,82,1099,1002,52.3,6.3,846,781,52.0,6.0,6.7,90.0,96.7,55.5,44.5,17:06,13:45,29,29,2.1,298,62.8,reinhsa01
690,Mitch Reinke,21,STL,D,1,13,9,59.1,-1.6,11,6,64.7,8.5,0.0,100.0,100.0,75.0,25.0,13:05,13:05,0,0,-0.2,3,33.3,reinkmi01
691,Brad Richardson,32,ARI,C,76,865,970,47.1,-1.5,628,718,46.7,-0.5,5.9,89.6,95.5,34.0,66.0,14:47,12:32,24,15,-1.1,185,56.8,richabr02
692,Tobias Rieder,25,TOT,C,78,944,1085,46.5,-2.6,685,812,45.8,-2.4,7.4,91.2,98.6,44.9,55.1,14:39,13:01,18,8,-8.0,,,riedeto01
692,Tobias Rieder,25,ARI,C,58,707,832,45.9,-2.9,509,629,44.7,-2.5,7.5,91.1,98.6,45.2,54.8,15:16,13:13,13,6,-6.3,156,51.3,riedeto01
692,Tobias Rieder,25,LAK,C,20,237,253,48.4,-1.8,176,183,49.0,-2.1,7.1,91.9,99.0,43.7,56.3,12:50,12:24,5,2,-1.7,57,59.6,riedeto01
693,Morgan Rielly,23,TOR,D,76,1477,1387,51.6,2.6,1100,1082,50.4,2.9,8.6,91.2,99.8,47.9,52.1,21:35,18:05,34,79,3.3,371,49.1,riellmo01
694,Zac Rinaldo,27,ARI,C,53,443,583,43.2,-5.4,319,439,42.1,-5.6,8.1,91.6,99.7,43.2,56.8,11:17,10:29,6,7,-6.9,98,57.1,rinalza01
695,Rasmus Ristolainen,23,BUF,D,73,1389,1472,48.5,1.1,1077,1132,48.8,1.5,7.7,89.9,97.6,53.0,47.0,26:30,19:60,12,47,-6.6,353,51.6,ristora01
696,Brett Ritchie,24,DAL,RW,71,673,527,56.1,5.7,469,385,54.9,4.1,6.5,93.2,99.7,50.7,49.3,10:50,9:24,9,16,8.8,212,55.2,ritchbr01
697,Nick Ritchie,22,ANA,LW,76,946,968,49.4,1.5,725,740,49.5,1.6,7.5,93.5,100.9,53.3,46.7,13:11,12:23,10,22,-1.9,235,51.9,ritchni01
698,Eric Robinson,22,CBJ,LW,1,11,7,61.1,14.5,11,6,64.7,18.4,14.3,100.0,114.3,80.0,20.0,11:21,11:05,0,0,-0.3,3,66.7,robiner01
699,Jack Rodewald,23,OTT,RW,4,17,23,42.5,-10.8,13,13,50.0,-3.1,0.0,88.9,88.9,40.0,60.0,7:18,7:11,2,2,-0.2,3,0.0,rodewja01
700,Evan Rodrigues,24,BUF,C,48,507,508,50.0,3.7,391,399,49.5,3.3,7.5,89.3,96.8,48.8,51.2,13:56,11:31,20,12,0.6,166,54.8,rodriev01
701,Kevin Rooney,24,NJD,C,1,10,6,62.5,11.1,8,4,66.7,19.2,0.0,100.0,100.0,85.7,14.3,11:46,11:13,1,0,0.3,4,75.0,rooneke01
702,Calle Rosén,23,TOR,D,4,52,37,58.4,-0.2,36,32,52.9,-7.7,4.5,84.6,89.2,65.6,34.4,12:47,12:22,2,1,-0.5,13,38.5,rosenca01
703,Jack Roslovic,21,WPG,C,31,305,327,48.3,-2.7,222,248,47.2,-4.4,11.5,93.5,105.1,49.5,50.5,12:19,11:09,14,12,-0.4,75,50.7,rosloja01
704,Antoine Roussel,28,DAL,LW,73,818,742,52.4,1.5,570,527,52.0,0.7,7.0,92.9,99.9,42.4,57.6,12:26,11:22,16,23,4.4,171,49.7,roussan01
705,Carter Rowney,28,PIT,RW,44,261,307,46.0,-6.4,189,220,46.2,-7.0,4.3,87.3,91.6,24.7,75.3,9:21,7:03,5,6,-1.7,43,48.8,rowneca01
706,Kevin Roy,24,ANA,C,25,250,319,43.9,-3.2,184,246,42.8,-4.4,8.9,95.1,104.0,47.0,53.0,13:39,12:21,13,7,-2.8,53,49.1,royke01
707,Nicolas Roy,20,CAR,C,1,11,12,47.8,-13.8,8,9,47.1,-13.2,0.0,85.7,85.7,83.3,16.7,10:46,10:46,1,0,-0.1,2,50.0,royni01
708,Chad Ruhwedel,27,PIT,D,44,671,613,52.3,-1.5,521,457,53.3,-1.7,4.9,92.0,97.0,55.3,44.7,15:44,14:51,11,9,2.4,134,50.0,ruhwech01
709,Kris Russell,30,EDM,D,78,1251,1328,48.5,-3.8,925,939,49.6,-3.1,7.5,91.2,98.7,51.6,48.4,19:05,16:41,20,72,-3.7,193,46.6,russekr01
710,Bryan Rust,25,PIT,RW,69,1031,827,55.5,4.9,767,608,55.8,4.0,8.2,91.3,99.5,53.8,46.2,16:03,13:51,31,32,4.8,217,56.7,rustbr01
711,Jan Rutta,27,CHI,D,57,956,962,49.8,-3.0,664,743,47.2,-5.2,8.5,92.0,100.5,50.6,49.4,19:15,16:35,12,37,-4.1,169,42.0,ruttaja02
712,Bobby Ryan,30,OTT,LW,62,861,875,49.6,3.2,614,636,49.1,2.2,8.8,88.9,97.7,52.1,47.9,16:27,13:37,24,37,2.1,236,47.5,ryanbo01
713,Derek Ryan,31,CAR,C,80,1148,861,57.1,3.2,837,665,55.7,2.9,7.8,87.8,95.7,60.0,40.0,15:36,13:13,54,48,9.0,247,54.7,ryande01
714,Joakim Ryan,24,SJS,D,62,1107,978,53.1,3.0,806,692,53.8,2.4,7.1,93.8,100.9,55.4,44.6,16:45,16:17,14,16,5.2,160,49.4,ryanjo02
715,Kerby Rychel,23,MTL,LW,4,38,50,43.2,-14.4,25,39,39.1,-19.5,11.1,86.7,97.8,51.7,48.3,11:02,10:16,1,1,-1.9,9,77.8,rycheke01
716,Brandon Saad,25,CHI,LW,82,1376,1051,56.7,5.7,947,807,54.0,4.1,7.2,90.3,97.5,60.2,39.8,17:30,13:40,45,16,7.3,396,59.6,saadbr01
717,Miikka Salomäki,24,NSH,RW,58,501,490,50.6,-0.9,368,354,51.0,0.0,6.1,90.9,97.0,30.8,69.2,10:17,10:00,14,8,-3.6,108,47.2,salommi01
718,Travis Sanheim,21,PHI,D,49,719,626,53.5,5.8,541,475,53.2,5.0,6.5,90.7,97.1,56.8,43.2,15:36,14:50,8,36,5.2,151,47.7,sanhetr01
719,Steven Santini,22,NJD,D,36,428,686,38.4,-13.0,328,480,40.6,-10.9,8.4,93.6,101.9,27.5,72.5,20:16,17:01,4,13,-6.7,86,65.1,santist01
720,Ashton Sautner,23,VAN,D,5,50,61,45.0,3.1,43,46,48.3,4.4,16.7,97.0,113.6,43.2,56.8,13:22,13:18,0,0,0.4,5,60.0,sautnas01
721,David Savard,27,CBJ,D,81,1344,1387,49.2,-3.4,1025,1012,50.3,-3.2,8.9,91.3,100.2,45.3,54.7,19:23,16:54,24,27,-0.6,271,53.5,savarda01
722,Luca Sbisa,28,VEG,D,30,457,586,43.8,-9.1,350,438,44.4,-8.3,10.8,93.0,103.8,41.8,58.2,19:31,16:35,12,16,-3.2,62,41.9,sbisalu01
723,Marco Scandella,27,BUF,D,82,1400,1525,47.9,0.1,1079,1191,47.5,-0.2,7.4,90.7,98.1,50.0,50.0,23:19,19:04,24,41,-8.1,306,45.1,scandma01
724,Colton Sceviour,28,FLA,C/RW,76,741,852,46.5,-3.8,581,631,47.9,-3.0,7.3,93.8,101.1,45.4,54.6,13:26,10:57,31,32,-3.0,219,64.4,scevico01
725,Tim Schaller,27,BOS,LW,82,847,832,50.4,-3.7,641,607,51.4,-2.5,5.9,91.2,97.1,35.4,64.6,13:17,11:18,31,25,4.1,209,63.2,schalti01
726,Mark Scheifele,24,WPG,C,60,1001,941,51.5,-0.1,763,703,52.0,0.3,9.9,92.3,102.2,54.1,45.9,20:41,16:23,47,33,11.1,216,57.9,scheima01
727,Brayden Schenn,26,STL,C,82,1423,1183,54.6,4.4,1051,859,55.0,3.5,10.0,90.7,100.6,63.9,36.1,19:44,15:59,56,42,9.1,355,59.2,schenbr01
728,Luke Schenn,28,ARI,D,64,833,1003,45.4,-4.1,596,741,44.6,-3.9,5.5,92.7,98.1,40.1,59.9,16:23,14:23,14,31,-8.0,157,37.6,schenlu01
729,Nikita Scherbak,22,MTL,RW,26,276,301,47.8,-2.9,179,202,47.0,-3.5,4.8,92.4,97.2,56.8,43.2,13:23,11:42,13,9,-1.6,85,45.9,scherni01
730,David Schlemko,30,MTL,D,37,569,582,49.4,-2.2,395,397,49.9,-1.9,8.3,92.7,101.0,53.5,46.5,18:04,15:44,13,27,6.0,89,42.7,schleda01
731,Jordan Schmaltz,24,STL,D,13,116,112,50.9,4.9,76,74,50.7,4.0,5.1,94.2,99.3,60.6,39.4,10:58,10:34,0,4,0.8,13,38.5,schmajo01
732,Nick Schmaltz,21,CHI,C,78,1164,1079,51.9,-1.7,814,815,50.0,-2.2,8.7,91.6,100.4,64.1,35.9,18:14,14:14,86,31,-2.0,218,54.1,schmani01
733,Nate Schmidt,26,VEG,D,76,1435,1415,50.4,-1.5,1039,1031,50.2,-2.0,10.4,92.1,102.5,46.7,53.3,22:14,18:11,57,57,-1.1,255,40.4,schmina01
734,Jordan Schroeder,27,CBJ,C,21,143,158,47.5,-2.8,110,120,47.8,-4.8,2.5,93.1,95.6,59.7,40.3,7:29,7:21,5,2,-2.1,31,64.5,schrojo01
735,Justin Schultz,27,PIT,D,63,1084,1066,50.4,-2.1,826,755,52.2,-0.6,10.8,92.3,103.1,55.6,44.4,19:31,17:07,17,27,5.8,235,46.4,schulju01
736,Jaden Schwartz,25,STL,C,62,1087,817,57.1,7.0,808,591,57.8,6.9,10.0,90.9,100.9,67.3,32.7,19:24,15:32,45,17,12.1,269,58.4,schwaja01
737,Brent Seabrook,32,CHI,D,81,1436,1335,51.8,-1.1,1012,972,51.0,0.0,7.6,91.7,99.4,56.3,43.7,20:12,15:57,25,71,-1.2,307,44.3,seabrbr01
738,Daniel Sedin*,37,VAN,LW,81,988,861,53.4,7.3,747,666,52.9,6.8,6.8,89.1,96.0,74.1,25.9,15:16,12:21,17,37,3.7,310,61.0,sedinda01
739,Henrik Sedin*,37,VAN,C,82,984,902,52.2,5.6,741,700,51.4,4.8,7.3,88.8,96.1,74.0,26.0,15:33,12:37,10,28,2.3,125,53.6,sedinhe01
740,Lukáš Sedlák,24,CBJ,C,53,391,403,49.2,-3.0,307,303,50.3,-3.3,7.8,91.3,99.1,38.2,61.8,9:24,8:43,13,10,0.4,94,53.2,sedlalu01
741,Nick Seeler,24,MIN,D,22,282,286,49.6,-0.2,212,202,51.2,0.9,10.5,94.8,105.2,46.3,53.8,14:32,13:54,2,6,4.3,39,43.6,seeleni01
742,Tyler Seguin,26,DAL,C,82,1416,1332,51.5,0.4,1039,955,52.1,1.1,10.9,91.1,102.0,49.0,51.0,20:54,16:13,38,36,11.4,568,59.0,seguity01
743,Dennis Seidenberg,36,NYI,D,28,384,518,42.6,-7.5,292,398,42.3,-7.8,9.0,90.3,99.3,45.7,54.3,17:53,15:26,2,18,-7.7,63,49.2,seidede01
744,Andrej Sekera,31,EDM,D,36,483,494,49.4,1.2,347,378,47.9,-1.3,4.3,89.3,93.6,57.5,42.5,16:20,14:05,11,18,-4.3,95,37.9,sekeran01
745,Mikhail Sergachev,19,TBL,D,79,1155,974,54.3,3.4,860,743,53.6,2.9,9.4,92.3,101.7,70.2,29.8,15:22,13:29,21,60,6.3,330,42.7,sergami01
746,Damon Severson,23,NJD,D,76,1293,1324,49.4,2.1,1001,1024,49.4,1.2,8.0,90.5,98.5,54.5,45.5,19:40,17:31,26,50,3.8,238,50.8,severda01
747,Ben Sexton,26,OTT,C,2,18,11,62.1,15.4,13,9,59.1,14.4,0.0,87.5,87.5,66.7,33.3,10:17,10:17,0,1,-0.1,1,100.0,sextobe01
748,Patrick Sharp,36,CHI,LW,70,834,798,51.1,-1.9,597,582,50.6,-0.5,6.7,89.7,96.4,57.5,42.5,12:53,11:17,16,13,-4.1,242,58.7,sharppa01
749,Kevin Shattenkirk,29,NYR,D,46,701,776,47.5,1.0,530,585,47.5,0.2,7.7,90.1,97.8,65.4,34.6,20:16,17:00,24,61,-2.4,188,50.0,shattke01
750,Andrew Shaw,26,MTL,C,51,692,660,51.2,0.8,484,482,50.1,-0.1,6.9,90.9,97.8,55.6,44.4,15:49,13:15,19,28,2.5,152,61.8,shawan01
751,Logan Shaw,26,TOT,RW,72,630,736,46.1,-2.7,469,533,46.8,-1.8,6.1,92.4,98.5,48.4,51.6,11:53,10:05,24,21,-3.4,,,shawlo01
751,Logan Shaw,26,ANA,RW,42,336,378,47.1,0.4,256,286,47.2,0.3,6.7,92.1,98.8,46.5,53.5,11:30,9:20,11,15,-2.0,110,53.6,shawlo01
751,Logan Shaw,26,MTL,RW,30,294,358,45.1,-6.8,213,247,46.3,-4.8,5.3,92.8,98.1,51.2,48.8,12:25,11:08,13,6,-1.5,88,52.3,shawlo01
752,Riley Sheahan,26,TOT,C,81,849,915,48.1,-5.7,646,683,48.6,-5.9,9.7,91.4,101.1,35.4,64.6,14:40,11:45,34,27,-2.1,,,sheahri01
752,Riley Sheahan,26,PIT,C,73,794,856,48.1,-6.0,602,641,48.4,-6.6,10.2,91.0,101.2,35.2,64.8,15:17,12:13,33,26,-1.1,159,65.4,sheahri01
752,Riley Sheahan,26,DET,C,8,55,59,48.2,-2.8,44,42,51.2,0.8,3.3,96.8,100.1,37.5,62.5,9:03,7:30,1,1,-1.0,14,35.7,sheahri01
753,Conor Sheary,25,PIT,LW,79,1030,948,52.1,-0.3,784,700,52.8,-0.3,7.9,91.2,99.1,55.1,44.9,13:57,12:42,36,37,5.6,244,58.2,shearco01
754,Vadim Shipachyov,30,VEG,LW,3,29,31,48.3,6.3,23,24,48.9,7.1,21.4,100.0,121.4,61.1,38.9,10:35,9:33,0,0,0.0,8,37.5,shipava01
755,Devin Shore,23,DAL,C,82,880,930,48.6,-3.5,632,665,48.7,-3.5,5.1,89.0,94.1,48.2,51.8,15:26,12:12,31,19,0.4,221,55.7,shorede01
756,Nick Shore,25,TOT,C,64,783,708,52.5,1.8,590,524,53.0,2.8,6.7,91.6,98.3,41.1,58.9,14:10,12:11,23,23,0.5,,,shoreni01
756,Nick Shore,25,LAK,C,49,609,568,51.7,1.8,456,419,52.1,3.0,7.3,90.9,98.2,38.8,61.2,14:34,12:35,19,20,-0.9,99,53.5,shoreni01
756,Nick Shore,25,CGY,C,9,123,100,55.2,-1.0,93,75,55.4,-1.9,3.6,94.5,98.1,49.3,50.7,15:08,12:27,3,1,0.9,31,51.6,shoreni01
756,Nick Shore,25,OTT,C,6,51,40,56.0,6.4,41,30,57.7,9.3,6.1,95.2,101.3,54.2,45.8,9:28,8:39,1,2,0.5,8,75.0,shoreni01
757,Patrick Sieloff,23,OTT,D,1,16,14,53.3,5.4,12,11,52.2,3.7,12.5,70.0,82.5,60.0,40.0,11:11,11:11,0,0,-0.8,4,75.0,sielopa01
758,Duncan Siemens,24,COL,D,16,156,158,49.7,4.4,118,114,50.9,7.3,4.9,88.9,93.8,36.5,63.5,12:19,9:43,2,5,-0.7,30,46.7,siemedu01
759,Dylan Sikura,22,CHI,C,5,46,64,41.8,-5.4,35,41,46.1,-1.9,12.5,96.9,109.4,64.3,35.7,13:24,12:36,3,0,-0.2,15,60.0,sikurdy01
760,Jakob Silfverberg,27,ANA,LW,77,1117,1166,48.9,0.7,839,854,49.6,1.4,7.8,93.3,101.1,39.7,60.3,17:58,14:30,40,43,-0.7,351,53.3,silfvja01
761,Wayne Simmonds,29,PHI,RW,75,965,1057,47.7,-2.1,728,796,47.8,-2.6,8.1,90.3,98.4,47.1,52.9,18:05,13:53,38,27,-3.5,292,60.3,simmowa01
762,Dominik Simon,23,PIT,C,33,405,334,54.8,2.3,300,233,56.3,4.3,9.1,90.1,99.2,49.3,50.7,11:25,10:44,10,13,1.1,68,52.9,simondo01
763,Colton Sissons,24,NSH,C,81,890,894,49.9,-1.4,671,650,50.8,-0.3,7.4,91.8,99.2,31.0,69.0,16:06,11:50,25,30,-2.0,191,62.3,sissoco01
764,Jeff Skinner,25,CAR,C,82,1351,1071,55.8,1.6,988,820,54.6,1.7,6.7,87.8,94.5,65.8,34.2,16:42,14:36,93,62,11.7,488,56.6,skinnje01
765,Brady Skjei,23,NYR,D,82,1382,1544,47.2,1.7,1057,1163,47.6,2.0,6.6,91.1,97.7,56.0,44.0,21:01,18:17,27,62,-5.0,281,54.1,skjeibr01
766,Jaccob Slavin,23,CAR,D,82,1622,1351,54.6,-0.1,1205,1022,54.1,1.0,8.6,90.0,98.6,46.9,53.1,22:35,19:23,77,40,8.0,300,51.3,slavija01
767,Anton Slepyshev,23,EDM,LW,50,620,574,51.9,1.9,462,432,51.7,1.1,6.6,92.4,99.0,53.4,46.6,11:49,11:34,25,18,-0.8,140,52.1,slepyan01
768,Brendan Smith,28,NYR,D,44,619,707,46.7,0.9,485,541,47.3,0.9,9.2,91.8,101.0,51.5,48.5,17:11,15:42,23,46,-1.5,119,55.5,smithbr05
769,Craig Smith,28,NSH,C,79,1185,901,56.8,8.3,890,670,57.1,8.6,8.3,93.8,102.1,60.8,39.2,15:23,13:03,61,28,13.0,372,61.6,smithcr01
770,Gemel Smith,23,DAL,C,46,373,319,53.9,3.3,270,221,55.0,5.3,7.8,93.5,101.3,47.7,52.3,9:26,9:17,12,5,5.4,66,63.6,smithge02
771,Reilly Smith,26,VEG,RW,67,965,835,53.6,3.0,722,636,53.2,2.2,12.0,92.4,104.5,49.3,50.7,17:55,13:36,54,47,5.2,277,58.5,smithre01
772,Zack Smith,29,OTT,C,68,883,1037,46.0,-1.2,674,771,46.6,-0.9,5.3,90.3,95.5,45.2,54.8,16:43,13:45,27,29,-10.3,228,54.4,smithza01
773,Devante Smith-Pelly,25,WSH,RW,75,735,921,44.4,-4.7,559,681,45.1,-2.9,7.3,92.7,100.0,42.8,57.2,12:21,11:21,16,18,-3.9,195,52.8,smithde06
774,Vladimír Sobotka,30,STL,C,81,1078,1106,49.4,-3.0,779,802,49.3,-4.6,6.9,93.2,100.1,45.6,54.4,17:07,14:19,21,14,-8.0,229,59.4,sobotvl01
775,Carl Söderberg,32,COL,C,77,915,1071,46.1,-2.1,654,776,45.7,-1.8,8.5,92.7,101.2,31.1,68.9,17:21,12:59,41,14,-6.6,256,58.6,soderca01
776,Marcus Sorensen,25,SJS,RW,32,252,262,49.0,-3.0,182,187,49.3,-3.6,7.9,89.2,97.1,47.4,52.6,10:09,9:11,11,6,-1.5,49,51.0,sorenma01
777,Nikita Soshnikov,24,TOT,RW,15,103,159,39.3,-11.5,70,124,36.1,-15.3,8.3,93.2,101.5,36.0,64.0,11:01,10:16,3,2,-4.7,,,soshnni01
777,Nikita Soshnikov,24,STL,RW,12,93,114,44.9,-6.7,62,85,42.2,-10.8,8.9,93.5,102.4,43.9,56.1,11:10,10:27,2,2,-3.0,26,65.4,soshnni01
777,Nikita Soshnikov,24,TOR,RW,3,10,45,18.2,-29.8,8,39,17.0,-29.3,0.0,92.3,92.3,11.1,88.9,10:26,9:31,1,0,-1.7,1,0.0,soshnni01
778,Carson Soucy,23,MIN,D,3,34,40,45.9,-6.7,24,31,43.6,-8.6,0.0,90.5,90.5,48.1,51.9,14:51,14:12,1,0,0.5,5,80.0,soucyca01
779,Jason Spezza,34,DAL,C,78,874,770,53.2,2.4,610,558,52.2,0.9,6.4,91.0,97.4,56.6,43.4,13:00,10:59,12,36,4.9,275,50.2,spezzja01
780,Ryan Spooner,26,TOT,C,59,700,755,48.1,-2.8,516,615,45.6,-5.2,10.7,92.2,102.9,63.2,36.8,15:18,12:45,15,36,-3.5,,,spoonry01
780,Ryan Spooner,26,BOS,C,39,449,400,52.9,-0.6,332,314,51.4,-2.2,10.8,92.8,103.6,77.3,22.7,14:29,11:33,9,22,2.5,100,70.0,spoonry01
780,Ryan Spooner,26,NYR,C,20,251,355,41.4,-4.6,184,301,37.9,-7.8,10.6,91.7,102.2,41.8,58.2,16:51,15:06,6,14,-6.0,61,60.7,spoonry01
781,Daniel Sprong,20,PIT,RW,8,115,67,63.2,10.9,88,40,68.8,17.9,8.2,90.0,98.2,49.3,50.7,13:59,12:46,0,2,3.5,33,66.7,spronda01
782,Ryan Sproul,25,NYR,D,16,251,251,50.0,3.5,180,194,48.1,3.8,8.3,88.9,97.2,63.2,36.8,16:22,15:33,5,8,-3.2,46,32.6,sproury01
783,Jared Spurgeon,28,MIN,D,61,1110,1110,50.0,4.2,843,799,51.3,4.9,7.5,90.8,98.2,47.9,52.1,24:32,19:07,23,20,13.3,234,47.0,spurgja01
784,Eric Staal,33,MIN,C,82,1206,1234,49.4,3.5,917,927,49.7,2.6,11.0,89.6,100.6,47.9,52.1,17:49,14:33,48,26,10.5,397,61.0,staaler01
785,Jordan Staal,29,CAR,C,79,1263,1044,54.7,0.0,931,811,53.4,-0.2,8.3,90.2,98.5,48.7,51.3,19:15,14:54,58,44,6.0,276,58.0,staaljo01
786,Marc Staal,31,NYR,D,72,934,1233,43.1,-4.0,713,935,43.3,-3.8,9.0,93.9,102.8,37.4,62.6,18:32,15:40,32,43,-8.2,147,46.3,staalma01
787,Drew Stafford,32,NJD,RW,59,619,676,47.8,-0.1,471,519,47.6,-1.1,5.7,89.5,95.2,48.2,51.8,13:52,11:54,16,14,-0.4,166,61.4,staffdr01
788,Matt Stajan,34,CGY,C,68,619,580,51.6,-2.1,463,408,53.2,0.1,6.1,94.6,100.7,39.2,60.8,10:56,9:19,20,16,2.0,99,65.7,stajama01
789,Steven Stamkos,27,TBL,C,78,1256,1106,53.2,2.1,945,868,52.1,0.9,11.5,91.4,102.8,62.0,38.0,18:46,14:51,27,50,1.8,412,51.5,stamkst01
790,Paul Stastny,32,TOT,C,82,1317,1113,54.2,3.8,981,814,54.7,3.0,8.7,90.6,99.3,53.6,46.4,18:18,14:41,43,19,7.0,,,stastpa01
790,Paul Stastny,32,STL,C,63,1022,827,55.3,5.6,759,594,56.1,4.8,8.3,89.4,97.7,54.1,45.9,18:41,14:48,36,15,7.0,203,66.5,stastpa01
790,Paul Stastny,32,WPG,C,19,295,286,50.8,-1.7,222,220,50.2,-2.2,10.5,93.9,104.3,51.6,48.4,17:02,14:20,7,4,0.0,40,60.0,stastpa01
791,Troy Stecher,23,VAN,D,68,1063,1139,48.3,0.4,815,885,47.9,-0.2,8.0,91.3,99.3,48.5,51.5,18:49,17:04,22,27,-6.2,213,44.1,stechtr01
792,Alexander Steen,33,STL,C,76,1163,1005,53.6,2.0,853,699,55.0,2.4,8.6,88.2,96.8,51.6,48.4,18:42,14:32,34,19,4.9,303,55.4,steenal01
793,Lee Stempniak,34,CAR,RW,37,440,359,55.1,0.3,311,286,52.1,-1.2,5.0,90.5,95.5,60.3,39.7,12:28,11:58,17,23,2.0,88,46.6,stemple01
794,Derek Stepan,27,ARI,C,82,1278,1293,49.7,2.1,924,1003,48.0,1.5,9.3,90.6,99.9,50.8,49.2,19:16,15:23,42,28,-2.5,345,60.6,stepade01
795,Chandler Stephenson,23,WSH,C,67,544,697,43.8,-5.0,415,500,45.4,-2.8,10.8,94.5,105.3,39.4,60.6,11:52,10:25,24,16,-5.3,59,59.3,stephch02
796,Chris Stewart,30,TOT,RW,54,462,622,42.6,-6.6,354,453,43.9,-6.4,9.2,90.4,99.6,52.3,47.7,10:45,10:17,7,10,-1.0,,,stewach02
796,Chris Stewart,30,MIN,RW,47,373,548,40.5,-7.3,286,396,41.9,-7.0,9.7,91.4,101.1,52.0,48.0,10:43,10:15,6,9,-2.2,85,69.4,stewach02
796,Chris Stewart,30,CGY,RW,7,89,74,54.6,-3.3,68,57,54.4,-4.4,6.8,83.7,90.5,54.2,45.8,10:55,10:28,1,1,1.1,15,60.0,stewach02
797,Mark Stone,25,OTT,RW,58,1004,927,52.0,5.2,732,696,51.3,3.6,11.5,88.8,100.3,53.3,46.7,20:40,16:18,59,57,5.1,239,55.2,stonema01
798,Michael Stone,27,CGY,D,82,1112,1134,49.5,-5.2,827,814,50.4,-3.6,6.4,91.2,97.6,50.8,49.2,16:45,13:41,15,31,0.7,251,39.4,stonemi01
799,Anton Strålman,31,TBL,D,80,1446,1366,51.4,-0.1,1101,1075,50.6,-1.2,10.7,92.0,102.7,54.6,45.4,21:29,18:18,31,29,6.4,240,54.6,stralan01
800,Mark Streit,40,MTL,D,2,29,19,60.4,6.8,25,17,59.5,8.0,0.0,80.0,80.0,76.5,23.5,14:13,12:08,0,0,0.3,4,75.0,streima01
801,Dylan Strome,20,ARI,C,21,252,283,47.1,3.6,183,204,47.3,4.6,7.6,95.7,103.4,59.6,40.4,12:57,11:24,12,2,0.2,64,46.9,stromdy01
802,Ryan Strome,24,EDM,C,82,999,967,50.8,-0.1,739,718,50.7,-0.9,6.9,92.2,99.2,55.6,44.4,15:13,12:22,41,45,-0.7,250,58.8,stromry01
803,P.K. Subban,28,NSH,D,82,1492,1422,51.2,0.2,1129,1069,51.4,0.4,9.3,92.8,102.1,42.5,57.5,24:07,18:23,44,97,-3.1,431,48.0,subbapk01
804,Oskar Sundqvist,23,STL,C,42,317,347,47.7,-5.3,248,250,49.8,-3.2,4.8,92.9,97.7,33.6,66.4,10:29,9:03,20,6,0.0,74,55.4,sundqos01
805,Andrej Šustr,27,TBL,D,44,532,512,51.0,1.4,374,400,48.3,-1.3,7.6,91.4,98.9,41.6,58.4,12:50,12:16,6,16,-2.2,94,47.9,sustran01
806,Ryan Suter,33,MIN,D,78,1519,1570,49.2,4.0,1153,1162,49.8,3.2,8.3,91.5,99.8,47.3,52.7,26:47,20:42,14,37,11.2,323,46.1,suterry01
807,Brandon Sutter,28,VAN,C/RW,61,651,859,43.1,-6.8,499,631,44.2,-5.3,8.8,94.1,102.9,22.6,77.4,17:19,14:00,29,14,-11.4,154,68.2,suttebr03
808,Evgeny Svechnikov,21,DET,LW,14,104,110,48.6,-1.4,80,85,48.5,-2.0,9.4,88.3,97.8,55.1,44.9,8:49,8:49,3,5,-0.2,26,57.7,svechev01
809,Jordan Szwarz,26,BOS,RW,12,95,116,45.0,-8.3,77,91,45.8,-7.5,6.7,85.2,91.9,49.3,50.7,11:31,10:29,3,1,1.1,23,82.6,szwarjo01
810,Brandon Tanev,26,WPG,LW,61,562,543,50.9,-0.3,413,383,51.9,0.5,8.4,94.0,102.5,41.2,58.8,12:40,10:37,20,14,5.8,135,58.5,tanevbr01
811,Chris Tanev,28,VAN,D,42,550,612,47.3,-1.8,409,470,46.5,-1.8,11.2,91.4,102.6,41.7,58.3,19:47,16:31,15,15,-5.0,51,60.8,tanevch01
812,Vladimir Tarasenko,26,STL,RW,80,1372,1164,54.1,3.9,1025,821,55.5,4.4,10.0,91.7,101.6,68.8,31.2,19:03,15:33,32,32,9.7,609,50.2,tarasvl01
813,Tomáš Tatar,27,TOT,C,82,1095,1068,50.6,2.4,839,806,51.0,2.5,7.7,89.5,97.2,52.3,47.7,16:16,13:60,45,45,-5.1,,,tatarto01
813,Tomáš Tatar,27,DET,C,62,839,816,50.7,3.2,656,610,51.8,3.7,8.0,90.1,98.1,52.0,48.0,16:44,14:26,36,33,-2.7,246,56.9,tatarto01
813,Tomáš Tatar,27,VEG,C,20,256,252,50.4,-0.1,183,196,48.3,-1.3,6.3,87.7,94.0,53.2,46.8,14:48,12:41,9,12,-2.4,71,47.9,tatarto01
814,John Tavares,27,NYI,C,82,1283,1315,49.4,2.6,948,1025,48.0,1.7,10.6,89.5,100.1,52.6,47.4,19:55,15:07,49,78,-6.2,448,57.6,tavarjo01
815,Matt Tennyson,27,BUF,D,15,202,232,46.5,-2.7,145,183,44.2,-6.1,8.3,87.0,95.3,48.4,51.6,17:58,15:32,1,6,-2.9,47,53.2,tennyma01
816,Teuvo Teräväinen,23,CAR,C,82,1215,916,57.0,3.2,895,727,55.2,2.3,9.6,90.1,99.7,61.0,39.0,16:53,14:12,47,33,7.9,352,52.6,teravte01
817,Troy Terry,20,ANA,C/RW,2,11,16,40.7,-3.4,7,12,36.8,-5.9,0.0,100.0,100.0,71.4,28.6,10:13,10:04,0,0,-0.2,3,100.0,terrytr01
818,Shea Theodore,22,VEG,D,61,1102,996,52.5,0.5,823,754,52.2,0.0,8.6,91.4,100.0,54.8,45.2,20:21,17:13,25,42,2.3,262,55.0,theodsh01
819,Nate Thompson,33,TOT,C,69,554,738,42.9,-6.8,419,513,45.0,-5.3,7.6,92.8,100.4,38.8,61.2,12:46,10:34,21,15,-9.6,,,thompna01
819,Nate Thompson,33,OTT,C,43,322,423,43.2,-5.8,244,287,46.0,-3.4,9.7,90.7,100.4,39.5,60.5,12:29,10:05,13,7,-5.3,54,51.9,thompna01
819,Nate Thompson,33,LAK,C,26,232,315,42.4,-8.4,175,226,43.6,-8.0,4.8,95.5,100.3,38.0,62.0,13:13,11:23,8,8,-4.3,54,46.3,thompna01
820,Tage Thompson,20,STL,C,41,429,436,49.6,-0.7,305,322,48.6,-3.4,4.5,91.0,95.5,49.1,50.9,11:55,10:49,20,11,-5.4,113,48.7,thompta01
821,Chris Thorburn,34,STL,RW,50,294,345,46.0,-6.5,212,250,45.9,-7.6,7.1,91.6,98.7,34.1,65.9,7:02,7:00,5,6,-2.5,55,63.6,thorbch01
822,Joe Thornton*,38,SJS,C,47,776,650,54.4,3.4,545,453,54.6,3.3,7.8,88.0,95.7,57.1,42.9,18:21,14:35,33,55,-0.6,132,56.8,thornjo01
823,Chris Tierney,23,SJS,C,82,1074,1109,49.2,-2.4,817,806,50.3,-2.1,7.8,91.1,98.9,50.4,49.6,15:60,13:22,50,55,-2.3,186,62.9,tiernch01
824,Owen Tippett,18,FLA,RW,7,57,73,43.8,-3.3,44,60,42.3,-4.7,3.1,85.7,88.8,47.1,52.9,11:07,9:20,2,2,-1.8,31,54.8,tippeow01
825,Matthew Tkachuk,20,CGY,LW,68,1154,845,57.7,6.4,859,651,56.9,6.2,7.4,90.4,97.7,45.7,54.3,17:15,14:16,32,34,7.8,309,60.8,tkachma01
826,Jonathan Toews,29,CHI,C,74,1395,1063,56.8,5.3,950,826,53.5,3.2,7.6,91.1,98.7,57.3,42.7,19:41,14:51,53,42,9.6,341,61.9,toewsjo01
827,Tyler Toffoli,25,LAK,C,82,1199,1127,51.5,2.1,899,868,50.9,1.4,8.8,92.2,101.0,57.9,42.1,16:07,13:43,26,36,0.3,439,56.9,toffoty01
828,Eeli Tolvanen,18,NSH,RW,3,22,36,37.9,-18.7,15,30,33.3,-24.9,0.0,100.0,100.0,45.0,55.0,12:07,11:21,0,1,-0.2,6,50.0,tolvaee01
829,Dominic Toninato,23,COL,C,37,242,257,48.5,1.0,172,183,48.5,1.5,5.8,95.0,100.8,51.0,49.0,7:54,7:39,3,4,1.6,51,49.0,tonindo01
830,Vincent Trocheck,24,FLA,C,82,1375,1406,49.4,0.2,1080,1080,50.0,-0.1,8.3,90.8,99.1,42.5,57.5,21:21,15:55,65,84,-5.3,494,58.1,trochvi01
831,Zach Trotman,27,PIT,D,3,34,29,54.0,-0.8,23,21,52.3,-1.4,0.0,82.4,82.4,58.3,41.7,12:47,11:41,0,0,-0.3,10,60.0,trotmza01
832,Jacob Trouba,23,WPG,D,55,997,980,50.4,0.3,750,701,51.7,1.1,9.5,91.4,100.9,48.0,52.0,21:54,17:54,28,54,7.7,277,52.0,troubja01
833,Alex Tuch,21,VEG,RW,78,1028,951,51.9,0.8,760,702,52.0,0.9,7.7,92.1,99.8,55.0,45.0,15:14,12:40,57,29,4.6,302,56.6,tuchal01
834,Dominic Turgeon,21,DET,C,5,20,36,35.7,-14.0,13,27,32.5,-18.7,0.0,88.9,88.9,56.3,43.8,9:14,7:17,3,2,-1.3,5,60.0,turgedo01
835,Kyle Turris,28,TOT,C,76,1226,1042,54.1,5.3,919,764,54.6,5.2,8.3,94.0,102.3,64.2,35.8,16:36,14:11,38,33,10.9,,,turriky01
835,Kyle Turris,28,NSH,C,65,1067,861,55.3,6.1,791,631,55.6,6.2,8.7,94.4,103.2,65.3,34.7,16:05,13:52,31,25,11.6,226,52.7,turriky01
835,Kyle Turris,28,OTT,C,11,159,181,46.8,1.5,128,133,49.0,0.3,5.6,92.2,97.7,59.5,40.5,19:42,16:05,7,8,-0.6,46,56.5,turriky01
836,Scottie Upshall,34,STL,LW,63,525,590,47.1,-5.1,397,414,49.0,-4.2,7.1,92.2,99.3,30.8,69.2,10:51,9:27,18,9,-0.3,120,59.2,upshasc01
837,Rinat Valiev,22,MTL,D,2,22,19,53.7,-5.2,17,15,53.1,-3.7,9.1,90.0,99.1,52.9,47.1,11:49,10:49,1,1,0.1,6,33.3,valieri01
838,Curtis Valk,24,FLA,LW,1,4,4,50.0,3.2,3,4,42.9,-5.6,0.0,100.0,100.0,100.0,0.0,3:25,3:25,0,0,-0.2,0,,valkcu01
839,James van Riemsdyk,28,TOR,LW,81,1138,907,55.6,7.4,816,699,53.9,6.7,8.7,91.5,100.2,62.7,37.3,14:53,12:30,30,38,12.1,431,57.5,vanrija01
840,Trevor van Riemsdyk,26,CAR,D,79,1304,1054,55.3,0.7,988,804,55.1,2.2,8.3,91.7,100.0,61.0,39.0,17:03,15:33,45,19,6.9,196,56.6,vanritr01
841,Thomas Vanek,34,TOT,LW,80,860,958,47.3,-1.7,657,717,47.8,-0.9,10.0,91.1,101.1,62.1,37.9,14:05,12:01,28,35,-0.9,,,vanekth01
841,Thomas Vanek,34,VAN,LW,61,616,736,45.6,-3.1,470,563,45.5,-2.8,8.7,90.8,99.4,60.9,39.1,13:58,11:49,21,23,-5.4,186,65.1,vanekth01
841,Thomas Vanek,34,CBJ,LW,19,244,222,52.4,2.3,187,154,54.8,4.6,13.6,92.4,106.0,66.2,33.8,14:28,12:39,7,12,4.5,80,58.8,vanekth01
842,Sami Vatanen,26,TOT,D,72,1173,1301,47.4,-1.2,897,989,47.6,-1.6,9.2,90.6,99.7,47.2,52.8,22:22,17:59,18,52,-8.3,,,vatansa01
842,Sami Vatanen,26,NJD,D,57,971,1023,48.7,-1.0,753,775,49.3,-1.2,9.1,90.5,99.7,48.2,51.8,22:42,18:30,16,32,-2.1,250,49.2,vatansa01
842,Sami Vatanen,26,ANA,D,15,202,278,42.1,-2.9,144,214,40.2,-4.4,9.3,90.6,99.8,41.9,58.1,21:06,16:04,2,20,-6.3,45,48.9,vatansa01
843,Frank Vatrano,23,TOT,LW,41,411,352,53.9,3.3,315,265,54.3,3.4,7.9,92.8,100.7,56.8,43.2,10:50,10:08,11,12,3.0,,,vatrafr01
843,Frank Vatrano,23,BOS,LW,25,217,167,56.5,5.1,171,132,56.4,5.0,4.5,92.2,96.7,66.9,33.1,9:28,8:47,5,7,2.1,68,61.8,vatrafr01
843,Frank Vatrano,23,FLA,LW,16,194,185,51.2,1.9,144,133,52.0,1.8,11.8,93.3,105.1,46.5,53.5,12:59,12:14,6,5,0.9,53,56.6,vatrafr01
844,Antoine Vermette,35,ANA,C,64,659,797,45.3,-2.9,490,600,45.0,-3.8,7.3,92.3,99.6,42.5,57.5,13:45,11:41,14,17,-4.7,141,64.5,vermean01
845,Kris Versteeg,31,CGY,RW,24,220,248,47.0,-5.8,161,181,47.1,-5.2,3.6,93.9,97.6,47.4,52.6,13:11,10:04,14,20,-2.3,88,55.7,verstkr01
846,Jimmy Vesey,24,NYR,LW,79,874,1055,45.3,-1.2,642,810,44.2,-2.8,8.7,90.9,99.6,51.2,48.8,14:20,12:41,46,46,-7.9,240,56.7,veseyji02
847,Jake Virtanen,21,VAN,RW,75,804,824,49.4,2.2,609,635,49.0,1.7,7.6,91.4,99.0,44.8,55.2,11:59,11:41,51,32,-7.3,245,53.1,virtaja01
848,Marc-Édouard Vlasic,30,SJS,D,81,1420,1513,48.4,-3.8,1046,1039,50.2,-2.4,9.6,91.1,100.7,42.2,57.8,22:33,18:30,20,55,0.7,337,47.8,vlasima01
849,Jakub Voráček,28,PHI,RW,82,1278,1258,50.4,1.5,967,952,50.4,0.9,9.9,92.3,102.2,50.4,49.6,19:27,15:53,33,65,5.6,412,55.3,voracja01
850,Jakub Vrána,21,WSH,LW,73,845,834,50.3,2.9,622,610,50.5,3.8,8.0,91.7,99.7,61.4,38.6,12:30,11:50,28,37,5.2,209,63.6,vranaja01
851,Radim Vrbata,36,FLA,RW,42,430,539,44.4,-5.2,334,414,44.7,-5.9,7.3,91.7,99.1,42.1,57.9,12:54,11:30,22,18,-6.6,144,61.1,vrbatra01
852,Chris Wagner,26,TOT,C,79,693,878,44.1,-4.8,513,652,44.0,-5.0,4.8,93.6,98.4,40.6,59.4,13:17,10:37,16,21,-12.7,,,wagnech01
852,Chris Wagner,26,ANA,C,64,577,695,45.4,-3.2,432,522,45.3,-3.5,4.8,93.6,98.3,43.2,56.8,13:27,10:32,12,17,-9.0,145,53.8,wagnech01
852,Chris Wagner,26,NYI,C,15,116,183,38.8,-11.6,81,130,38.4,-11.6,5.3,93.5,98.8,28.1,71.9,12:32,11:00,4,4,-3.6,30,50.0,wagnech01
853,Nathan Walker,23,TOT,C,9,58,72,44.6,-1.6,41,55,42.7,-2.5,13.0,91.7,104.7,43.2,56.8,9:27,8:47,0,1,-1.6,,,walkena01
853,Nathan Walker,23,WSH,C,7,41,44,48.2,4.1,28,38,42.4,1.4,17.6,92.3,110.0,41.7,58.3,9:12,8:41,0,0,-1.0,6,66.7,walkena01
853,Nathan Walker,23,EDM,C,2,17,28,37.8,-15.0,13,17,43.3,-16.5,0.0,90.0,90.0,50.0,50.0,10:20,9:07,0,1,-0.6,5,40.0,walkena01
854,Lucas Wallmark,22,CAR,C,11,99,87,53.2,-1.9,77,69,52.7,-1.1,3.2,87.8,90.9,64.6,35.4,9:30,9:07,4,4,1.0,26,61.5,wallmlu01
855,Joel Ward,37,SJS,RW,52,482,507,48.7,-2.6,341,354,49.1,-2.8,7.3,91.8,99.2,52.4,47.6,11:52,10:31,21,13,-3.4,82,48.8,wardjo02
856,David Warsofsky,27,COL,D,16,191,204,48.4,2.8,144,142,50.3,4.9,9.2,94.8,104.0,46.9,53.1,13:24,12:31,4,7,1.0,40,45.0,warsoda01
857,Austin Watson,26,NSH,LW,76,636,736,46.4,-6.1,469,514,47.7,-4.4,7.6,92.4,100.0,29.7,70.3,12:20,10:05,29,27,-7.1,170,56.5,watsoau01
858,Jordan Weal,25,PHI,C,69,717,723,49.8,0.4,532,528,50.2,0.2,7.4,90.4,97.8,50.2,49.8,12:57,11:25,19,15,1.0,180,56.7,wealjo01
859,Shea Weber*,32,MTL,D,26,558,476,54.0,1.4,411,346,54.3,3.3,5.4,89.1,94.6,52.7,47.3,25:21,18:22,7,31,4.1,163,46.0,webersh01
860,Yannick Weber,29,NSH,D,47,462,531,46.5,-6.2,345,398,46.4,-6.5,6.3,95.4,101.7,56.2,43.8,12:03,11:56,4,13,-3.4,82,48.8,weberya01
861,MacKenzie Weegar,24,FLA,D,60,795,745,51.6,3.7,602,532,53.1,4.3,5.4,95.2,100.6,56.3,43.7,14:34,13:53,25,53,2.1,133,43.6,weegama01
862,Dale Weise,29,PHI,RW,46,387,485,44.4,-4.4,274,359,43.3,-6.2,4.5,93.8,98.3,55.3,44.7,10:34,10:09,13,8,-5.7,69,63.8,weiseda01
863,Andy Welinski,24,ANA,D,7,71,107,39.9,-14.3,52,81,39.1,-15.1,5.7,95.1,100.8,49.2,50.8,16:10,14:03,1,5,-2.5,14,42.9,welinan01
864,Alexander Wennberg,23,CBJ,C,66,1001,862,53.7,2.6,780,640,54.9,3.2,10.6,91.6,102.2,61.1,38.9,18:08,14:27,36,15,9.6,127,58.3,wennbal01
865,Zach Werenski,20,CBJ,D,77,1617,1353,54.4,4.4,1251,1009,55.4,4.2,7.9,91.8,99.7,60.8,39.2,22:35,19:19,32,42,11.5,383,54.0,werenza01
866,Blake Wheeler,31,WPG,RW,81,1269,1265,50.1,-1.7,982,929,51.4,-0.2,9.3,92.2,101.5,55.1,44.9,20:15,15:49,34,55,10.5,410,60.0,wheelbl01
867,Colin White,21,OTT,C,21,221,284,43.8,-2.1,159,208,43.3,-1.9,10.3,93.6,103.9,50.6,49.4,13:21,12:39,7,12,-3.9,42,57.1,whiteco02
868,Zach Whitecloud,21,VEG,D,1,15,14,51.7,3.4,14,12,53.8,7.8,27.3,100.0,127.3,100.0,0.0,16:42,16:42,0,0,0.3,1,0.0,whiteza01
869,Chris Wideman,28,OTT,D,16,151,134,53.0,7.0,123,104,54.2,5.6,10.8,95.6,106.3,58.8,41.2,11:33,9:23,0,9,2.3,45,53.3,widemch01
870,Justin Williams,36,CAR,RW,82,1297,1039,55.5,1.3,938,796,54.1,0.9,8.2,90.3,98.5,55.3,44.7,16:35,14:27,46,85,1.8,357,55.5,williju01
871,Colin Wilson,28,COL,C,56,552,608,47.6,0.2,424,451,48.5,1.8,6.3,92.9,99.2,51.2,48.8,13:08,11:01,11,13,-0.8,109,68.8,wilsoco01
872,Scott Wilson,25,TOT,C/LW,69,665,779,46.1,-2.0,516,596,46.4,-1.8,6.6,89.7,96.3,47.2,52.8,12:12,10:57,14,14,-8.0,,,wilsosc01
872,Scott Wilson,25,BUF,C/LW,49,537,633,45.9,-1.9,416,481,46.4,-1.3,7.0,89.4,96.3,47.6,52.4,13:58,12:22,11,14,-7.1,136,62.5,wilsosc01
872,Scott Wilson,25,DET,C/LW,17,99,120,45.2,-3.7,76,94,44.7,-5.0,6.5,92.3,98.8,45.0,55.0,7:28,7:19,2,0,-0.3,18,55.6,wilsosc01
872,Scott Wilson,25,PIT,C/LW,3,29,26,52.7,6.3,24,21,53.3,6.0,0.0,86.7,86.7,46.7,53.3,10:27,8:05,1,0,-0.5,4,75.0,wilsosc01
873,Tom Wilson,23,WSH,RW,78,1107,1088,50.4,3.1,801,844,48.7,1.4,11.1,91.2,102.3,59.2,40.8,15:59,14:11,40,44,-4.3,234,52.6,wilsoto01
874,Tommy Wingels,29,TOT,C,75,703,708,49.8,-4.9,520,511,50.4,-2.5,6.4,90.0,96.4,44.6,55.4,11:29,9:56,21,19,1.5,,,wingeto01
874,Tommy Wingels,29,CHI,C,57,535,544,49.6,-4.9,388,386,50.1,-1.8,5.2,90.6,95.7,45.9,54.1,11:21,9:46,16,16,0.9,113,59.3,wingeto01
874,Tommy Wingels,29,BOS,C,18,168,164,50.6,-4.9,132,125,51.4,-4.8,10.6,88.1,98.7,40.4,59.6,11:55,10:29,5,3,0.6,36,52.8,wingeto01
875,Daniel Winnik,32,MIN,C/LW,81,753,933,44.7,-3.1,564,672,45.6,-3.1,9.6,92.1,101.7,46.3,53.7,13:34,11:43,23,10,-2.3,151,54.3,winnida01
876,Luke Witkowski,27,DET,D,31,153,214,41.7,-8.1,117,154,43.2,-6.0,7.1,93.5,100.6,53.6,46.4,6:53,6:49,2,7,-2.6,28,57.1,witkolu01
877,Christian Wolanin,22,OTT,D,10,133,117,53.2,5.4,104,89,53.9,6.8,6.5,86.2,92.6,64.6,35.4,14:39,13:10,3,5,0.5,20,70.0,wolanch01
878,Miles Wood,22,NJD,LW,76,853,855,49.9,1.7,661,645,50.6,2.0,7.9,91.2,99.1,44.7,55.3,12:28,11:25,24,36,2.3,261,65.1,woodmi01
879,Nail Yakupov,24,COL,RW,58,448,486,48.0,0.0,325,369,46.8,-0.7,10.5,92.5,103.1,54.2,45.8,10:50,8:54,17,16,-0.8,163,57.7,yakupna01
880,Kailer Yamamoto,19,EDM,RW,9,159,108,59.6,5.3,105,69,60.3,5.8,3.8,92.9,96.7,61.3,38.7,15:10,13:11,5,8,2.5,41,56.1,yamamka01
881,Keith Yandle,31,FLA,D,82,1549,1633,48.7,-1.0,1225,1276,49.0,-1.8,9.3,91.7,101.0,41.6,58.4,24:29,18:49,42,129,-6.0,360,49.7,yandlke01
882,Pavel Zacha,20,NJD,C,69,775,809,48.9,0.5,616,600,50.7,1.9,7.2,92.1,99.3,50.3,49.7,14:22,11:57,37,34,2.0,191,58.6,zachapa01
883,Nikita Zadorov,22,COL,D,77,1253,1394,47.3,-0.7,912,1045,46.6,-1.2,9.7,92.0,101.7,43.4,56.6,19:28,17:12,13,36,-3.5,238,39.5,zadorni01
884,Nikita Zaitsev,26,TOR,D,60,1066,1178,47.5,-4.1,768,914,45.7,-4.7,11.0,92.2,103.2,45.6,54.4,22:13,18:54,21,76,-1.3,166,32.5,zaitsni01
885,Travis Zajac,32,NJD,C,63,738,849,46.5,-4.0,567,633,47.3,-4.1,6.7,91.5,98.2,38.1,61.9,17:53,13:36,42,15,-2.4,151,59.6,zajactr01
886,Henrik Zetterberg,37,DET,C,82,1274,1243,50.6,2.7,975,948,50.7,2.0,7.6,92.4,99.9,54.8,45.2,19:30,16:51,51,57,5.6,332,54.2,zettehe01
887,Mika Zibanejad,24,NYR,C,72,1046,977,51.7,7.4,804,721,52.7,8.6,6.9,88.2,95.1,53.0,47.0,17:58,13:49,49,63,6.1,367,57.8,zibanmi01
888,Mats Zuccarello,30,NYR,LW,80,1090,1244,46.7,0.7,843,907,48.2,2.5,8.8,91.0,99.8,51.2,48.8,18:55,15:03,69,58,-4.6,291,61.2,zuccama01
889,Jason Zucker,26,MIN,LW,82,1137,1134,50.1,4.3,869,826,51.3,4.7,9.4,90.8,100.2,44.1,55.9,16:58,14:11,54,37,16.0,338,65.7,zuckeja01
890,Valentin Zykov,22,CAR,LW,10,132,90,59.5,5.1,98,71,58.0,5.4,11.8,93.0,104.7,69.5,30.5,13:42,12:45,5,4,1.2,28,64.3,zykovva01