,,,,,,Corsi (EV),Corsi (EV),Corsi (EV),Corsi (EV),Fenwick (EV),Fenwick (EV),Fenwick (EV),Fenwick (EV),PDO (),PDO (),,Zone Starts (EV),Zone Starts (EV),,,,,,,,-additional
Rk,Player,Age,Tm,Pos,GP,CF,CA,CF%,CF% rel,FF,FA,FF%,FF% rel,oiSH%,oiSV%,PDO,oZS%,dZS%,TOI/60,TOI(EV),TK,GV,E+/-,SAtt.,Thru%,-9999
1,Wyatt Aamodt,27,COL,D,2,23,37,38.3,-15.0,18,21,46.2,-10.3,10.0,100.0,110.0,20.0,80.0,17:07,16:16,1,3,0.1,6,50.0,aamodwy01
2,Rodrigo Abols,29,PHI,C,22,191,199,49.0,0.3,137,135,50.4,0.3,8.3,84.7,93.0,61.2,38.8,9:11,9:09,4,14,-1.4,48,52.1,abolsro01
3,Noel Acciari,33,PIT,C,79,729,957,43.2,-8.9,506,658,43.5,-7.6,6.8,88.6,95.4,20.3,79.7,13:46,11:20,14,33,-11.9,151,49.7,acciano01
4,Jack Ahcan,27,COL,D,2,30,32,48.4,-0.9,22,19,53.7,0.1,11.1,93.3,104.4,26.7,73.3,15:48,14:40,0,3,0.2,3,33.3,ahcanja01
5,Sebastian Aho,27,CAR,F,79,1519,968,61.1,2.8,1094,721,60.3,3.3,10.8,85.8,96.7,63.8,36.2,20:06,14:49,23,93,9.1,447,46.3,ahose01
6,Alexander Alexeyev,25,WSH,D,8,116,123,48.5,3.3,96,80,54.5,10.6,9.0,92.6,101.5,39.5,60.5,16:04,15:29,2,7,2.6,15,46.7,alexeal01
7,Nolan Allan,21,CHI,D,43,465,656,41.5,-5.5,319,478,40.0,-6.4,9.1,89.3,98.4,42.0,58.0,15:08,14:07,8,22,-10.7,64,26.6,allanno01
8,Michael Amadio,28,OTT,C,72,877,955,47.9,-2.4,613,657,48.3,-2.5,10.4,93.2,103.6,35.9,64.1,14:06,13:13,24,36,-3.6,165,51.5,amadimi01
9,Nils Åman,24,VAN,C,19,171,182,48.4,-2.5,119,143,45.4,-5.6,9.7,89.7,99.4,48.9,51.1,10:29,10:13,3,3,-0.1,20,40.0,amanni01
10,Joey Anderson,26,CHI,RW,18,153,223,40.7,-4.1,95,158,37.5,-8.5,4.5,95.6,100.1,29.4,70.6,12:24,10:53,8,4,-3.1,31,54.8,anderjo08
11,Josh Anderson,30,MTL,RW,81,931,1122,45.3,-2.5,634,789,44.6,-3.5,10.9,90.7,101.7,40.9,59.1,14:19,12:30,17,36,-3.3,210,51.9,anderjo05
12,Michael Anderson,25,LAK,D,77,1402,1381,50.4,-4.5,991,949,51.1,-4.0,9.2,93.1,102.3,42.0,58.0,22:41,19:27,22,57,-2.1,248,33.9,andermi02
13,Jaret Anderson-Dolan,25,WPG,C,7,65,54,54.6,3.1,51,35,59.3,8.6,8.8,100.0,108.8,41.4,58.6,9:56,9:55,1,2,1.7,12,66.7,anderja01
14,Rasmus Andersson,28,CGY,D,81,1687,1750,49.1,-3.9,1206,1239,49.3,-3.0,6.9,88.9,95.9,50.1,49.9,23:59,19:26,30,107,-8.9,378,43.1,anderra01
15,Emil Andrae,22,PHI,D,42,603,563,51.7,5.9,440,394,52.8,4.2,8.6,88.6,97.2,55.9,44.1,17:21,15:43,16,44,3.1,127,40.9,andraem01
16,Mason Appleton,29,WPG,C,71,956,993,49.1,-0.5,698,731,48.8,-1.6,8.2,93.7,101.9,29.5,70.5,14:50,13:51,15,38,-1.3,186,58.1,applema01
17,Joel Armia,31,MTL,RW,81,749,928,44.7,-3.5,495,648,43.3,-5.1,10.9,89.7,100.5,29.8,70.2,14:18,11:00,19,48,-11.9,232,44.8,armiajo01
18,Viktor Arvidsson,31,EDM,LW,67,1046,842,55.4,0.9,769,599,56.2,1.5,7.3,90.2,97.5,53.8,46.2,14:60,13:40,15,67,9.7,301,52.5,arvidvi01
19,Rasmus Asplund,27,FLA,F,6,48,33,59.3,7.4,39,22,63.9,10.3,0.0,89.5,89.5,55.6,44.4,7:56,7:42,4,2,0.7,3,66.7,asplura01
20,Zach Aston-Reese,30,CBJ,C,79,865,997,46.5,-2.5,604,680,47.0,-2.1,7.7,89.5,97.2,40.2,59.8,13:27,12:11,11,42,-2.0,192,52.6,astonza01
21,Andreas Athanasiou,30,CHI,C,8,55,100,35.5,-9.8,45,72,38.5,-8.2,12.5,87.8,100.3,35.7,64.3,10:02,9:56,2,2,-0.4,15,53.3,athanan01
22,Cam Atkinson,35,TBL,RW,39,268,331,44.7,-5.5,200,242,45.2,-3.9,9.9,89.0,98.9,52.7,47.3,8:60,8:21,3,12,-3.9,68,69.1,atkinca01
23,Nicolas Aubé-Kubel,28,TOT,RW,22,182,183,49.9,-2.4,120,127,48.6,-2.0,5.8,88.8,94.5,31.7,68.3,9:25,9:23,9,12,-3.0,42,42.9,aubekni01
23,Nicolas Aubé-Kubel,28,BUF,RW,19,159,147,52.0,-0.5,103,99,51.0,0.1,6.6,87.5,94.1,29.4,70.6,9:32,9:30,8,11,-1.5,38,47.4,aubekni01
23,Nicolas Aubé-Kubel,28,NYR,RW,3,23,36,39.0,-12.0,17,28,37.8,-10.8,0.0,93.8,93.8,42.9,57.1,8:44,8:40,1,1,-1.5,4,0.0,aubekni01
24,Oskar Back,24,DAL,C,73,673,644,51.1,2.3,429,454,48.6,0.5,7.0,93.8,100.8,38.7,61.3,11:42,10:10,12,54,-2.2,97,45.4,backos01
25,Mikael Backlund,35,CGY,C,76,1197,1104,52.0,1.2,848,759,52.8,2.6,8.3,91.8,100.2,37.4,62.6,18:44,14:39,35,68,-0.3,348,50.3,backlmi01
26,Kevin Bahl,24,CGY,D,73,1387,1445,49.0,-4.1,991,1016,49.4,-3.2,8.4,90.7,99.1,47.3,52.7,21:23,18:47,24,85,-10.7,219,37.4,bahlke01
27,Arshdeep Bains,24,VAN,F,13,119,133,47.2,-1.5,83,95,46.6,-3.2,5.8,87.9,93.6,53.9,46.1,10:30,9:45,1,4,-2.9,16,50.0,bainsar01
28,Uvis Balinskis,28,FLA,D,76,1036,818,55.9,0.0,732,604,54.8,-0.3,6.9,90.4,97.3,60.1,39.9,14:51,13:27,23,49,12.0,198,46.5,balinuv01
29,Ivan Barbashev,29,VEG,C,70,1130,1160,49.3,-1.4,813,829,49.5,-1.6,12.8,92.0,104.8,59.1,40.9,16:48,15:52,18,78,7.1,231,48.1,barbaiv01
30,Aleksander Barkov,29,FLA,C,67,1301,838,60.8,6.5,919,611,60.1,6.3,8.7,88.6,97.3,58.4,41.6,20:15,15:27,34,52,14.7,302,49.3,barkoal01
31,Alex Barré-Boulet,27,MTL,F,2,15,22,40.5,4.4,8,16,33.3,-2.5,0.0,84.6,84.6,50.0,50.0,10:10,7:07,1,0,-0.8,1,0.0,barreal01
32,Tyson Barrie,33,CGY,D,13,190,199,48.8,-4.3,131,139,48.5,-5.9,4.8,88.9,93.7,57.1,42.9,15:48,13:59,2,11,-1.7,40,47.5,barrity01
33,Justin Barron,23,TOT,D,62,992,929,51.6,4.2,682,638,51.7,4.4,8.0,87.4,95.5,57.1,42.9,17:26,16:14,14,54,-2.6,172,42.4,barroju01
33,Justin Barron,23,NSH,D,45,789,686,53.5,3.9,545,476,53.4,4.1,8.4,86.1,94.5,58.7,41.3,18:27,17:19,10,46,0.5,140,40.7,barroju01
33,Justin Barron,23,MTL,D,17,203,243,45.5,3.6,137,162,45.8,3.7,6.5,91.3,97.8,48.9,51.1,14:43,13:22,4,8,-3.1,32,50.0,barroju01
34,Morgan Barron,26,WPG,C,74,598,578,50.9,1.1,433,405,51.7,1.3,7.4,94.0,101.4,28.9,71.1,10:23,9:07,23,31,3.4,170,54.7,barromo01
35,Mathew Barzal,27,NYI,C,30,662,465,58.7,9.6,467,319,59.4,10.4,10.3,91.3,101.6,56.4,43.6,20:21,17:28,10,36,11.1,171,45.6,barzama01
36,Nathan Bastian,27,NJD,RW,59,463,499,48.1,-3.8,306,366,45.5,-5.5,6.3,92.8,99.0,41.7,58.3,10:56,10:05,2,24,-3.6,84,52.4,bastina01
37,Drake Batherson,26,OTT,C,82,1256,1231,50.5,0.7,912,876,51.0,0.9,8.0,90.4,98.3,51.0,49.0,18:09,14:51,23,52,1.0,354,54.2,bathedr01
38,Jake Bean,26,CGY,D,64,999,879,53.2,2.1,670,653,50.6,-0.8,6.8,93.4,100.2,61.6,38.4,15:05,14:40,27,46,-2.0,170,41.8,beanja01
39,Anthony Beauvillier,27,TOT,LW,81,1039,962,51.9,1.0,722,687,51.2,1.0,9.1,91.5,100.6,48.3,51.7,12:52,12:29,15,29,3.4,265,56.2,beauvan01
39,Anthony Beauvillier,27,PIT,LW,63,815,757,51.8,1.0,564,546,50.8,0.7,9.0,90.9,99.9,51.3,48.7,13:00,12:32,15,21,1.6,213,56.3,beauvan01
39,Anthony Beauvillier,27,WSH,LW,18,224,205,52.2,1.3,158,141,52.8,2.2,9.4,93.8,103.1,37.9,62.1,12:25,12:22,0,8,1.8,52,55.8,beauvan01
40,Owen Beck,20,MTL,C,12,116,120,49.2,2.0,79,78,50.3,3.3,3.6,90.7,94.3,60.3,39.7,9:59,9:59,1,11,1.2,18,55.6,beckow01
41,Connor Bedard,19,CHI,C,82,1267,1622,43.9,-0.5,898,1201,42.8,-1.2,10.0,88.6,98.6,57.9,42.1,20:17,17:36,26,90,-13.8,402,48.5,bedarco01
42,John Beecher,23,BOS,C,78,595,767,43.7,-5.5,429,511,45.6,-2.5,8.6,90.1,98.7,17.7,82.3,11:17,9:42,14,49,-8.6,98,44.9,beechjo01
43,Kieffer Bellows,26,NSH,LW,19,157,170,48.0,-3.4,105,121,46.5,-5.8,2.6,89.3,92.0,36.6,63.4,10:40,10:05,3,10,0.2,57,49.1,belloki01
44,Emil Bemström,25,PIT,C,14,101,73,58.0,10.8,65,51,56.0,9.8,2.2,96.8,98.9,50.9,49.1,8:20,8:02,1,5,0.6,25,52.0,bemstem01
45,Matty Beniers,22,SEA,C,82,1277,1282,49.9,2.4,910,921,49.7,1.9,10.4,89.9,100.3,49.9,50.1,18:41,15:45,28,72,-3.3,322,45.7,beniema01
46,Jamie Benn,35,DAL,LW,80,983,1107,47.0,-3.3,673,803,45.6,-3.7,11.7,90.6,102.3,48.9,51.1,15:18,12:23,13,58,2.0,255,53.3,bennja01
47,Sam Bennett,28,FLA,C,76,1360,1081,55.7,-0.1,992,826,54.6,-0.3,8.5,88.1,96.6,59.3,40.7,17:27,15:01,27,57,13.2,422,57.1,bennesa01
48,Matt Benning,30,SJS,D,7,72,111,39.3,-8.0,54,84,39.1,-8.9,2.6,88.2,90.8,55.1,44.9,13:02,12:03,1,4,-0.9,15,46.7,bennima01
49,Simon Benoit,26,TOR,D,78,899,1225,42.3,-6.7,665,852,43.8,-5.7,10.3,93.3,103.6,35.3,64.7,16:33,14:27,16,70,-8.2,102,47.1,benoisi01
50,Zach Benson,19,BUF,LW,75,1009,805,55.6,8.0,701,600,53.9,6.1,9.7,88.0,97.7,51.9,48.1,14:49,12:31,19,41,3.7,212,56.6,bensoza01
51,Brett Berard,22,NYR,LW,35,338,391,46.4,-4.0,242,271,47.2,-2.3,8.1,89.2,97.3,49.7,50.3,10:43,10:37,7,18,-4.4,108,54.6,berarbr02
52,Jonatan Berggren,24,DET,RW,75,776,915,45.9,-2.6,551,662,45.4,-2.9,7.4,91.1,98.6,50.2,49.8,12:59,12:09,11,31,-5.7,183,48.1,berggjo02
53,Jacob Bernard-Docker,24,TOT,D,40,493,502,49.5,1.4,353,342,50.8,2.8,11.0,90.0,101.0,53.5,46.5,13:37,13:29,3,22,0.4,94,34.0,bernaja01
53,Jacob Bernard-Docker,24,OTT,D,25,290,285,50.4,0.9,205,193,51.5,1.3,11.2,89.2,100.4,51.9,48.1,13:06,12:60,1,9,-2.3,55,32.7,bernaja01
53,Jacob Bernard-Docker,24,BUF,D,15,203,217,48.3,2.7,148,149,49.8,5.4,10.8,91.1,101.9,55.6,44.4,14:28,14:19,2,13,2.8,39,35.9,bernaja01
54,Tyler Bertuzzi,29,CHI,LW,82,931,1132,45.1,1.3,637,843,43.0,-0.7,9.7,86.3,96.0,49.2,50.8,16:00,13:31,20,53,-12.3,246,53.3,bertuty01
55,Lian Bichsel,20,DAL,D,38,494,497,49.8,3.5,338,362,48.3,2.6,11.5,89.8,101.3,53.7,46.3,14:53,14:22,4,22,-1.3,100,39.0,bichsli01
56,Clark Bishop,28,CGY,C,6,31,44,41.3,-11.5,23,36,39.0,-14.4,5.9,87.0,92.8,57.9,42.1,7:15,6:47,1,2,-0.2,4,100.0,bishocl01
57,Oliver Bjorkstrand,29,TOT,RW,79,1018,949,51.8,3.9,722,665,52.1,4.3,10.3,90.1,100.4,52.4,47.6,15:09,12:52,26,65,-1.8,303,50.8,bjorkol01
57,Oliver Bjorkstrand,29,SEA,RW,61,821,793,50.9,4.0,587,558,51.3,4.4,10.2,89.3,99.5,53.9,46.1,15:28,13:10,21,56,-3.0,244,50.8,bjorkol01
57,Oliver Bjorkstrand,29,TBL,RW,18,197,156,55.8,4.6,135,107,55.8,5.0,10.8,93.5,104.3,47.3,52.7,14:03,11:48,5,9,1.2,59,50.8,bjorkol01
58,Tobias Björnfot,23,FLA,D,14,188,150,55.6,-2.3,138,104,57.0,1.0,8.0,84.9,92.9,56.2,43.8,13:06,12:35,1,6,2.8,28,35.7,bjornto01
59,Nick Bjugstad,32,UTA,C,66,770,725,51.5,-1.5,563,519,52.0,-1.0,8.0,90.8,98.8,48.8,51.2,12:19,11:35,12,39,2.3,204,56.4,bjugsni01
60,Colin Blackwell,31,DAL,C,63,575,547,51.2,1.1,381,384,49.8,0.7,8.7,92.0,100.7,41.4,58.6,11:34,9:37,15,34,-0.1,129,48.8,blackco01
61,Jackson Blake,21,CAR,RW,80,1119,697,61.6,3.2,774,501,60.7,3.5,8.0,90.8,98.8,61.1,38.9,13:51,11:45,20,54,15.8,248,57.7,blakeja02
62,Nick Blankenburg,26,NSH,D,60,949,942,50.2,-1.7,663,703,48.5,-3.2,9.7,90.7,100.4,47.2,52.8,19:33,16:08,21,50,0.5,193,43.5,blankni01
63,Teddy Blueger,30,VAN,C,82,892,985,47.5,-2.2,636,693,47.9,-1.2,9.6,90.0,99.7,40.8,59.2,14:19,12:09,22,50,-10.6,186,50.5,bluegte01
64,Matěj Blümel,24,DAL,RW,7,42,52,44.7,-2.6,31,38,44.9,-2.0,4.2,92.3,96.5,25.7,74.3,8:26,8:23,1,2,0.1,15,66.7,blumema01
65,Brock Boeser,27,VAN,RW,75,1073,1103,49.3,0.1,755,799,48.6,-0.3,10.1,86.8,96.9,58.2,41.8,18:10,14:54,18,37,1.0,321,45.2,boesebr01
66,Zach Bogosian,34,MIN,D,81,998,1199,45.4,-2.8,730,877,45.4,-3.5,9.3,91.4,100.7,40.8,59.2,15:48,14:00,22,68,-5.0,198,39.9,bogosza01
67,Samuel Bolduc,24,NYI,D,1,7,2,77.8,25.1,4,1,80.0,29.3,0.0,0.0,0.0,100.0,0.0,5:56,5:56,0,0,0.0,1,0.0,boldusa01
68,Zachary Bolduc,21,STL,C,72,750,705,51.5,3.0,515,485,51.5,2.7,11.6,93.0,104.6,52.7,47.3,12:48,11:30,17,59,8.5,245,49.0,bolduza01
69,Matt Boldy,23,MIN,LW,82,1389,1349,50.7,4.9,1023,941,52.1,6.2,10.5,89.6,100.1,48.0,52.0,20:17,16:43,43,84,6.8,551,49.4,boldyma01
70,Adam Boqvist,24,TOT,D,35,446,418,51.6,-0.4,319,301,51.5,0.5,8.5,88.1,96.5,61.7,38.3,14:04,11:59,4,21,3.1,105,38.1,boqviad01
70,Adam Boqvist,24,FLA,D,18,224,202,52.6,-0.7,151,147,50.7,-1.0,7.8,89.4,97.3,63.0,37.0,12:51,10:48,4,8,1.7,53,39.6,boqviad01
70,Adam Boqvist,24,NYI,D,17,222,216,50.7,-0.1,168,154,52.2,1.9,9.1,86.6,95.7,60.6,39.4,15:22,13:14,0,13,1.4,52,36.5,boqviad01
71,Jesper Boqvist,26,FLA,C,78,876,842,51.0,-6.2,604,636,48.7,-7.8,8.7,90.2,98.9,56.6,43.4,13:15,11:52,18,33,-0.4,167,52.1,boqvije01
72,Thomas Bordeleau,23,SJS,C,1,5,9,35.7,-7.0,4,6,40.0,-3.8,0.0,100.0,100.0,25.0,75.0,10:38,10:02,0,1,0.1,1,100.0,bordeth01
73,William Borgen,28,TOT,D,84,1185,1382,46.2,-3.5,842,974,46.4,-3.5,10.2,89.4,99.6,41.3,58.7,17:05,15:43,22,73,-12.9,211,38.4,borgewi01
73,William Borgen,28,NYR,D,51,785,889,46.9,-3.1,563,639,46.8,-3.3,11.2,90.5,101.7,35.3,64.7,18:18,16:56,16,53,-6.9,128,44.5,borgewi01
73,William Borgen,28,SEA,D,33,400,493,44.8,-4.3,279,335,45.4,-4.1,8.0,87.1,95.1,53.1,46.9,15:12,13:50,6,20,-6.0,83,28.9,borgewi01
74,Robert Bortuzzo,35,UTA,D,17,148,133,52.7,0.9,109,88,55.3,3.9,4.3,91.5,95.9,62.0,38.0,10:57,9:31,0,18,2.0,18,44.4,borturo01
75,Evan Bouchard,25,EDM,D,82,1997,1330,60.0,9.9,1450,993,59.4,8.3,9.2,88.8,98.0,61.9,38.1,23:28,19:57,55,128,27.3,544,43.2,bouchev01
76,Mavrik Bourque,23,DAL,C,73,825,743,52.6,3.5,540,547,49.7,1.1,10.1,91.5,101.6,43.0,57.0,12:41,11:28,12,39,4.4,165,48.5,bourqma01
77,Shane Bowers,25,NJD,C,4,24,27,47.1,-10.6,19,20,48.7,-12.2,10.0,86.7,96.7,75.0,25.0,8:15,8:08,1,1,-0.6,2,100.0,bowersh01
78,Travis Boyd,31,MIN,C,3,12,39,23.5,-24.5,6,23,20.7,-28.0,0.0,100.0,100.0,11.1,88.9,7:48,7:19,0,2,-0.2,3,0.0,boydtr01
79,Chase Bradley,23,COL,LW,2,8,8,50.0,-12.2,4,3,57.1,-6.1,0.0,100.0,100.0,0.0,100.0,5:35,5:35,0,0,-0.2,2,0.0,bradlch01
80,Erik Brännström,25,VAN,D,28,340,357,48.8,0.2,238,254,48.4,-0.5,9.0,88.9,97.9,66.5,33.5,14:56,13:55,6,26,-1.0,81,40.7,branner01
81,Jesper Bratt,26,NJD,W,81,1372,1144,54.5,4.5,936,844,52.6,3.3,11.2,88.6,99.8,69.1,30.9,18:57,14:33,11,62,7.2,391,46.0,brattje01
82,Justin Brazeau,26,TOT,F,76,759,822,48.0,-1.5,533,595,47.3,-2.4,7.0,91.9,99.0,46.5,53.5,11:52,10:39,14,43,-1.0,158,56.3,brazeju01
82,Justin Brazeau,26,BOS,F,57,626,643,49.3,0.3,427,475,47.3,-1.6,7.5,91.9,99.4,48.3,51.7,12:58,11:26,10,33,0.5,138,56.5,brazeju01
82,Justin Brazeau,26,MIN,F,19,133,179,42.6,-8.0,106,120,46.9,-4.6,4.8,92.2,97.0,39.3,60.7,8:33,8:21,4,10,-1.6,20,55.0,brazeju01
83,Skyler Brind'Amour,25,CAR,C,2,27,30,47.4,-12.6,18,20,47.4,-10.4,11.1,71.4,82.5,69.2,30.8,16:35,13:03,0,4,-0.4,5,20.0,brindsk01
84,Bobby Brink,23,PHI,RW,79,885,919,49.1,1.3,643,639,50.2,-0.1,11.6,86.9,98.5,41.6,58.4,14:50,12:50,21,58,1.6,213,49.3,brinkbo01
85,Guillaume Brisebois,27,VAN,D,3,37,43,46.3,-7.2,25,31,44.6,-10.5,6.3,95.0,101.3,71.4,28.6,15:48,15:38,1,0,-1.2,6,33.3,brisegu01
86,Brendan Brisson,23,VEG,C,9,69,95,42.1,-1.8,51,72,41.5,-4.4,9.4,88.9,98.3,40.7,59.3,9:52,9:52,1,1,-1.6,18,38.9,brissbr01
87,Philip Broberg,23,STL,D,68,1167,1281,47.7,-1.7,831,899,48.0,-1.4,10.5,93.7,104.2,46.8,53.2,20:30,18:40,22,103,7.0,238,40.8,brobeph01
88,T.J. Brodie,34,CHI,D,54,681,814,45.6,1.6,476,600,44.2,0.4,7.7,89.6,97.2,48.0,52.0,15:38,15:07,14,46,-12.3,77,29.9,broditj01
89,Jonas Brodin,31,MIN,D,50,972,1034,48.5,1.4,685,679,50.2,3.3,11.4,90.5,101.8,49.7,50.3,22:57,21:03,21,53,0.1,178,39.9,brodijo01
90,Jonny Brodzinski,31,NYR,C,51,497,587,45.8,-3.7,353,437,44.7,-4.8,9.9,94.8,104.7,39.3,60.7,11:41,10:58,11,26,-8.4,139,52.5,brodzjo01
91,Connor Brown,31,EDM,RW,82,903,956,48.6,-7.1,654,675,49.2,-6.7,9.4,92.3,101.7,42.0,58.0,14:01,12:15,26,55,1.1,212,58.0,brownco02
92,Josh Brown,31,EDM,D,10,92,122,43.0,-9.9,65,88,42.5,-11.3,6.4,91.8,98.2,50.6,49.4,12:37,11:09,0,3,-0.9,18,50.0,brownjo01
93,Patrick Brown,32,BOS,C,15,103,150,40.7,-7.5,60,93,39.2,-7.4,5.1,94.3,99.4,17.7,82.3,10:34,9:40,3,10,-5.6,22,50.0,brownpa02
94,Frederic Brunet,21,BOS,D,1,6,16,27.3,-17.9,4,10,28.6,-22.6,0.0,83.3,83.3,40.0,60.0,14:23,13:32,1,0,-0.7,4,50.0,brunefr01
95,Jacob Bryson,27,BUF,D,48,551,648,46.0,-4.9,390,473,45.2,-5.0,11.3,87.2,98.5,40.2,59.8,14:24,13:26,8,33,-8.1,54,37.0,brysoja01
96,Hunter Brzustewicz,20,CGY,D,1,24,18,57.1,14.0,20,14,58.8,19.3,13.3,100.0,113.3,63.6,36.4,18:23,18:23,1,1,0.6,2,100.0,brzushu01
97,Pavel Buchnevich,29,STL,LW,76,1171,1183,49.7,1.6,839,844,49.9,1.6,12.9,89.4,102.2,55.1,44.9,19:02,15:41,15,70,5.2,295,49.2,buchnpa01
98,Michael Bunting,29,TOT,LW,76,1091,967,53.0,3.6,757,683,52.6,4.0,8.6,87.8,96.4,59.9,40.1,15:32,13:30,13,58,2.3,313,49.5,buntimi01
98,Michael Bunting,29,PIT,LW,58,786,724,52.1,2.0,539,511,51.3,1.9,8.5,87.7,96.3,61.1,38.9,15:15,12:59,10,38,1.2,231,47.6,buntimi01
98,Michael Bunting,29,NSH,LW,18,305,243,55.7,8.7,218,172,55.9,10.3,8.8,87.8,96.7,56.9,43.1,16:27,15:11,3,20,1.1,82,54.9,buntimi01
99,André Burakovsky,29,SEA,LW,79,991,1069,48.1,0.1,709,783,47.5,-0.8,10.0,89.4,99.5,51.5,48.5,14:25,12:49,18,38,-2.6,219,52.5,burakan01
100,Callahan Burke,27,VEG,C,7,61,86,41.5,-6.2,44,62,41.5,-4.8,11.8,94.6,106.4,72.7,27.3,10:50,10:47,0,3,-0.7,17,70.6,burkeca01
101,Brent Burns,39,CAR,D/RW,82,1714,1258,57.7,-2.1,1211,915,57.0,-1.5,10.6,87.9,98.5,54.2,45.8,20:57,16:53,36,104,6.1,461,37.7,burnsbr01
102,Kyle Burroughs,29,LAK,D,33,240,211,53.2,0.2,163,154,51.4,-2.4,12.3,90.5,102.7,54.3,45.7,7:49,7:27,3,19,0.9,28,21.4,burroky01
103,Quinton Byfield,22,LAK,C,81,1321,1071,55.2,2.8,920,757,54.9,1.5,11.8,89.7,101.5,53.3,46.7,18:37,15:03,24,68,2.9,353,44.8,byfiequ01
104,Bowen Byram,23,BUF,D,82,1547,1592,49.3,-0.9,1130,1153,49.5,0.1,12.2,88.8,101.0,52.2,47.8,22:42,19:45,15,84,-5.8,209,45.0,byrambo01
105,Drake Caggiula,30,EDM,LW,7,37,61,37.8,-16.0,21,36,36.8,-17.1,12.5,93.1,105.6,66.7,33.3,7:18,7:18,0,3,-1.6,9,66.7,caggidr01
106,Luca Cagnoni,20,SJS,D,6,75,94,44.4,0.3,50,69,42.0,-2.5,3.4,90.2,93.7,66.0,34.0,17:39,14:43,2,5,-0.8,23,30.4,cagnolu01
107,Michael Callahan,25,BOS,D,17,203,260,43.8,-5.5,145,199,42.2,-6.7,9.4,89.1,98.5,26.0,74.0,14:09,13:12,1,11,-2.3,29,31.0,callami02
108,Kyle Capobianco,27,DAL,D,1,6,7,46.2,-2.3,4,5,44.4,-5.6,0.0,33.3,33.3,33.3,66.7,11:23,10:50,1,0,-0.2,1,0.0,capobky01
109,Michael Carcone,28,UTA,F,53,613,532,53.5,0.4,427,368,53.7,0.5,9.9,86.9,96.8,51.4,48.6,11:26,10:41,6,38,0.8,181,41.4,carcomi01
110,Ethan Cardwell,22,SJS,RW,6,58,81,41.7,1.2,35,54,39.3,-3.1,9.5,89.2,98.7,45.5,54.5,11:32,10:26,1,5,-1.0,11,45.5,cardwet01
111,Declan Carlile,24,TBL,D,3,37,32,53.6,-1.8,31,26,54.4,-1.9,11.1,100.0,111.1,60.0,40.0,13:00,13:00,0,3,-0.2,8,37.5,carlide01
112,Brandon Carlo,28,TOT,D,83,1157,1436,44.6,-3.9,849,1010,45.7,-2.4,9.7,91.5,101.2,32.0,68.0,18:54,16:16,21,107,-4.8,202,38.1,carlobr01
112,Brandon Carlo,28,BOS,D,63,864,1035,45.5,-4.6,616,731,45.7,-3.6,9.3,91.2,100.6,28.5,71.5,18:48,15:55,14,82,-8.1,160,40.0,carlobr01
112,Brandon Carlo,28,TOR,D,20,293,401,42.2,-1.2,233,279,45.5,1.4,10.7,92.4,103.1,41.9,58.1,19:13,17:22,7,25,3.3,42,31.0,carlobr01
113,John Carlson,35,WSH,D,79,1538,1329,53.6,5.0,1120,938,54.4,5.0,11.3,88.7,100.0,52.5,47.5,23:34,17:43,36,112,15.9,393,42.5,carlsjo01
114,Leo Carlsson,20,ANA,C,76,990,1104,47.3,2.6,707,786,47.4,2.6,9.9,92.1,101.9,52.3,47.7,16:14,13:18,18,51,-8.9,227,50.2,carlsle01
115,Lucas Carlsson,27,SJS,D,13,219,277,44.2,-2.7,148,196,43.0,-3.7,11.2,89.3,100.5,52.1,47.9,19:22,17:01,6,6,-2.2,40,37.5,carlslu01
116,Sam Carrick,32,NYR,C,80,731,885,45.2,-4.9,527,611,46.3,-3.6,8.5,93.5,102.0,22.3,77.7,11:56,10:45,16,52,-8.7,164,51.2,carrisa01
117,Alexandre Carrier,28,TOT,D,79,1308,1525,46.2,-5.2,911,1077,45.8,-4.9,10.4,89.3,99.6,39.1,60.9,20:35,18:26,22,64,-13.0,182,45.1,carrial01
117,Alexandre Carrier,28,MTL,D,51,869,1027,45.8,-3.5,605,715,45.8,-3.6,11.8,89.9,101.6,35.0,65.0,20:50,19:06,9,38,-4.9,125,47.2,carrial01
117,Alexandre Carrier,28,NSH,D,28,439,498,46.9,-8.1,306,362,45.8,-7.1,7.4,88.2,95.6,48.7,51.3,20:08,17:15,13,26,-8.1,57,40.4,carrial01
118,William Carrier,30,CAR,LW,43,585,391,59.9,1.4,407,283,59.0,1.3,8.8,88.3,97.1,54.2,45.8,11:44,11:22,11,19,2.1,114,42.1,carriwi01
119,Seamus Casey,21,NJD,D,14,135,177,43.3,-6.4,100,129,43.7,-5.9,12.3,93.8,106.1,67.0,33.0,12:39,11:31,2,16,0.7,28,42.9,caseyse01
120,Noah Cates,25,PHI,LW,78,920,961,48.9,0.6,666,661,50.2,-0.4,11.3,90.1,101.5,37.2,62.8,15:53,13:20,21,32,2.8,214,51.4,catesno01
121,Cole Caufield,24,MTL,RW,82,1304,1243,51.2,5.6,948,879,51.9,6.7,11.3,90.0,101.3,59.9,40.1,18:05,14:58,23,56,-0.7,431,55.5,caufico01
122,Cody Ceci,31,TOT,D,85,1376,1852,42.6,-4.7,973,1345,42.0,-4.2,11.9,91.7,103.6,41.9,58.1,21:13,18:38,23,77,-26.2,220,40.9,cecico01
122,Cody Ceci,31,SJS,D,54,872,1182,42.5,-4.6,626,854,42.3,-3.8,9.7,90.8,100.5,46.0,54.0,21:46,18:44,16,53,-20.0,135,44.4,cecico01
122,Cody Ceci,31,DAL,D,31,504,670,42.9,-5.0,347,491,41.4,-4.8,16.1,93.2,109.2,35.7,64.3,20:14,18:26,7,24,-6.2,85,35.3,cecico01
123,Macklin Celebrini,18,SJS,F,70,1214,1202,50.2,6.9,869,840,50.8,7.8,8.9,86.3,95.1,54.8,45.2,19:47,16:28,29,113,0.0,457,51.6,celebma01
124,Erik Černák,27,TBL,D,76,1087,1200,47.5,-4.4,774,836,48.1,-3.2,12.8,92.9,105.7,38.0,62.0,18:16,15:53,20,41,2.4,183,35.0,cernaer01
125,Thomas Chabot,28,OTT,D,80,1698,1496,53.2,5.3,1181,1060,52.7,3.8,9.7,91.1,100.8,55.4,44.6,23:01,19:10,31,99,5.5,447,40.0,chaboth01
126,Mitchell Chaffee,27,TBL,F,66,559,702,44.3,-7.1,395,514,43.5,-7.7,10.5,92.2,102.8,47.4,52.6,12:02,10:53,10,29,-9.6,121,56.2,chaffmi01
127,Jalen Chatfield,28,CAR,D,79,1528,1083,58.5,-0.7,1087,810,57.3,-1.0,10.0,91.0,101.0,53.6,46.4,18:53,17:02,26,82,3.9,301,37.9,chatfja01
128,Ben Chiarot,33,DET,D,81,1379,1779,43.7,-6.6,973,1264,43.5,-7.0,9.2,90.9,100.1,43.5,56.5,21:14,19:22,26,86,-13.6,261,41.8,chiarbe01
129,Nikita Chibrikov,21,WPG,RW,4,34,55,38.2,-6.5,27,37,42.2,-3.3,11.1,96.2,107.3,64.3,35.7,11:24,10:35,1,3,0.2,10,60.0,chibrni01
130,Egor Chinakhov,23,CBJ,RW,30,476,411,53.7,1.3,353,313,53.0,0.4,7.2,89.2,96.4,59.5,40.5,15:43,13:38,4,18,1.0,140,48.6,chinaye01
131,Declan Chisholm,25,MIN,D,66,1016,1000,50.4,4.4,730,715,50.5,4.2,7.3,91.5,98.9,47.6,52.4,16:60,15:57,27,83,1.4,161,42.9,chishde01
132,Dennis Cholowski,26,TOT,D,39,383,471,44.8,-4.3,284,326,46.6,-3.3,9.4,89.9,99.3,57.6,42.4,13:04,11:48,8,38,-1.5,75,40.0,cholode01
132,Dennis Cholowski,26,NYI,D,33,325,398,45.0,-3.2,242,271,47.2,-1.9,10.3,91.0,101.3,54.7,45.3,12:48,11:26,8,33,-1.1,61,42.6,cholode01
132,Dennis Cholowski,26,NJD,D,6,58,73,44.3,-11.0,42,55,43.3,-12.0,3.7,83.3,87.0,72.7,27.3,14:36,13:49,0,5,-0.4,14,28.6,cholode01
133,Jake Christiansen,25,CBJ,D,68,723,913,44.2,-4.3,526,647,44.8,-4.4,10.8,91.9,102.7,45.9,54.1,12:32,12:05,8,51,-5.9,135,43.0,chrisja01
134,Jakob Chychrun,26,WSH,D,74,1464,1300,53.0,3.4,1015,931,52.2,0.8,12.5,90.2,102.7,58.5,41.5,21:04,18:42,35,80,2.8,458,39.1,chychja01
135,Filip Chytil,25,TOT,C,56,784,749,51.1,2.4,576,559,50.7,1.4,8.0,90.1,98.1,61.8,38.2,14:58,13:26,15,36,-1.8,255,52.2,chytifi01
135,Filip Chytil,25,NYR,C,41,547,551,49.8,0.7,402,416,49.1,-0.3,9.5,92.1,101.6,61.1,38.9,14:20,13:06,8,25,-3.1,177,50.3,chytifi01
135,Filip Chytil,25,VAN,C,15,237,198,54.5,6.8,174,143,54.9,5.6,4.5,84.2,88.7,63.5,36.5,16:42,14:20,7,11,1.3,78,56.4,chytifi01
136,Anthony Cirelli,27,TBL,C,80,1394,1124,55.4,6.9,975,806,54.7,6.2,12.5,89.7,102.2,43.7,56.3,18:41,15:20,21,66,21.2,292,55.1,cirelan01
137,Casey Cizikas,33,NYI,C,82,929,953,49.4,-0.3,663,666,49.9,-0.5,6.9,89.7,96.6,43.2,56.8,13:02,12:07,18,42,-2.3,197,49.2,cizikca01
138,Brandt Clarke,21,LAK,D,78,1251,1064,54.0,1.6,903,746,54.8,1.6,10.6,89.9,100.5,59.6,40.4,16:17,14:28,24,63,7.6,269,48.7,clarkbr02
139,Connor Clifton,29,BUF,D,73,855,1033,45.3,-6.3,607,752,44.7,-6.3,11.2,89.5,100.7,35.2,64.8,16:03,13:18,26,67,-13.5,179,35.2,cliftco01
140,Nathan Clurman,26,PIT,D,1,19,7,73.1,30.1,15,5,75.0,29.5,0.0,100.0,100.0,50.0,50.0,11:05,11:05,0,0,1.0,4,100.0,clurmna01
141,Dylan Coghlan,26,WPG,D,6,83,96,46.4,-1.6,65,68,48.9,-2.8,7.7,94.9,102.6,41.7,58.3,15:21,14:32,2,8,0.4,23,39.1,coghldy01
142,Sam Colangelo,23,ANA,RW,32,323,452,41.7,-6.9,239,338,41.4,-6.2,13.5,89.6,103.1,47.4,52.6,12:29,11:16,1,17,-3.7,88,46.6,colansa01
143,Ian Cole,35,UTA,D,82,1483,1394,51.5,-2.2,1071,962,52.7,-0.6,8.5,90.6,99.1,49.3,50.7,20:17,17:22,25,118,-1.0,189,34.9,coleia01
144,Blake Coleman,33,CGY,C,82,1297,1135,53.3,2.7,900,770,53.9,3.9,8.2,90.7,98.9,40.7,59.3,17:41,14:15,31,78,1.0,382,50.8,colembl01
145,Ross Colton,28,COL,C,61,838,726,53.6,-1.2,578,497,53.8,-0.6,8.2,91.1,99.3,51.0,49.0,14:25,12:44,15,47,6.5,253,49.4,coltoro01
146,J.T. Compher,29,DET,LW,76,845,1143,42.5,-7.5,607,803,43.0,-6.9,9.9,91.5,101.5,46.5,53.5,16:41,13:40,17,49,-9.9,167,58.7,comphj.01
147,Lucas Condotta,27,MTL,F,7,49,50,49.5,-4.6,28,34,45.2,-7.4,13.3,84.0,97.3,40.7,59.3,8:12,7:55,0,2,-1.0,10,50.0,condolu01
148,Kyle Connor,28,WPG,LW,82,1369,1444,48.7,-1.9,989,1049,48.5,-3.2,13.2,90.4,103.6,64.9,35.1,20:24,16:45,33,80,4.8,484,55.2,connoky01
149,Logan Cooley,20,UTA,C,75,1128,1077,51.2,-2.2,783,744,51.3,-2.2,12.1,88.3,100.4,62.6,37.4,17:52,14:22,24,66,3.7,293,53.9,coolelo01
150,Andrew Copp,30,DET,C,56,647,737,46.7,-0.9,467,523,47.2,0.8,10.6,91.5,102.1,50.6,49.4,14:42,13:13,18,37,-2.5,119,57.1,coppan01
151,Matthew Coronato,22,CGY,RW,77,1277,1158,52.4,1.2,903,799,53.1,2.7,8.8,91.4,100.3,46.7,53.3,17:35,15:05,23,48,-5.9,375,48.0,coronma01
152,Paul Cotter,25,NJD,C,79,883,861,50.6,-1.0,612,630,49.3,-1.4,7.6,88.7,96.3,45.4,54.6,13:05,12:34,17,39,-1.6,202,44.6,cottepa01
153,Nick Cousins,31,OTT,C,50,572,540,51.4,-0.7,391,377,50.9,-2.0,8.7,90.3,99.0,41.0,59.0,11:54,11:47,5,23,-0.5,124,54.8,cousini01
154,Sean Couturier,32,PHI,C,79,1263,1221,50.8,3.5,909,825,52.4,2.9,11.0,88.3,99.3,51.7,48.3,17:18,15:19,28,78,11.9,258,60.1,coutuse01
155,Charlie Coyle,32,TOT,C/RW,83,1089,1152,48.6,-2.3,750,799,48.4,-2.3,10.1,89.4,99.6,39.8,60.2,16:59,13:11,42,54,-0.6,223,51.6,coylech01
155,Charlie Coyle,32,BOS,C/RW,64,851,943,47.4,-1.9,570,656,46.5,-2.5,8.8,89.4,98.1,36.8,63.2,17:38,13:36,38,42,-1.6,187,49.2,coylech01
155,Charlie Coyle,32,COL,C/RW,19,238,209,53.2,-2.3,180,143,55.7,-0.4,14.8,89.7,104.5,51.3,48.7,14:48,11:46,4,12,1.0,36,63.9,coylech01
156,Dylan Cozens,23,TOT,C,82,1169,1169,50.0,-0.3,835,869,49.0,-1.5,10.5,87.3,97.7,52.8,47.2,17:04,14:02,15,68,-3.6,332,56.6,cozendy01
156,Dylan Cozens,23,BUF,C,61,910,859,51.4,1.0,641,647,49.8,-0.9,10.6,86.6,97.2,54.2,45.8,17:13,14:17,13,56,-1.3,253,54.9,cozendy01
156,Dylan Cozens,23,OTT,C,21,259,310,45.5,-4.3,194,222,46.6,-3.3,10.1,89.0,99.0,47.9,52.1,16:37,13:20,2,12,-2.3,79,62.0,cozendy01
157,Louis Crevier,23,CHI,D,32,368,529,41.0,-2.0,257,382,40.2,-1.8,11.2,90.0,101.2,34.5,65.5,17:17,15:44,4,30,-7.7,72,38.9,crevilo01
158,Angus Crookshank,25,OTT,LW,8,79,54,59.4,11.6,46,34,57.5,10.2,9.4,84.6,94.0,64.7,35.3,9:50,9:47,0,6,0.5,21,42.9,crookan01
159,Sidney Crosby,37,PIT,C,80,1542,1411,52.2,3.4,1121,1050,51.6,3.6,11.6,85.8,97.4,60.6,39.4,20:22,17:09,29,86,0.7,415,54.7,crosbsi01
160,Cameron Crotty,25,MIN,D,1,5,2,71.4,0.2,5,2,71.4,-4.0,0.0,50.0,50.0,0.0,100.0,5:08,5:08,0,0,0.4,0,,crottca01
161,Lawson Crouse,27,UTA,LW,81,980,874,52.9,0.0,695,615,53.1,0.2,7.2,91.6,98.9,48.3,51.7,13:44,11:57,16,59,5.4,241,52.3,crousla01
162,Maxwell Crozier,24,TBL,D,5,84,77,52.2,1.3,60,62,49.2,-4.9,7.9,92.5,100.4,39.6,60.4,16:41,16:36,0,6,0.7,20,45.0,crozima01
163,William Cuylle,22,NYR,LW,82,1055,1098,49.0,0.0,768,786,49.4,0.8,11.7,90.0,101.7,51.3,48.7,15:05,13:15,9,48,-3.8,275,55.3,cuyllwi01
164,Colton Dach,22,CHI,C,25,221,318,41.0,-0.5,162,239,40.4,-0.2,11.5,90.4,102.0,49.7,50.3,12:08,11:28,13,12,-5.6,47,57.4,dachco01
165,Kirby Dach,24,MTL,C/RW,57,658,810,44.8,-4.9,469,565,45.4,-3.9,7.8,87.5,95.4,63.4,36.6,15:40,13:09,10,39,-5.0,155,54.2,dachki01
166,Evgenii Dadonov,35,DAL,RW,80,952,1042,47.7,-2.3,665,757,46.8,-2.1,12.6,89.0,101.6,49.5,50.5,13:32,12:32,9,66,2.0,234,52.6,dadonev01
167,Rasmus Dahlin,24,BUF,D,73,1675,1371,55.0,8.7,1181,992,54.3,8.1,10.7,89.1,99.8,55.4,44.6,24:14,20:22,39,105,8.9,433,46.2,dahlira01
168,Phillip Danault,31,LAK,C,80,1284,1012,55.9,3.9,936,702,57.1,4.9,10.4,90.7,101.1,48.8,51.2,17:40,14:26,25,86,5.3,239,51.0,danauph01
169,Justin Danforth,31,CBJ,RW/C,61,708,791,47.2,-2.8,491,547,47.3,-2.7,8.9,90.2,99.1,39.3,60.7,14:23,12:20,8,26,-3.7,140,67.1,danfoju01
170,Calvin de Haan,33,TOT,D,47,652,634,50.7,-2.8,460,420,52.3,-0.7,8.9,88.6,97.6,34.1,65.9,14:58,14:01,7,35,-1.8,146,34.9,dehaaca01
170,Calvin de Haan,33,COL,D,44,605,591,50.6,-3.5,423,394,51.8,-1.8,8.4,87.8,96.2,31.3,68.7,14:55,13:57,5,35,-2.1,135,35.6,dehaaca01
170,Calvin de Haan,33,NYR,D,3,47,43,52.2,7.6,37,26,58.7,14.4,14.3,100.0,114.3,76.5,23.5,15:51,14:47,2,0,0.3,11,27.3,dehaaca01
171,Tony DeAngelo,29,NYI,D,35,805,748,51.8,3.4,576,521,52.5,2.9,8.4,87.9,96.3,54.1,45.9,23:21,19:58,6,44,1.4,167,45.5,deangan01
172,Alex DeBrincat,27,DET,RW,82,1257,1207,51.0,4.7,924,870,51.5,5.4,9.0,88.8,97.7,55.2,44.8,17:52,14:51,29,71,4.9,456,53.5,debrial01
173,Jake DeBrusk,28,VAN,LW,82,1061,1138,48.2,-1.4,739,808,47.8,-1.4,11.4,86.7,98.1,50.6,49.4,16:39,14:00,13,47,6.2,304,56.3,debruja01
174,Luca Del Bel Belluz,21,CBJ,C,15,138,203,40.5,-2.5,101,131,43.5,-0.3,17.9,87.0,104.9,50.5,49.5,13:45,12:57,3,9,-0.3,30,60.0,delbelu01
175,Marc Del Gaizo,25,NSH,D,46,696,726,48.9,-1.9,489,492,49.8,0.2,8.5,90.8,99.2,45.0,55.0,16:45,15:47,19,38,1.0,158,48.1,delgama01
176,Ethan Del Mastro,22,CHI,D,24,341,378,47.4,5.4,232,277,45.6,4.8,9.4,90.9,100.2,46.0,54.0,18:19,18:00,6,25,-3.4,50,38.0,delmaet01
177,Ty Dellandrea,24,SJS,C,68,577,808,41.7,-5.9,384,574,40.1,-7.3,5.4,87.9,93.4,41.1,58.9,11:48,10:41,9,33,-11.7,117,42.7,dellaty01
178,Dylan DeMelo,31,WPG,D,82,1516,1520,49.9,0.0,1129,1095,50.8,0.2,11.0,92.7,103.7,57.5,42.5,21:32,19:20,29,89,8.0,193,38.9,demeldy01
179,Ivan Demidov,19,MTL,RW,2,24,30,44.4,2.3,19,23,45.2,0.9,25.0,91.7,116.7,72.7,27.3,13:43,11:18,0,1,-0.2,10,50.0,demidiv01
180,Grigori Denisenko,24,VEG,LW,1,7,6,53.8,-0.9,3,5,37.5,-16.7,0.0,100.0,100.0,62.5,37.5,8:27,8:27,0,0,0.1,2,0.0,denisgr01
181,Travis Dermott,28,TOT,D,19,200,226,46.9,-3.6,135,159,45.9,-4.9,5.4,93.0,98.4,47.6,52.4,12:16,11:49,3,9,-1.6,24,33.3,dermotr01
181,Travis Dermott,28,EDM,D,10,111,132,45.7,-10.4,71,86,45.2,-10.8,4.1,92.2,96.3,49.3,50.7,13:05,12:44,1,6,-1.9,12,25.0,dermotr01
181,Travis Dermott,28,MIN,D,9,89,94,48.6,4.4,64,73,46.7,1.7,7.0,94.0,101.0,45.1,54.9,11:23,10:48,2,3,0.3,12,41.7,dermotr01
182,Vincent Desharnais,28,TOT,D,51,611,702,46.5,-4.2,416,483,46.3,-3.9,7.9,89.9,97.9,50.5,49.5,15:55,14:25,3,40,-5.1,92,30.4,deshavi01
182,Vincent Desharnais,28,VAN,D,34,413,467,46.9,-2.3,276,323,46.1,-3.1,8.1,90.0,98.1,52.0,48.0,15:58,14:41,3,30,-2.6,63,31.7,deshavi01
182,Vincent Desharnais,28,PIT,D,10,125,130,49.0,-6.5,90,88,50.6,-1.5,4.0,87.5,91.5,49.2,50.8,14:24,13:05,0,4,-0.8,25,28.0,deshavi01
182,Vincent Desharnais,28,SJS,D,7,73,105,41.0,-8.6,50,72,41.0,-10.9,13.8,92.3,106.1,44.9,55.1,17:49,15:01,0,6,-1.7,4,25.0,deshavi01
183,Nick DeSimone,30,UTA,D,20,292,261,52.8,-1.8,225,193,53.8,-1.6,7.5,94.5,102.0,56.6,43.4,15:35,15:12,5,25,4.6,49,49.0,desimni01
184,Nicolas Deslauriers,33,PHI,LW,31,212,210,50.2,3.3,148,143,50.9,3.3,9.0,84.1,93.1,52.4,47.6,7:38,7:37,1,9,-1.4,55,45.5,deslani01
185,Connor Dewar,25,TOT,C,48,379,466,44.9,-3.8,267,322,45.3,-3.5,7.3,92.2,99.6,30.8,69.2,11:33,9:57,6,36,-3.5,104,52.9,dewarco01
185,Connor Dewar,25,TOR,C,31,193,271,41.6,-7.9,136,186,42.2,-7.5,3.4,93.7,97.1,19.3,80.7,9:58,8:37,4,19,-2.4,53,52.8,dewarco01
185,Connor Dewar,25,PIT,C,17,186,195,48.8,2.0,131,136,49.1,2.1,11.7,90.5,102.2,42.5,57.5,14:27,12:23,2,17,-1.1,51,52.9,dewarco01
186,Phillip Di Giuseppe,31,VAN,LW,20,199,190,51.2,3.6,139,150,48.1,0.7,9.3,88.4,97.7,49.0,51.0,11:34,10:47,1,4,-1.5,38,60.5,digiuph01
187,Jason Dickinson,29,CHI,C,59,587,764,43.4,-1.6,388,551,41.3,-4.0,11.3,89.1,100.4,34.0,66.0,15:42,13:11,13,26,-11.2,150,37.3,dickija01
188,Brenden Dillon,34,NJD,D,82,1344,1337,50.1,-2.0,933,973,49.0,-2.2,10.7,90.3,101.0,56.1,43.9,18:35,15:52,8,74,-3.9,177,27.1,dillobr01
189,Cam Dineen,26,EDM,D,4,73,59,55.3,0.9,54,41,56.8,0.7,9.4,87.0,96.3,69.7,30.3,17:11,15:59,2,0,0.3,19,42.1,dineeca01
190,Josh Doan,22,UTA,RW,51,677,503,57.4,4.6,477,359,57.1,4.2,7.6,90.0,97.5,54.5,45.5,13:31,12:04,10,25,8.6,183,48.1,doanjo01
191,Noah Dobson,25,NYI,D,71,1480,1320,52.9,5.0,1057,927,53.3,5.0,9.1,88.3,97.4,54.4,45.6,23:16,19:34,36,108,10.2,437,44.9,dobsono01
192,Max Domi,29,TOR,LW,74,908,1011,47.3,-0.4,662,695,48.8,0.7,10.1,91.4,101.6,57.2,42.8,14:10,12:57,21,69,2.7,187,49.7,domima01
193,Ryan Donato,28,CHI,C,80,1028,1223,45.7,2.5,743,899,45.2,2.7,11.8,88.3,100.2,50.5,49.5,16:19,14:24,23,48,-8.5,336,54.2,donatry01
194,Pavel Dorofeyev,24,VEG,LW,82,1245,1061,54.0,4.2,936,756,55.3,5.2,9.1,88.7,97.8,62.8,37.2,16:32,14:21,24,55,15.4,436,58.3,dorofpa01
195,Karsen Dorwart,22,PHI,F,5,32,54,37.2,-8.2,23,38,37.7,-11.0,11.1,92.9,104.0,54.5,45.5,10:59,9:57,0,5,0.1,7,57.1,dorwaka01
196,Drew Doughty,35,LAK,D,30,638,615,50.9,-3.8,457,432,51.4,-4.1,11.3,92.3,103.6,54.1,45.9,24:08,20:02,7,48,-2.0,115,40.0,doughdr01
197,Nic Dowd,34,WSH,C,82,947,1044,47.6,-3.7,666,696,48.9,-3.0,11.0,90.5,101.6,14.3,85.7,15:11,12:34,32,51,-2.0,166,51.8,dowdni01
198,Justin Dowling,34,NJD,C,52,428,482,47.0,-5.8,314,338,48.2,-3.4,6.2,91.5,97.7,51.1,48.9,10:13,10:05,14,29,-4.7,86,39.5,dowliju01
199,Leon Draisaitl,29,EDM,C,71,1579,1106,58.8,8.0,1184,824,59.0,7.8,10.7,89.9,100.7,60.6,39.4,21:31,18:11,35,88,27.3,417,57.8,draisle01
200,Jonathan Drouin,29,COL,LW,43,813,541,60.0,6.3,564,399,58.6,4.9,11.7,85.9,97.6,63.5,36.5,18:11,15:05,15,35,4.8,113,49.6,drouijo01
201,Jack Drury,24,TOT,C,72,858,646,57.0,-0.9,603,436,58.0,0.9,8.0,90.4,98.4,47.1,52.9,12:55,10:40,12,34,1.4,193,48.2,druryja01
201,Jack Drury,24,CAR,C,39,459,295,60.9,1.2,329,215,60.5,2.0,8.0,90.5,98.6,56.3,43.8,12:53,10:14,4,19,1.7,119,50.4,druryja01
201,Jack Drury,24,COL,C,33,399,351,53.2,-2.6,274,221,55.4,-0.2,7.9,90.2,98.1,34.8,65.2,12:58,11:11,8,15,-0.3,74,44.6,druryja01
202,Jamie Drysdale,22,PHI,D,70,1182,1290,47.8,-0.9,852,864,49.7,-0.7,10.0,85.1,95.2,59.8,40.2,19:55,17:38,20,73,5.0,186,33.9,drysdja01
203,Pierre-Luc Dubois,26,WSH,LW,82,1337,1188,53.0,3.7,974,818,54.4,4.5,13.9,89.2,103.2,48.4,51.6,17:18,15:04,15,65,15.3,288,49.3,duboipi01
204,Matt Duchene,34,DAL,C,82,1257,1238,50.4,1.3,899,917,49.5,1.7,12.2,90.1,102.3,51.3,48.7,17:09,14:33,21,78,2.8,297,51.2,duchema01
205,Anthony Duclair,29,NYI,LW,44,604,632,48.9,-3.2,439,450,49.4,-3.2,6.6,88.7,95.3,50.6,49.4,15:03,13:19,9,43,-3.3,121,49.6,duclaan01
206,Walker Duehr,27,TOT,F,24,174,226,43.5,-9.2,124,153,44.8,-8.2,5.1,85.1,90.2,52.6,47.4,8:48,8:33,0,12,-2.6,33,45.5,duehrwa01
206,Walker Duehr,27,CGY,F,16,109,143,43.3,-12.2,74,98,43.0,-12.4,4.3,86.7,90.9,53.5,46.5,8:48,8:26,0,6,-1.9,22,40.9,duehrwa01
206,Walker Duehr,27,SJS,F,8,65,83,43.9,-3.4,50,55,47.6,-0.4,6.3,82.9,89.2,51.2,48.8,8:49,8:47,0,6,-0.7,11,54.5,duehrwa01
207,Brandon Duhaime,27,WSH,RW,82,823,898,47.8,-3.2,569,597,48.8,-3.0,9.1,91.8,100.9,15.2,84.8,13:21,11:05,12,38,-3.5,177,46.9,duhaibr01
208,Dylan Duke,21,TBL,LW,2,7,14,33.3,-2.1,3,12,20.0,-17.6,33.3,88.9,122.2,26.7,73.3,7:52,7:52,0,0,-0.8,1,100.0,dukedy01
209,Mathew Dumba,30,DAL,D,63,921,882,51.1,3.2,624,654,48.8,2.2,9.9,89.5,99.4,53.8,46.2,15:18,14:27,16,62,1.9,199,28.6,dumbama01
210,Brian Dumoulin,33,TOT,D,80,1204,1431,45.7,-1.7,843,1046,44.6,-2.7,10.2,91.7,101.8,43.3,56.7,19:33,17:20,28,53,-13.4,163,42.3,dumoubr01
210,Brian Dumoulin,33,ANA,D,61,907,1183,43.4,-3.2,644,864,42.7,-4.4,9.9,92.9,102.8,42.1,57.9,19:48,17:26,19,40,-12.5,135,42.2,dumoubr01
210,Brian Dumoulin,33,NJD,D,19,297,248,54.5,4.6,199,182,52.2,4.1,11.2,86.2,97.4,49.3,50.7,18:45,17:02,9,13,-0.9,28,42.9,dumoubr01
211,Vince Dunn,28,SEA,D,62,1319,1252,51.3,5.6,935,909,50.7,4.3,11.4,87.5,98.9,53.0,47.0,22:05,19:26,25,79,1.2,321,42.7,dunnvi02
212,Joshua Dunne,26,BUF,C,2,7,21,25.0,-21.8,6,16,27.3,-24.8,0.0,75.0,75.0,44.4,55.6,7:06,7:06,0,0,-1.8,4,25.0,dunnejo01
213,Riley Duran,23,BOS,C,2,25,7,78.1,23.1,19,6,76.0,19.4,0.0,83.3,83.3,50.0,50.0,12:44,12:09,0,1,0.3,8,62.5,duranri01
214,Sean Durzi,26,UTA,D,30,577,513,52.9,-1.1,411,352,53.9,0.0,11.2,89.2,100.5,55.9,44.1,20:39,18:07,11,46,6.1,131,29.8,durzise01
215,Christian Dvorak,28,MTL,C,82,954,1141,45.5,-2.4,643,788,44.9,-3.2,10.5,90.1,100.7,36.0,64.0,15:15,12:36,18,66,-3.3,221,47.1,dvorach01
216,Dalibor Dvorsky,19,STL,C,2,9,25,26.5,-17.9,6,20,23.1,-21.7,0.0,100.0,100.0,57.1,42.9,9:25,8:48,0,1,-1.1,2,100.0,dvorsda01
217,Jordan Eberle,34,SEA,RW,42,554,616,47.4,-2.5,397,427,48.2,-1.7,13.2,87.6,100.8,47.2,52.8,16:16,13:53,21,28,-0.6,130,50.8,eberljo01
218,Joel Edmundson,31,LAK,D,73,1347,1338,50.2,-4.1,975,942,50.9,-4.0,12.2,91.6,103.8,52.6,47.4,20:35,18:25,23,62,-5.4,241,37.8,edmunjo01
219,Adam Edstrom,24,NYR,C,51,378,460,45.1,-4.5,273,320,46.0,-3.4,8.4,90.7,99.1,24.8,75.2,9:16,9:11,7,19,-3.6,72,55.6,edstrad01
220,Simon Edvinsson,21,DET,D,78,1379,1477,48.3,0.6,992,1048,48.6,0.8,11.0,91.4,102.4,45.8,54.2,21:07,19:11,26,91,-1.3,215,40.0,edvinsi01
221,Nikolaj Ehlers,28,WPG,LW,69,985,863,53.3,4.7,734,612,54.5,5.4,11.8,90.3,102.1,63.9,36.1,15:48,13:14,16,52,10.0,365,47.7,ehlerni01
222,Jack Eichel,28,VEG,C,77,1321,1256,51.3,0.6,961,888,52.0,0.7,13.1,90.5,103.5,58.5,41.5,20:32,16:12,28,90,12.5,403,57.8,eicheja01
223,Aaron Ekblad,28,FLA,D,56,1223,964,55.9,1.1,897,725,55.3,1.6,8.7,91.1,99.8,52.9,47.1,23:31,18:23,23,57,9.0,291,36.4,ekblaaa01
224,Mattias Ekholm,34,EDM,D,65,1508,999,60.2,10.5,1076,735,59.4,8.6,9.5,87.5,97.0,61.2,38.8,22:12,19:07,35,83,23.0,328,43.6,ekholma01
225,William Eklund,22,SJS,LW,77,1294,1246,50.9,7.4,911,862,51.4,7.8,10.5,87.7,98.3,53.2,46.8,19:33,15:38,15,75,2.3,324,46.6,eklunwi01
226,Oliver Ekman-Larsson,33,TOR,D,77,1388,1439,49.1,2.4,1014,1052,49.1,1.2,10.3,91.5,101.8,54.7,45.3,21:04,18:33,28,95,2.9,288,41.0,ekmanol01
227,Lars Eller,35,TOT,C,80,923,861,51.7,0.7,651,605,51.8,0.7,8.4,89.9,98.2,45.1,54.9,13:17,11:56,16,50,-0.7,205,50.7,ellerla01
227,Lars Eller,35,WSH,C,63,716,623,53.5,3.1,500,435,53.5,2.5,7.9,90.6,98.5,48.4,51.6,12:27,11:36,14,38,1.2,153,50.3,ellerla01
227,Lars Eller,35,PIT,C,17,207,238,46.5,-7.0,151,170,47.0,-4.8,9.8,88.0,97.8,34.9,65.1,16:25,13:10,2,12,-1.9,52,51.9,ellerla01
228,Ty Emberson,24,EDM,D,76,890,925,49.0,-6.7,633,651,49.3,-6.8,9.2,89.6,98.8,47.9,52.1,15:07,13:07,32,47,-1.4,154,40.3,emberty01
229,Andreas Englund,29,TOT,D,35,357,397,47.3,-5.8,265,276,49.0,-3.9,6.9,87.6,94.6,34.0,66.0,13:16,12:43,6,23,-1.3,43,39.5,engluan01
229,Andreas Englund,29,NSH,D,24,260,307,45.9,-5.9,188,213,46.9,-4.6,7.1,87.0,94.2,30.2,69.8,14:36,13:57,5,15,-1.0,36,36.1,engluan01
229,Andreas Englund,29,LAK,D,11,97,90,51.9,-4.0,77,63,55.0,-0.7,6.4,89.7,96.1,48.8,51.2,10:21,10:03,1,8,-0.3,7,57.1,engluan01
230,Pierre Engvall,28,NYI,LW,62,701,657,51.6,2.6,500,442,53.1,3.4,7.1,89.3,96.4,47.7,52.3,11:49,11:44,7,36,-0.3,162,57.4,engvapi01
231,Joel Eriksson Ek,28,MIN,C/LW,46,717,666,51.8,5.8,521,478,52.2,5.9,10.4,92.3,102.7,44.0,56.0,19:46,14:56,14,34,2.2,217,64.5,eriksjo02
232,Luke Evangelista,22,NSH,RW,68,887,733,54.8,4.9,647,519,55.5,7.1,7.5,90.2,97.8,56.9,43.1,13:52,12:36,16,37,5.2,211,63.5,evanglu01
233,Jake Evans,28,MTL,C/RW,82,913,1057,46.3,-1.3,624,740,45.7,-2.0,11.3,88.8,100.1,28.8,71.2,15:33,12:41,15,62,-6.6,172,46.5,evansja02
234,Ryker Evans,23,SEA,D,73,1141,1301,46.7,-2.0,841,920,47.8,-0.5,9.4,89.1,98.5,50.1,49.9,19:29,17:50,12,73,-7.4,174,33.9,evansry01
235,Michael Eyssimont,28,TOT,C,77,770,706,52.2,2.7,550,506,52.1,2.4,7.8,91.9,99.6,47.3,52.7,10:37,10:32,12,33,6.2,252,56.3,eyssimi01
235,Michael Eyssimont,28,TBL,C,57,540,522,50.8,0.6,387,373,50.9,0.8,7.1,92.9,100.0,48.1,51.9,10:41,10:36,6,22,4.0,175,56.0,eyssimi01
235,Michael Eyssimont,28,SEA,C,20,230,184,55.6,8.4,163,133,55.1,6.8,9.3,88.8,98.0,44.6,55.4,10:26,10:22,6,11,2.2,77,57.1,eyssimi01
236,Robby Fabbri,29,ANA,C,44,605,810,42.8,-3.2,436,597,42.2,-4.3,8.2,92.8,101.0,43.6,56.4,16:12,14:09,14,30,-10.1,111,58.6,fabbrro01
237,Dante Fabbro,26,TOT,D,68,1364,1352,50.2,2.0,985,944,51.1,2.9,10.3,91.4,101.7,51.2,48.8,20:54,19:15,24,78,3.9,218,40.8,fabbrda01
237,Dante Fabbro,26,CBJ,D,62,1273,1269,50.1,2.4,916,877,51.1,3.4,10.9,91.7,102.6,50.9,49.1,21:39,19:53,23,66,3.3,204,40.2,fabbrda01
237,Dante Fabbro,26,NSH,D,6,91,83,52.3,-1.3,69,67,50.7,-2.0,3.8,86.5,90.3,56.9,43.1,13:06,12:40,1,12,0.7,14,50.0,fabbrda01
238,Brock Faber,22,MIN,D,78,1541,1800,46.1,-2.4,1085,1257,46.3,-3.1,8.6,91.9,100.5,49.0,51.0,25:32,21:15,29,109,-10.6,298,41.6,faberbr01
239,Radek Faksa,31,STL,C,70,649,743,46.6,-2.0,442,498,47.0,-1.5,9.4,91.2,100.5,28.8,71.2,13:01,11:35,13,32,-0.3,143,47.6,faksara01
240,Adam Fantilli,20,CBJ,C,82,1247,1329,48.4,-0.4,884,960,47.9,-1.4,11.9,89.8,101.7,60.3,39.7,17:29,15:37,23,89,-7.4,394,48.5,fantiad01
241,Joel Farabee,24,TOT,LW,81,1054,1065,49.7,-0.1,742,709,51.1,0.1,6.8,89.7,96.5,48.8,51.2,14:55,13:03,19,64,2.3,253,59.7,farabjo01
241,Joel Farabee,24,PHI,LW,50,628,683,47.9,-1.1,462,452,50.5,-0.5,8.2,88.4,96.5,49.2,50.8,15:12,13:32,15,45,0.4,161,61.5,farabjo01
241,Joel Farabee,24,CGY,LW,31,426,382,52.7,1.7,280,257,52.1,1.1,4.6,92.0,96.6,48.3,51.7,14:26,12:16,4,19,1.9,92,56.5,farabjo01
242,John Farinacci,23,BOS,C,1,10,11,47.6,9.5,9,6,60.0,19.5,16.7,100.0,116.7,0.0,100.0,10:58,10:03,0,0,-0.2,1,100.0,farinjo01
243,Hudson Fasching,29,NYI,RW,43,487,419,53.8,3.7,344,292,54.1,4.0,4.2,92.7,96.9,47.6,52.4,11:05,11:00,9,27,4.1,90,56.7,faschhu01
244,Justin Faulk,32,STL,D,78,1286,1451,47.0,-2.6,890,1016,46.7,-3.1,8.2,91.6,99.8,49.1,50.9,22:27,19:06,28,100,3.7,296,41.9,faulkju01
245,Martin Fehérváry,25,WSH,D,81,1251,1271,49.6,-1.4,886,859,50.8,-0.9,11.7,90.3,102.1,43.3,56.7,19:00,15:56,11,61,0.7,199,38.2,feherma01
246,Tye Felhaber,26,COL,F,5,29,24,54.7,4.0,21,17,55.3,5.4,0.0,85.7,85.7,66.7,33.3,5:31,5:29,1,0,0.4,4,50.0,felhaty01
247,Domenick Fensore,23,CAR,D,2,37,31,54.4,-2.8,31,22,58.5,6.1,4.5,92.3,96.9,62.5,37.5,19:04,16:31,0,1,0.7,8,62.5,fensodo01
248,Mario Ferraro,26,SJS,D,78,1352,1555,46.5,0.8,967,1118,46.4,0.4,8.7,89.1,97.8,41.7,58.3,21:24,18:38,37,77,-8.6,205,38.5,ferrama01
249,Kevin Fiala,28,LAK,LW,81,1427,1058,57.4,6.3,1028,732,58.4,6.9,8.4,88.4,96.8,53.3,46.7,18:31,15:27,30,88,9.5,517,47.2,fialake01
250,Jack Finley,22,TBL,C,1,7,4,63.6,-1.4,6,3,66.7,0.4,20.0,100.0,120.0,100.0,0.0,8:25,8:25,0,1,0.0,1,100.0,finleja01
251,Christian Fischer,27,TOT,RW,46,367,495,42.6,-4.8,241,349,40.8,-5.7,7.0,92.2,99.2,39.8,60.2,11:07,10:24,4,15,-5.4,66,47.0,fischch01
251,Christian Fischer,27,DET,RW,45,360,484,42.7,-4.5,236,340,41.0,-5.4,7.1,92.4,99.6,40.3,59.7,11:09,10:25,4,14,-4.8,65,47.7,fischch01
251,Christian Fischer,27,CBJ,RW,1,7,11,38.9,-22.0,5,9,35.7,-21.7,0.0,85.7,85.7,16.7,83.3,9:39,9:39,0,1,-0.6,1,0.0,fischch01
252,Cale Fleury,26,SEA,D,14,185,172,51.8,3.5,137,114,54.6,6.0,7.0,93.3,100.3,56.0,44.0,12:52,11:52,5,10,0.5,34,47.1,fleurca01
253,Haydn Fleury,28,WPG,D,39,494,549,47.4,-2.9,351,396,47.0,-3.6,6.0,90.3,96.3,39.8,60.2,15:56,14:30,3,39,-6.8,105,36.2,fleurha01
254,Warren Foegele,28,LAK,LW,82,1214,1022,54.3,1.6,859,709,54.8,1.5,11.3,93.3,104.6,51.0,49.0,16:10,13:52,33,67,8.4,370,53.8,foegewa01
255,Tyson Foerster,23,PHI,RW,81,975,1044,48.3,0.1,697,712,49.5,-1.2,11.2,88.5,99.7,40.5,59.5,16:52,13:60,16,41,3.4,287,49.5,foersty01
256,Marcus Foligno,33,MIN,LW,77,965,865,52.7,6.9,678,618,52.3,5.7,10.6,90.5,101.1,47.3,52.7,14:29,12:43,20,48,4.0,160,56.9,foligma01
257,Nick Foligno,37,CHI,LW,78,867,1005,46.3,2.7,609,748,44.9,1.5,10.5,87.0,97.6,40.3,59.7,15:55,13:12,16,50,-7.1,163,63.8,foligni01
258,Nolan Foote,24,NJD,LW,7,69,51,57.5,1.8,51,35,59.3,5.1,8.6,87.0,95.5,60.0,40.0,9:49,9:41,1,2,0.5,15,33.3,footeno01
259,Derek Forbort,32,VAN,D,54,668,773,46.4,-3.8,451,534,45.8,-3.6,7.8,90.6,98.4,37.9,62.1,17:06,14:49,8,55,-6.7,115,33.9,forbode01
260,Parker Ford,24,WPG,F,3,14,20,41.2,-3.8,11,13,45.8,-2.4,33.3,87.5,120.8,30.0,70.0,7:50,7:34,2,2,0.4,4,50.0,fordpa01
261,Filip Forsberg,30,NSH,C,82,1409,1273,52.5,1.9,997,954,51.1,0.9,10.4,85.9,96.4,64.1,35.9,18:38,15:26,38,113,1.1,602,46.7,forsbfi01
262,Gustav Forsling,28,FLA,D,80,1821,1437,55.9,-0.3,1316,1073,55.1,0.0,9.0,92.5,101.5,54.2,45.8,22:57,19:46,37,72,8.7,421,46.3,forslgu02
263,Liam Foudy,24,NYI,C,2,6,14,30.0,-25.0,5,11,31.3,-24.5,0.0,85.7,85.7,66.7,33.3,7:27,7:27,1,0,-0.4,3,33.3,foudyli01
264,Cam Fowler,33,TOT,D,68,1259,1217,50.8,4.6,863,848,50.4,3.4,12.3,89.6,101.8,48.5,51.5,21:33,18:47,16,63,8.1,203,43.3,fowleca01
264,Cam Fowler,33,STL,D,51,934,850,52.4,5.1,645,579,52.7,4.8,13.7,89.1,102.8,46.5,53.5,21:42,19:04,12,48,12.5,162,43.8,fowleca01
264,Cam Fowler,33,ANA,D,17,325,367,47.0,3.8,218,269,44.8,0.2,7.7,90.5,98.2,54.7,45.3,21:04,17:57,4,15,-4.4,41,41.5,fowleca01
265,Adam Fox,26,NYR,D,74,1551,1228,55.8,11.3,1103,891,55.3,10.8,10.9,88.5,99.4,63.4,36.6,23:15,18:18,40,76,6.9,339,39.8,foxad01
266,Ethen Frank,26,WSH,F,24,244,225,52.0,3.6,181,146,55.4,6.2,10.0,91.0,101.0,55.2,44.8,10:49,10:13,5,10,2.3,42,54.8,franket01
267,Trent Frederic,26,TOT,C,58,687,756,47.6,-1.5,457,538,45.9,-2.8,6.2,89.6,95.8,44.0,56.0,13:43,12:26,12,32,-2.1,167,46.7,fredetr01
267,Trent Frederic,26,BOS,C,57,679,746,47.6,-1.2,452,531,46.0,-2.5,6.3,90.1,96.4,43.5,56.5,13:50,12:31,12,32,-2.1,165,46.1,fredetr01
267,Trent Frederic,26,EDM,C,1,8,10,44.4,-16.5,5,7,41.7,-18.7,0.0,50.0,50.0,66.7,33.3,7:10,7:10,0,0,0.0,2,100.0,fredetr01
268,Mark Friedman,29,VAN,D,5,56,65,46.3,-1.7,38,44,46.3,-0.3,6.9,81.3,88.1,53.3,46.7,14:04,13:43,2,1,-0.1,8,50.0,friedma01
269,Morgan Frost,25,TOT,C,81,1045,1027,50.4,0.6,717,671,51.7,0.6,8.3,88.1,96.5,65.2,34.8,15:45,13:12,35,66,0.1,280,51.4,frostmo01
269,Morgan Frost,25,PHI,C,49,589,608,49.2,0.1,408,386,51.4,0.0,10.1,86.6,96.8,70.8,29.2,15:11,12:55,19,37,3.2,156,55.1,frostmo01
269,Morgan Frost,25,CGY,C,32,456,419,52.1,1.1,309,285,52.0,1.4,5.9,90.4,96.3,58.4,41.6,16:37,13:39,16,29,-3.1,124,46.8,frostmo01
270,Jonah Gadjovich,26,FLA,LW,42,361,312,53.6,-2.7,246,223,52.5,-2.3,4.6,90.1,94.7,52.1,47.9,8:27,8:14,2,4,5.2,89,48.3,gadjojo01
271,Brendan Gallagher,32,MTL,RW,82,1004,1048,48.9,2.1,692,738,48.4,1.4,9.5,89.3,98.8,43.2,56.8,13:55,12:24,16,62,9.1,303,48.8,gallabr01
272,Conor Garland,28,VAN,RW,81,1143,1117,50.6,1.7,820,792,50.9,2.8,8.4,88.8,97.3,51.8,48.2,18:39,14:57,20,63,2.1,356,48.3,garlaco01
273,Marc Gatcomb,25,NYI,F,39,312,333,48.4,-2.0,217,231,48.4,-2.8,9.4,88.0,97.4,57.9,42.1,9:47,9:44,7,12,-2.9,74,55.4,gatcoma01
274,Jacob Gaucher,23,PHI,F,4,28,30,48.3,7.4,19,20,48.7,6.3,14.3,86.7,101.0,70.0,30.0,7:21,7:21,1,0,0.1,4,75.0,gauchja01
275,Adam Gaudette,28,OTT,C,81,715,675,51.4,1.9,486,476,50.5,0.3,10.2,93.6,103.8,64.9,35.1,10:25,8:58,8,38,-1.9,191,47.1,gaudead01
276,Frédérick Gaudreau,31,MIN,C,82,876,1104,44.2,-4.2,614,789,43.8,-5.5,11.1,90.4,101.5,46.3,53.7,15:40,12:41,24,50,-7.5,198,55.6,gaudrfr01
277,Brendan Gaunce,30,MIN,C,12,82,143,36.4,-11.8,61,101,37.7,-10.4,2.6,92.2,94.8,34.5,65.5,9:42,9:13,2,7,-1.8,25,44.0,gauncbr01
278,Cutter Gauthier,21,ANA,LW,82,1025,1191,46.3,0.6,748,868,46.3,0.7,11.6,92.2,103.9,46.7,53.3,14:09,12:30,22,81,-11.4,410,46.3,gauthcu01
279,Julien Gauthier,27,NYI,RW,1,6,8,42.9,-16.4,4,7,36.4,-20.1,0.0,100.0,100.0,0.0,100.0,7:42,7:42,0,0,-0.5,0,,gauthju01
280,Vladislav Gavrikov,29,LAK,D,82,1660,1434,53.7,0.8,1178,1000,54.1,0.6,10.0,91.7,101.7,39.1,60.9,23:05,19:43,22,69,6.6,285,39.3,gavrivl01
281,Conor Geekie,20,TBL,C,52,563,550,50.6,-0.8,391,395,49.7,-1.6,8.8,90.3,99.1,47.1,52.9,12:20,11:35,8,29,-2.0,124,47.6,geekico01
282,Morgan Geekie,26,BOS,C,77,1191,1113,51.7,4.9,832,801,50.9,4.2,12.8,88.9,101.7,69.4,30.6,16:55,15:05,31,51,3.4,307,48.9,geekimo01
283,Isaiah George,20,NYI,D,33,451,526,46.2,-2.0,311,383,44.8,-4.6,9.3,91.4,100.7,50.4,49.6,15:39,15:30,6,26,-4.8,74,35.1,georgis01
284,Dennis Gilbert,28,TOT,D,29,258,291,47.0,-6.4,168,204,45.2,-7.5,13.7,87.3,101.0,47.4,52.6,10:29,10:02,6,13,-2.7,30,30.0,gilbede01
284,Dennis Gilbert,28,BUF,D,25,209,247,45.8,-7.2,137,175,43.9,-8.6,14.3,87.5,101.8,42.5,57.5,10:04,9:36,4,9,-3.4,21,23.8,gilbede01
284,Dennis Gilbert,28,OTT,D,4,49,44,52.7,-3.0,31,29,51.7,-2.2,12.0,86.4,98.4,70.8,29.2,13:02,12:48,2,4,0.7,9,44.4,gilbede01
285,Patrick Giles,25,TOT,F,17,117,166,41.3,-9.4,83,123,40.3,-9.7,3.9,93.5,97.4,53.4,46.6,9:14,8:49,1,8,0.0,21,71.4,gilespa01
285,Patrick Giles,25,FLA,F,9,44,73,37.6,-14.9,31,58,34.8,-15.3,5.3,94.4,99.7,63.3,36.7,7:23,7:17,0,5,-1.1,6,66.7,gilespa01
285,Patrick Giles,25,SJS,F,8,73,93,44.0,-4.5,52,65,44.4,-5.3,3.1,92.7,95.8,46.5,53.5,11:19,10:33,1,3,1.1,15,73.3,gilespa01
286,Adam Ginning,25,PHI,D,1,12,12,50.0,-11.6,4,9,30.8,-26.6,0.0,87.5,87.5,60.0,40.0,12:48,12:48,0,1,0.0,3,0.0,ginniad01
287,Samuel Girard,26,COL,D,73,1407,1252,52.9,-1.4,1001,877,53.3,-0.7,11.1,89.3,100.4,51.5,48.5,20:51,18:42,24,86,0.4,227,41.9,girarsa01
288,Zemgus Girgensons,31,TBL,C,82,693,710,49.4,-1.5,492,488,50.2,-0.3,4.4,93.2,97.6,45.1,54.9,11:40,10:05,10,30,1.3,157,52.9,girgeze01
289,Claude Giroux,37,OTT,C/LW,81,1192,1031,53.6,5.2,846,738,53.4,4.4,8.6,89.5,98.1,55.1,44.9,18:12,13:26,19,66,2.2,237,58.2,giroucl01
290,Cody Glass,25,TOT,C,65,807,675,54.5,3.6,549,482,53.2,3.7,8.4,89.4,97.7,49.1,50.9,13:39,11:50,12,32,5.3,189,48.1,glassco01
290,Cody Glass,25,PIT,C,51,604,516,53.9,2.6,417,369,53.1,3.0,7.4,88.9,96.2,46.5,53.5,13:25,11:29,11,22,3.7,153,51.0,glassco01
290,Cody Glass,25,NJD,C,14,203,159,56.1,7.3,132,113,53.9,6.5,11.5,91.2,102.7,58.3,41.7,14:31,13:08,1,10,1.7,36,36.1,glassco01
291,Luke Glendening,35,TBL,C,77,523,682,43.4,-8.6,371,480,43.6,-8.1,4.8,92.8,97.6,34.4,65.6,10:47,8:59,6,19,-4.2,97,52.6,glendlu01
292,Gage Goncalves,24,TBL,C,60,653,669,49.4,-1.5,464,471,49.6,-1.0,10.9,92.0,102.9,51.9,48.1,12:48,12:19,18,35,-3.0,114,53.5,goncaga01
293,Barclay Goodrow,31,SJS,RW,77,735,974,43.0,-4.0,502,690,42.1,-5.2,5.0,87.9,92.8,44.7,55.3,13:47,11:14,26,54,-16.8,141,51.8,goodrba01
294,Shayne Gostisbehere,31,CAR,D,70,1304,756,63.3,5.3,920,567,61.9,5.1,8.8,87.3,96.1,62.8,37.2,18:31,14:56,36,76,15.9,330,37.0,gostish01
295,Yanni Gourde,33,TOT,C,57,848,778,52.2,2.6,621,554,52.9,3.0,10.8,88.8,99.6,44.8,55.2,16:03,14:30,16,38,0.1,154,48.7,gourdya01
295,Yanni Gourde,33,SEA,C,36,522,478,52.2,4.3,379,333,53.2,4.7,10.9,86.8,97.6,39.9,60.1,15:30,13:52,11,23,-1.1,87,46.0,gourdya01
295,Yanni Gourde,33,TBL,C,21,326,300,52.1,-0.6,242,221,52.3,-0.2,10.8,91.8,102.6,51.5,48.5,16:60,15:36,5,15,1.2,67,52.2,gourdya01
296,Collin Graf,22,SJS,F,33,342,431,44.2,-3.1,235,295,44.3,-4.4,9.6,90.3,99.9,41.8,58.2,15:52,12:40,7,15,-2.5,64,62.5,grafco01
297,Mikael Granlund,32,TOT,C,83,1228,1464,45.6,0.3,886,1056,45.6,1.9,11.1,90.8,101.9,50.9,49.1,19:27,15:04,19,79,-11.1,326,51.8,granlmi01
297,Mikael Granlund,32,SJS,C,52,809,961,45.7,1.1,582,687,45.9,2.4,10.2,89.7,100.0,52.4,47.6,20:51,15:37,13,57,-6.7,237,53.2,granlmi01
297,Mikael Granlund,32,DAL,C,31,419,503,45.4,-0.9,304,369,45.2,1.1,13.0,92.8,105.7,48.0,52.0,17:05,14:08,6,22,-4.4,89,48.3,granlmi01
298,Helge Grans,22,PHI,D,6,74,93,44.3,-0.9,49,52,48.5,0.2,7.9,91.4,99.3,59.5,40.5,14:28,14:10,2,8,0.9,13,38.5,granshe01
299,Kevin Gravel,32,NSH,D,6,89,104,46.1,-1.3,66,71,48.2,-0.9,10.9,95.9,106.8,45.2,54.8,17:50,16:43,0,7,0.3,19,31.6,graveke01
300,Ryan Graves,29,PIT,D,61,742,761,49.4,-1.7,521,545,48.9,-1.3,6.6,89.7,96.2,41.9,58.1,14:59,13:23,18,63,-2.6,134,29.1,gravery01
301,Nikita Grebenkin,21,TOR,RW,7,37,61,37.8,-7.2,25,46,35.2,-12.9,0.0,93.3,93.3,36.0,64.0,8:45,8:26,1,1,-2.8,6,33.3,grebeni01
302,Ryan Greene,21,CHI,C,2,17,22,43.6,-3.6,10,13,43.5,-1.2,0.0,100.0,100.0,20.0,80.0,13:12,12:19,0,3,-0.2,8,12.5,greenry01
303,Jordan Greenway,27,BUF,LW,34,432,405,51.6,0.3,306,291,51.3,0.4,12.2,87.3,99.5,46.2,53.8,15:04,12:24,7,23,-6.4,88,40.9,greenjo02
304,A.J. Greer,28,FLA,LW,81,725,625,53.7,-2.8,509,447,53.2,-2.3,7.1,93.2,100.2,51.3,48.7,9:36,9:01,8,43,9.7,162,53.1,greeraj01
305,Noah Gregor,26,TOT,C,52,431,558,43.6,-7.5,306,394,43.7,-7.8,3.7,89.3,93.0,46.9,53.1,11:06,10:13,7,17,-8.0,145,41.4,gregono01
305,Noah Gregor,26,OTT,C,40,346,429,44.6,-8.0,245,305,44.5,-8.8,4.0,91.0,95.0,48.4,51.6,11:21,10:25,5,14,-6.2,115,40.0,gregono01
305,Noah Gregor,26,SJS,C,12,85,129,39.7,-6.2,61,89,40.7,-5.1,2.7,83.3,86.0,43.1,56.9,10:18,9:36,2,3,-1.8,30,46.7,gregono01
306,Ridly Greig,22,OTT,C,78,986,1146,46.2,-4.8,702,783,47.3,-4.0,9.3,89.3,98.6,36.2,63.8,17:05,13:30,20,35,-7.5,235,50.6,greigri01
307,Carl Grundström,27,SJS,RW,56,504,546,48.0,2.2,359,379,48.6,2.8,5.0,87.5,92.6,42.7,57.3,9:36,9:25,5,35,-2.8,151,58.3,grundca01
308,Matt Grzelcyk,31,PIT,D,82,1470,1476,49.9,-0.5,1024,1072,48.9,-1.0,10.0,89.9,99.9,55.0,45.0,20:37,17:57,32,85,-8.5,258,36.4,grzelma01
309,Radko Gudas,34,ANA,D,81,1337,1570,46.0,0.3,973,1098,47.0,1.6,9.2,92.4,101.5,38.7,61.3,19:52,17:22,15,104,-9.4,252,35.3,gudasra01
310,Erik Gudbranson,33,CBJ,D,16,232,272,46.0,-6.9,158,195,44.8,-7.2,15.1,86.9,102.0,35.6,64.4,17:46,15:13,3,16,-2.8,40,30.0,gudbrer01
311,Dylan Guenther,21,UTA,RW,70,1038,918,53.1,-0.1,739,643,53.5,0.3,9.9,89.5,99.4,65.9,34.1,16:60,13:25,18,55,0.0,450,45.3,guentdy01
312,Jake Guentzel,30,TBL,C,80,1397,1303,51.7,1.7,1001,937,51.7,1.7,12.7,91.1,103.8,60.2,39.8,19:60,16:04,25,79,9.0,355,61.1,guentja01
313,Kaiden Guhle,23,MTL,D,55,920,1098,45.6,-3.1,652,762,46.1,-1.9,11.3,91.2,102.5,43.8,56.2,21:11,18:56,14,47,-7.6,171,41.5,guhleka01
314,Daniil Gushchin,22,SJS,LW,12,115,135,46.0,-0.7,82,96,46.1,0.9,5.8,90.8,96.5,52.0,48.0,12:18,10:55,0,1,-1.1,41,39.0,gushcda01
315,David Gustafsson,24,WPG,C,36,296,284,51.0,0.3,215,190,53.1,1.0,10.6,94.9,105.5,25.6,74.4,8:59,8:45,2,7,5.0,58,51.7,gustada01
316,Erik Gustafsson,32,DET,D,60,836,778,51.8,4.9,600,579,50.9,3.9,7.1,89.1,96.2,58.0,42.0,16:19,14:41,10,75,-0.4,188,35.6,gustaer02
317,Brandon Hagel,26,TBL,LW,82,1465,1254,53.9,4.9,1024,904,53.1,4.0,13.2,90.8,104.0,44.6,55.4,20:45,16:12,30,96,21.1,444,51.4,hagelbr01
318,Robert Hägg,29,VEG,D,2,15,24,38.5,-7.4,10,13,43.5,-1.4,0.0,100.0,100.0,60.0,40.0,11:09,11:09,0,0,0.1,2,0.0,haggro01
319,Nicolas Hague,26,VEG,D,68,989,1084,47.7,-4.9,728,770,48.6,-4.8,7.9,91.4,99.3,50.0,50.0,16:60,15:58,18,56,-2.7,177,41.8,hagueni01
320,Jani Hakanpää,32,TOR,D,2,21,33,38.9,-9.0,15,23,39.5,-9.6,8.3,89.5,97.8,71.4,28.6,14:05,13:02,0,6,-0.9,5,40.0,hakanja01
321,Taylor Hall,33,TOT,LW,77,1083,1025,51.4,1.4,737,747,49.7,0.2,10.0,88.3,98.3,52.8,47.2,15:10,13:27,34,76,-2.3,307,46.9,hallta02
321,Taylor Hall,33,CHI,LW,46,577,654,46.9,3.5,380,471,44.7,0.8,10.9,87.5,98.5,50.0,50.0,14:59,13:42,25,40,-5.5,169,48.5,hallta02
321,Taylor Hall,33,CAR,LW,31,506,371,57.7,-1.6,357,276,56.4,-1.1,9.1,89.6,98.6,57.1,42.9,15:27,13:05,9,36,3.2,138,44.9,hallta02
322,Brian Halonen,26,NJD,F,2,33,22,60.0,5.3,17,14,54.8,10.4,9.1,66.7,75.8,44.4,55.6,13:54,12:25,1,2,-0.2,6,33.3,halonbr01
323,Dougie Hamilton,31,NJD,D,64,1249,1088,53.4,2.8,868,779,52.7,2.8,10.8,90.1,100.8,62.8,37.2,19:51,16:38,20,94,6.2,424,43.9,hamildo01
324,Travis Hamonic,34,OTT,D,59,872,987,46.9,-4.5,623,686,47.6,-4.1,5.4,91.3,96.7,43.0,57.0,17:04,15:29,17,62,-6.0,191,37.7,hamontr01
325,Noah Hanifin,28,VEG,D,80,1601,1446,52.5,2.6,1203,1057,53.2,2.8,9.8,88.9,98.7,56.4,43.6,21:33,19:17,32,112,16.9,329,44.1,hanifno01
326,Joel Hanley,33,CGY,D,53,918,840,52.2,0.3,640,573,52.8,1.6,9.1,92.3,101.4,50.9,49.1,18:35,17:10,7,67,6.3,129,32.6,hanlejo01
327,Mike Hardman,25,NJD,RW,2,18,12,60.0,9.4,12,7,63.2,11.1,20.0,66.7,86.7,71.4,28.6,9:03,8:50,0,0,0.5,4,50.0,hardmmi01
328,Jansen Harkins,27,ANA,C,62,452,606,42.7,-4.1,303,419,42.0,-5.0,6.7,89.9,96.5,25.4,74.6,10:56,9:20,15,38,-5.2,93,52.7,harkija01
329,Thomas Harley,23,DAL,D,78,1589,1466,52.0,4.0,1110,1073,50.8,4.1,12.2,91.4,103.6,52.2,47.8,23:23,19:28,29,118,12.7,396,43.2,harleth01
330,Jordan Harris,24,CBJ,D,33,298,411,42.0,-5.6,211,298,41.5,-6.2,9.9,91.9,101.8,37.2,62.8,11:23,11:14,4,16,-4.6,39,38.5,harrijo01
331,Ryan Hartman,30,MIN,RW,69,944,990,48.8,1.9,686,695,49.7,2.4,8.0,90.8,98.8,46.8,53.2,14:58,13:36,21,66,-0.9,300,52.7,hartmry01
332,Rafaël Harvey-Pinard,26,MTL,LW,1,5,9,35.7,-15.3,2,6,25.0,-22.9,0.0,100.0,100.0,,,8:54,8:54,0,0,-0.5,0,,harvera01
333,Garnet Hathaway,33,PHI,RW,67,595,735,44.7,-3.7,433,463,48.3,-2.2,10.1,90.9,101.0,35.1,64.9,11:52,10:24,8,27,3.7,138,58.0,hathaga01
334,Erik Haula,33,NJD,LW,69,792,817,49.2,-3.1,564,610,48.0,-3.5,9.7,89.4,99.0,44.5,55.5,14:42,12:33,14,44,-3.7,195,56.4,haulaer01
335,John Hayden,29,SEA,C,20,172,173,49.9,2.7,126,117,51.9,4.0,6.1,93.6,99.7,57.9,42.1,8:31,8:23,3,5,0.2,38,52.6,haydejo01
336,Kevin Hayes,32,PIT,RW,64,665,587,53.1,3.3,469,454,50.8,1.4,7.7,87.5,95.3,47.7,52.3,12:03,9:51,14,33,-0.4,195,50.8,hayeske01
337,Barrett Hayton,24,UTA,C,82,1289,945,57.7,6.4,914,684,57.2,5.6,8.2,89.3,97.5,55.1,44.9,16:06,13:16,16,46,11.4,306,50.7,haytoba01
338,Victor Hedman,34,TBL,D,79,1606,1396,53.5,4.8,1143,1025,52.7,3.8,11.3,91.4,102.8,59.0,41.0,23:05,18:30,25,119,12.6,475,38.1,hedmavi01
339,Emil Heineman,23,MTL,LW,62,564,585,49.1,2.7,373,393,48.7,1.9,9.3,88.5,97.8,40.3,59.7,11:24,10:22,8,33,-1.5,162,39.5,heineem01
340,Danton Heinen,29,TOT,C/LW,79,862,874,49.7,0.2,598,624,48.9,0.1,10.0,90.6,100.7,52.1,47.9,13:27,11:45,19,48,-3.9,165,49.1,heineda01
340,Danton Heinen,29,VAN,C/LW,51,540,575,48.4,-0.5,370,396,48.3,0.1,11.2,89.7,100.9,47.6,52.4,13:57,11:52,11,26,-3.5,102,43.1,heineda01
340,Danton Heinen,29,PIT,C/LW,28,322,299,51.9,1.6,228,228,50.0,0.2,8.1,92.5,100.6,60.0,40.0,12:32,11:32,8,22,-0.4,63,58.7,heineda01
341,Ville Heinola,23,WPG,D,18,225,238,48.6,1.6,161,164,49.5,1.6,9.6,97.2,106.8,43.3,56.7,14:11,13:51,7,15,0.9,38,31.6,heinovi01
342,Miro Heiskanen,25,DAL,D,50,1108,963,53.5,3.2,760,706,51.8,1.8,10.1,90.0,100.1,55.5,44.5,25:10,20:53,28,67,11.1,287,37.6,heiskmi01
343,Samuel Helenius,22,LAK,C,50,387,417,48.1,-5.8,262,279,48.4,-6.0,7.2,94.7,101.9,52.3,47.7,8:39,8:38,4,22,-3.4,64,45.3,helensa02
344,Drew Helleson,23,ANA,D,56,749,988,43.1,-3.8,530,740,41.7,-5.4,11.1,93.0,104.1,46.2,53.8,16:21,15:22,17,47,-14.1,152,41.4,helledr01
345,Adam Henrique,34,EDM,C,81,872,1003,46.5,-9.7,603,670,47.4,-8.8,9.3,91.3,100.6,43.0,57.0,14:39,12:10,19,57,1.5,181,57.5,henriad01
346,Tomáš Hertl,31,VEG,C,73,1140,982,53.7,4.0,830,669,55.4,5.4,9.4,87.4,96.7,60.9,39.1,17:07,14:17,29,45,15.9,320,55.3,hertlto01
347,Matthew Highmore,28,OTT,LW,41,341,412,45.3,-3.9,227,293,43.7,-6.1,6.3,93.0,99.3,49.8,50.2,11:10,9:47,4,23,-5.1,66,50.0,highmma01
348,Vinnie Hinostroza,30,TOT,C,38,447,434,50.7,2.5,311,303,50.7,1.9,7.9,92.9,100.8,49.2,50.8,13:01,11:48,8,31,0.9,104,46.2,hinosvi01
348,Vinnie Hinostroza,30,MIN,C,25,294,314,48.4,2.3,201,212,48.7,2.0,8.2,93.4,101.6,46.7,53.3,13:47,12:02,7,19,0.6,68,54.4,hinosvi01
348,Vinnie Hinostroza,30,NSH,C,13,153,120,56.0,3.5,110,91,54.7,2.0,7.4,91.8,99.2,54.9,45.1,11:32,11:22,1,12,0.3,36,30.6,hinosvi01
349,Roope Hintz,28,DAL,LW,76,970,1036,48.4,-1.5,680,755,47.4,-1.3,12.7,91.4,104.1,48.1,51.9,16:53,12:55,17,70,5.8,285,56.1,hintzro01
350,Nico Hischier,26,NJD,C,75,1319,1080,55.0,5.1,927,773,54.5,5.6,9.5,89.9,99.3,49.1,50.9,20:23,15:26,24,53,13.2,345,54.2,hischni01
351,Hayden Hodgson,28,OTT,RW,2,17,13,56.7,1.6,11,9,55.0,-2.5,0.0,75.0,75.0,44.4,55.6,8:35,8:35,0,2,-0.1,4,50.0,hodgsha01
352,Nils Höglander,24,VAN,LW,72,770,767,50.1,1.7,540,549,49.6,1.2,10.5,91.4,101.9,56.2,43.8,12:08,11:27,13,36,3.4,152,54.6,hoglani01
353,Justin Holl,33,DET,D,73,930,922,50.2,3.2,696,665,51.1,4.3,7.8,90.2,98.0,55.7,44.3,14:48,13:37,8,66,4.7,107,38.3,hollju01
354,Dylan Holloway,23,STL,C,77,1125,1032,52.2,4.5,781,709,52.4,4.8,12.1,90.5,102.5,53.2,46.8,16:49,14:56,34,69,18.0,336,53.0,hollody01
355,Pontus Holmberg,25,TOR,RW,68,744,829,47.3,-0.1,513,554,48.1,-0.6,8.1,92.8,100.9,42.8,57.2,12:40,11:42,9,26,1.0,150,46.0,holmbpo01
356,Simon Holmström,23,NYI,RW,75,1020,1113,47.8,-2.1,748,752,49.9,-0.3,11.5,89.5,101.1,47.8,52.2,16:52,13:38,13,48,-0.2,208,46.2,holmssi01
357,Alexander Holtz,23,VEG,RW,53,541,590,47.8,-3.2,386,420,47.9,-4.4,7.5,91.7,99.3,53.6,46.4,11:35,11:03,3,35,-3.0,136,50.7,holtzal01
358,Samuel Honzek,20,CGY,LW,5,52,68,43.3,-5.0,38,47,44.7,-4.9,7.7,93.5,101.2,63.2,36.8,12:24,10:49,1,4,-0.3,8,75.0,honzesa01
359,Bo Horvat,29,NYI,C,81,1445,1362,51.5,2.9,1047,972,51.9,2.5,10.4,89.2,99.6,53.5,46.5,20:10,16:11,22,91,1.1,449,54.1,horvabo01
360,Brett Howden,26,VEG,C,80,1035,1061,49.4,-1.8,777,750,50.9,-0.6,11.9,90.2,102.1,50.2,49.8,14:52,13:41,22,42,1.8,217,57.6,howdebr01
361,Filip Hronek,27,VAN,D,61,1246,1098,53.2,5.0,890,830,51.7,3.9,11.7,87.5,99.3,55.7,44.3,23:54,19:48,14,74,10.1,240,34.6,hronefi01
362,Justin Hryckowian,23,DAL,F,5,28,41,40.6,-11.0,24,27,47.1,-2.8,6.7,100.0,106.7,31.8,68.2,7:53,7:52,0,2,-0.6,4,75.0,hryckju01
363,Jonathan Huberdeau,31,CGY,LW,81,1360,1250,52.1,1.0,936,889,51.3,0.2,9.0,88.3,97.3,62.9,37.1,19:33,15:24,23,88,-1.2,267,57.3,huberjo01
364,Jack Hughes,23,NJD,C,62,1263,957,56.9,8.5,861,685,55.7,7.9,10.8,89.4,100.2,71.6,28.4,20:54,16:52,22,87,17.6,465,49.2,hugheja03
365,Luke Hughes,21,NJD,D,71,1391,1214,53.4,2.3,947,890,51.6,1.3,7.8,89.6,97.4,54.2,45.8,21:09,19:08,33,86,7.8,328,36.9,hughelu01
366,Quinn Hughes,25,VAN,D,68,1591,1222,56.6,13.2,1136,908,55.6,12.5,11.5,87.2,98.7,64.7,35.3,25:44,21:50,25,97,15.2,493,39.1,hughequ01
367,Daemon Hunt,22,MIN,D,1,14,7,66.7,27.6,11,4,73.3,32.0,0.0,100.0,100.0,100.0,0.0,8:01,7:25,1,0,0.0,5,40.0,huntda01
368,Dryden Hunt,29,CGY,LW,5,46,61,43.0,-10.1,32,47,40.5,-9.5,12.5,85.2,97.7,56.5,43.5,11:39,11:35,2,4,0.2,8,62.5,huntdr01
369,Lane Hutson,20,MTL,D,82,1670,1575,51.5,6.8,1193,1121,51.6,7.1,10.8,88.7,99.5,66.7,33.3,22:44,19:42,56,109,11.6,297,30.6,hutsola01
370,Quinn Hutson,23,EDM,F,2,15,25,37.5,-7.1,11,18,37.9,-9.3,16.7,90.0,106.7,57.9,42.1,13:26,13:17,0,4,0.1,3,33.3,hutsoqu01
371,Ben Hutton,31,VEG,D,11,130,158,45.1,-4.9,96,107,47.3,-2.9,6.5,94.1,100.6,53.7,46.3,13:14,13:04,0,4,-0.3,28,39.3,huttobe01
372,Grant Hutton,29,NYI,D,13,112,156,41.8,-4.4,84,113,42.6,-3.6,8.6,94.6,103.2,42.0,58.0,13:28,12:22,2,8,-1.9,20,50.0,huttogr01
373,Zach Hyman,32,EDM,LW,73,1404,974,59.0,7.0,1034,713,59.2,6.8,9.9,88.1,98.0,64.2,35.8,18:53,15:44,14,43,22.5,373,56.3,hymanza01
374,Arttu Hyry,23,DAL,F,5,51,54,48.6,-3.4,26,36,41.9,-8.1,6.3,95.2,101.5,50.0,50.0,9:05,9:05,1,1,-1.1,8,62.5,hyryar01
375,Alex Iafallo,31,WPG,C,82,772,739,51.1,1.4,575,505,53.2,3.2,11.6,92.9,104.5,42.3,57.7,13:17,10:09,26,30,6.9,189,57.7,iafalal01
376,Bokondji Imama,28,PIT,LW,16,80,96,45.5,-1.5,60,67,47.2,-0.2,11.1,95.7,106.8,51.3,48.7,5:40,5:40,0,3,-0.3,13,76.9,imamabo01
377,Jere Innala,26,COL,F,17,85,100,45.9,-8.5,60,62,49.2,-5.3,2.8,88.9,91.7,39.0,61.0,7:09,7:00,1,2,-0.3,21,38.1,innalje01
378,Ivan Ivan,22,COL,F,40,329,311,51.4,-1.8,221,217,50.5,-2.5,9.0,84.9,94.0,32.9,67.1,10:02,9:02,2,22,-2.3,65,52.3,ivaniv01
379,Juha Jaaska,26,CAR,F,18,171,106,61.7,3.9,129,79,62.0,4.8,6.0,87.0,93.0,61.7,38.3,8:56,8:42,1,8,0.8,28,39.3,jaaskju01
380,Mark Jankowski,30,TOT,C,60,670,535,55.6,1.7,476,382,55.5,3.2,7.4,91.9,99.3,47.4,52.6,12:34,10:35,6,35,6.2,129,51.2,jankoma01
380,Mark Jankowski,30,NSH,C,41,461,363,55.9,4.5,329,253,56.5,6.4,6.2,91.3,97.5,46.9,53.1,12:43,10:34,4,15,8.0,94,47.9,jankoma01
380,Mark Jankowski,30,CAR,C,19,209,172,54.9,-4.4,147,129,53.3,-3.8,10.2,93.1,103.3,48.4,51.6,12:16,10:37,2,20,-1.7,35,60.0,jankoma01
381,Mattias Janmark,32,EDM,C,80,759,874,46.5,-9.7,540,609,47.0,-9.4,6.8,91.7,98.5,42.6,57.4,13:18,11:40,20,47,-6.3,109,46.8,janmama02
382,Calle Järnkrok,33,TOR,C,19,148,273,35.2,-10.7,107,192,35.8,-10.9,11.0,93.8,104.7,32.4,67.6,13:14,11:58,1,4,-1.4,26,34.6,jarnkca01
383,Seth Jarvis,22,CAR,C/RW,73,1264,865,59.4,0.4,892,606,59.5,2.2,10.6,87.2,97.8,57.2,42.8,19:21,14:07,32,58,10.9,392,52.0,jarvise01
384,Tanner Jeannot,27,LAK,F,67,656,661,49.8,-4.4,467,461,50.3,-4.9,9.1,91.5,100.6,53.6,46.4,11:01,10:57,3,36,-2.7,129,43.4,jeannta01
385,Jan Jeník,24,OTT,RW,2,12,24,33.3,-18.0,5,20,20.0,-29.6,0.0,93.8,93.8,0.0,100.0,7:42,7:42,0,0,-1.3,2,0.0,jenikja01
386,Boone Jenner,31,CBJ,C,26,439,401,52.3,1.5,315,291,52.0,1.7,12.2,88.9,101.1,51.3,48.7,17:59,14:38,4,24,0.9,122,57.4,jennebo01
387,Nick Jensen,34,OTT,D,71,1294,1267,50.5,0.3,916,901,50.4,-0.1,10.4,92.5,102.8,50.4,49.6,20:13,17:58,19,81,-3.8,207,37.2,jenseni02
388,David Jiříček,21,TOT,D,12,118,144,45.0,-5.7,79,103,43.4,-6.6,9.8,92.5,102.3,53.2,46.8,12:07,11:38,3,15,0.0,25,36.0,jiricda01
388,David Jiříček,21,CBJ,D,6,59,65,47.6,-8.9,38,43,46.9,-8.2,8.7,84.0,92.7,58.1,41.9,11:12,11:11,1,4,0.6,13,38.5,jiricda01
388,David Jiříček,21,MIN,D,6,59,79,42.8,-1.9,41,60,40.6,-4.3,10.7,97.6,108.3,48.4,51.6,13:02,12:05,2,11,-0.6,12,33.3,jiricda01
389,Albert Johansson,24,DET,D,61,854,927,48.0,-0.5,603,646,48.3,-0.7,7.8,90.2,98.0,52.9,47.1,16:22,15:53,15,54,-6.3,130,36.9,johanal01
390,Marcus Johansson,34,MIN,C/W,72,1049,1110,48.6,1.0,741,769,49.1,1.0,8.1,90.8,98.9,46.9,53.1,16:23,14:59,12,41,-1.1,239,50.6,johanma03
391,Erik Johnson,36,TOT,D,36,467,474,49.6,1.1,338,315,51.8,1.3,7.8,92.5,100.3,48.8,51.2,14:35,12:53,16,26,-1.0,78,47.4,johnser01
391,Erik Johnson,36,PHI,D,22,214,282,43.1,-2.2,149,194,43.4,-4.8,9.3,91.3,100.6,50.4,49.6,13:18,11:41,8,18,-3.6,29,48.3,johnser01
391,Erik Johnson,36,COL,D,14,253,192,56.9,3.3,189,121,61.0,7.1,6.7,94.6,101.3,47.1,52.9,16:36,14:45,8,8,2.6,49,46.9,johnser01
392,Jack Johnson,38,CBJ,D,41,401,494,44.8,-5.8,280,366,43.3,-7.6,10.3,85.5,95.7,46.5,53.5,12:52,11:16,8,19,-6.4,60,38.3,johnsja02
393,Kent Johnson,22,CBJ,C,68,973,913,51.6,4.9,695,668,51.0,3.5,12.6,87.3,99.9,54.0,46.0,17:18,14:14,21,64,0.2,258,47.7,johnske01
394,Reese Johnson,26,MIN,F,3,19,29,39.6,-8.5,12,16,42.9,-7.7,0.0,100.0,100.0,27.3,72.7,9:32,9:31,0,1,0.0,3,33.3,johnsre01
395,Ryan Johnson,23,BUF,D,3,52,63,45.2,-7.4,39,37,51.3,1.6,4.3,85.0,89.3,42.4,57.6,17:40,17:38,0,2,0.0,12,25.0,johnsry03
396,Tyler Johnson,34,BOS,C,9,89,103,46.4,-7.3,61,73,45.5,-7.8,11.4,89.6,101.0,40.5,59.5,13:05,12:07,0,2,-1.9,16,37.5,johnsty01
397,Ross Johnston,30,ANA,LW,43,287,395,42.1,-4.7,187,279,40.1,-6.8,5.8,94.2,100.0,34.1,65.9,8:41,8:41,3,18,-2.3,31,29.0,johnsro02
398,Wyatt Johnston,21,DAL,C,82,1145,1267,47.5,-2.8,798,919,46.5,-2.6,11.7,89.2,100.9,47.7,52.3,18:56,14:23,29,57,9.1,389,51.9,johnswy01
399,Henri Jokiharju,25,TOT,D,60,971,917,51.4,2.3,684,681,50.1,0.4,12.1,91.4,103.5,48.6,51.4,17:50,16:40,13,64,-8.3,174,33.9,jokihhe01
399,Henri Jokiharju,25,BUF,D,42,670,624,51.8,0.2,464,462,50.1,-2.1,10.2,92.0,102.2,52.6,47.4,16:18,15:31,8,42,-5.5,120,36.7,jokihhe01
399,Henri Jokiharju,25,BOS,D,18,301,293,50.7,8.2,220,219,50.1,7.4,16.2,90.0,106.2,41.5,58.5,21:22,19:20,5,22,-2.8,54,27.8,jokihhe01
400,Ben Jones,25,MIN,F,26,172,261,39.7,-9.2,124,183,40.4,-9.0,3.3,94.9,98.2,33.7,66.3,8:23,8:15,2,9,-1.1,51,47.1,jonesbe01
401,Caleb Jones,27,LAK,D,6,77,49,61.1,12.0,50,32,61.0,12.4,2.9,92.0,94.9,67.4,32.6,12:34,11:42,1,3,0.4,15,40.0,jonesca01
402,Max Jones,26,TOT,LW,26,193,229,45.7,-7.5,122,168,42.1,-11.7,4.1,85.5,89.5,55.2,44.8,9:23,9:19,1,8,-5.0,44,38.6,jonesma03
402,Max Jones,26,EDM,LW,19,149,152,49.5,-6.6,96,113,45.9,-10.9,3.4,84.7,88.2,60.5,39.5,9:09,9:06,1,4,-3.2,37,40.5,jonesma03
402,Max Jones,26,BOS,LW,7,44,77,36.4,-8.7,26,55,32.1,-12.3,6.3,86.8,93.1,40.0,60.0,10:01,9:52,0,4,-1.8,7,28.6,jonesma03
403,Seth Jones,30,TOT,D,63,1275,1278,49.9,2.8,908,964,48.5,1.2,8.6,88.7,97.3,55.7,44.3,24:38,19:32,26,82,-4.9,305,42.3,jonesse01
403,Seth Jones,30,CHI,D,42,758,914,45.3,2.5,532,675,44.1,0.8,10.6,88.3,98.9,53.0,47.0,24:30,19:33,18,56,-9.2,196,41.3,jonesse01
403,Seth Jones,30,FLA,D,21,517,364,58.7,3.1,376,289,56.5,1.2,5.5,89.7,95.1,61.2,38.8,24:55,19:30,8,26,4.3,109,44.0,jonesse01
404,Zachary Jones,24,NYR,D,46,681,719,48.6,-1.8,503,535,48.5,-1.0,6.3,94.1,100.4,56.5,43.5,17:15,15:42,16,40,-6.9,118,43.2,jonesza01
405,Mathieu Joseph,27,STL,RW,60,578,591,49.4,1.2,389,397,49.5,0.8,7.7,88.8,96.5,38.4,61.6,11:54,10:55,16,25,4.9,138,50.0,josepma01
406,Pierre-Olivier Joseph,25,TOT,D,47,616,609,50.3,2.9,432,451,48.9,2.1,6.4,86.9,93.3,50.4,49.6,15:16,14:16,20,53,-3.7,122,34.4,joseppi01
406,Pierre-Olivier Joseph,25,PIT,D,24,362,341,51.5,1.2,262,254,50.8,0.7,5.5,86.0,91.5,52.4,47.6,17:20,16:16,13,25,-2.2,75,26.7,joseppi01
406,Pierre-Olivier Joseph,25,STL,D,23,254,268,48.7,4.4,170,197,46.3,3.0,7.5,87.9,95.4,47.5,52.5,13:06,12:11,7,28,-1.5,47,46.8,joseppi01
407,Dakota Joshua,28,VAN,C,57,563,687,45.0,-4.4,398,480,45.3,-3.8,7.4,88.4,95.8,46.3,53.7,12:58,11:54,12,36,-0.7,109,47.7,joshuda01
408,Roman Josi,34,NSH,D,53,1291,1008,56.2,7.6,899,760,54.2,6.5,8.3,86.2,94.4,67.7,32.3,25:02,20:19,23,75,0.5,368,40.8,josiro01
409,Tyson Jost,26,CAR,C,39,447,294,60.3,1.6,308,218,58.6,1.4,6.7,92.6,99.3,57.7,42.3,10:22,9:35,6,9,2.9,77,57.1,jostty01
410,Noah Juulsen,27,VAN,D,35,376,502,42.8,-6.5,254,358,41.5,-7.8,8.0,88.3,96.3,33.2,66.8,16:17,13:55,12,40,-6.7,70,37.1,juulsno01
411,Nazem Kadri,34,CGY,C,82,1535,1379,52.7,1.9,1061,1002,51.4,0.5,7.6,90.2,97.8,61.8,38.2,19:21,16:21,30,60,0.8,547,51.0,kadrina01
412,Wyatt Kaiser,22,CHI,D,57,795,914,46.5,3.7,575,671,46.1,3.5,8.6,91.8,100.4,47.5,52.5,18:07,16:30,23,60,-6.0,127,52.0,kaisewy01
413,Kaapo Kakko,23,TOT,RW,79,1098,1099,50.0,2.0,806,815,49.7,1.9,10.2,90.1,100.3,52.0,48.0,15:37,14:03,18,59,-3.6,236,49.6,kakkoka01
413,Kaapo Kakko,23,SEA,RW,49,754,719,51.2,4.0,548,531,50.8,3.4,10.2,87.6,97.8,48.8,51.2,17:03,15:08,13,43,-2.7,152,47.4,kakkoka01
413,Kaapo Kakko,23,NYR,RW,30,344,380,47.5,-1.6,258,284,47.6,-0.9,10.2,94.7,105.0,59.9,40.1,13:17,12:18,5,16,-0.9,84,53.6,kakkoka01
414,Arthur Kaliyev,23,NYR,RW,14,139,144,49.1,-0.8,99,113,46.7,-4.3,10.4,93.1,103.5,58.9,41.1,11:13,10:54,0,4,-0.7,35,60.0,kaliyar01
415,David Kämpf,30,TOR,C,59,486,578,45.7,-2.8,347,406,46.1,-3.1,8.7,91.3,100.0,24.1,75.9,12:24,10:19,17,30,-3.5,81,55.6,kampfda01
416,Patrick Kane,36,DET,RW,72,1043,1118,48.3,0.3,766,808,48.7,0.8,7.9,89.6,97.5,56.4,43.6,17:59,14:60,13,77,-1.6,334,52.4,kanepa01
417,Kasperi Kapanen,28,TOT,RW,67,680,651,51.1,-1.7,486,472,50.7,-2.5,6.5,86.3,92.8,53.5,46.5,11:55,10:58,9,42,-2.4,123,53.7,kapanka01
417,Kasperi Kapanen,28,EDM,RW,57,590,545,52.0,-1.8,421,396,51.5,-2.8,7.1,86.4,93.5,55.9,44.1,12:01,10:58,9,34,-1.6,101,54.5,kapanka01
417,Kasperi Kapanen,28,STL,RW,10,90,106,45.9,-1.4,65,76,46.1,-0.2,2.2,85.7,87.9,38.0,62.0,11:19,10:58,0,8,-0.8,22,50.0,kapanka01
418,Oliver Kapanen,21,MTL,C,18,138,191,41.9,-3.5,84,133,38.7,-6.8,7.3,90.6,97.9,47.7,52.3,10:53,9:26,1,8,-4.5,36,44.4,kapanol01
419,Devin Kaplan,21,PHI,RW,1,10,20,33.3,-14.9,7,13,35.0,-13.3,0.0,87.5,87.5,25.0,75.0,12:12,12:12,0,0,-0.6,1,0.0,kaplade01
420,Kirill Kaprizov,27,MIN,LW,41,814,733,52.6,5.3,587,526,52.7,4.5,14.0,90.5,104.5,61.7,38.3,22:28,19:10,12,59,2.9,311,46.6,kapriki01
421,Erik Karlsson,34,PIT,D,82,1779,1682,51.4,2.0,1260,1233,50.5,1.8,10.5,87.2,97.7,56.2,43.8,23:14,20:00,44,140,-5.3,507,37.7,karlser01
422,Linus Karlsson,25,VAN,C,23,212,212,50.0,0.5,145,154,48.5,0.9,11.5,94.3,105.7,50.8,49.2,10:56,10:04,3,6,1.7,57,49.1,karlsli01
423,William Karlsson,32,VEG,C,53,810,664,55.0,4.5,571,475,54.6,3.1,8.7,93.9,102.6,57.0,43.0,17:01,14:10,14,50,7.5,242,49.2,karlswi01
424,Tye Kartye,23,SEA,F,63,541,576,48.4,0.6,386,396,49.4,0.9,8.5,85.3,93.8,46.3,53.7,9:41,9:14,4,24,2.1,113,49.6,kartyty01
425,Marco Kasper,20,DET,C,77,1046,1047,50.0,2.8,756,755,50.0,2.9,8.6,91.8,100.4,49.1,50.9,15:27,13:45,9,47,4.9,253,57.3,kaspema01
426,Mark Kastelic,25,BOS,C,61,481,634,43.1,-6.8,338,424,44.4,-4.8,9.6,91.3,100.9,19.3,80.7,10:44,10:24,12,26,-5.5,119,56.3,kastema01
427,Clayton Keller,26,UTA,C,81,1347,1118,54.6,2.2,956,803,54.3,1.6,9.8,87.6,97.3,62.4,37.6,19:07,15:38,27,79,12.6,445,49.0,kellecl01
428,Parker Kelly,25,COL,F,80,837,787,51.5,-3.0,567,513,52.5,-1.8,7.4,91.5,98.9,32.4,67.6,12:45,10:46,17,41,-1.6,210,47.1,kellypa01
429,Joakim Kemell,20,NSH,RW,2,14,16,46.7,0.5,11,8,57.9,11.2,11.1,85.7,96.8,33.3,66.7,10:21,9:42,0,1,0.3,11,72.7,kemeljo01
430,Adrian Kempe,28,LAK,LW,81,1284,1200,51.7,-2.1,894,852,51.2,-3.6,13.3,90.8,104.1,49.4,50.6,19:09,14:59,13,78,0.8,496,47.8,kempead01
431,Alexander Kerfoot,30,UTA,C,81,1057,928,53.2,0.4,748,655,53.3,0.5,7.7,89.9,97.6,47.3,52.7,15:15,12:24,30,78,2.7,177,56.5,kerfoal01
432,Rory Kerins,22,CGY,C,5,52,60,46.4,-3.2,37,46,44.6,-6.1,19.0,96.0,115.0,69.0,31.0,12:14,10:57,0,5,-0.1,13,23.1,kerinro01
433,Matthew Kessel,24,STL,D,29,321,322,49.9,3.1,212,231,47.9,1.6,10.5,89.6,100.1,51.1,48.9,13:08,12:42,6,31,-1.7,55,30.9,kessema01
434,Michael Kesselring,25,UTA,D,82,1438,1238,53.7,1.1,1030,866,54.3,1.8,7.6,92.2,99.7,55.6,44.4,17:41,16:25,22,84,10.1,350,42.9,kessemi01
435,Marat Khusnutdinov,22,TOT,C,75,609,823,42.5,-5.0,439,574,43.3,-4.4,5.3,92.1,97.4,40.8,59.2,12:05,10:36,6,47,-10.6,77,53.2,khusnma01
435,Marat Khusnutdinov,22,MIN,C,57,428,606,41.4,-6.8,310,413,42.9,-5.4,4.6,93.1,97.7,34.7,65.3,11:14,9:42,3,30,-7.8,58,51.7,khusnma01
435,Marat Khusnutdinov,22,BOS,C,18,181,217,45.5,0.2,129,161,44.5,-1.2,6.8,89.5,96.3,53.1,46.9,14:47,13:28,3,17,-2.9,19,57.9,khusnma01
436,Matt Kiersted,26,FLA,D,2,19,19,50.0,0.0,15,14,51.7,-0.1,10.0,100.0,110.0,50.0,50.0,12:41,11:50,0,1,0.2,2,0.0,kiersma01
437,Alex Killorn,35,ANA,C/LW,82,1153,1123,50.7,6.6,823,789,51.1,7.1,11.6,90.7,102.3,53.0,47.0,17:17,13:22,11,62,-2.7,288,46.5,killoal01
438,Justin Kirkland,28,CGY,LW,21,147,203,42.0,-9.7,104,138,43.0,-7.6,14.5,95.9,110.4,29.1,70.9,9:42,8:39,3,8,-2.2,23,39.1,kirklju01
439,Joel Kiviranta,28,COL,F,79,849,812,51.1,-3.6,580,558,51.0,-3.9,9.8,93.2,103.0,36.4,63.6,12:31,11:03,17,36,5.6,160,52.5,kivirjo01
440,Adam Klapka,24,CGY,F,31,298,318,48.4,-4.4,199,203,49.5,-2.6,9.3,88.8,98.1,51.2,48.8,9:39,9:24,6,11,-0.2,75,58.7,klapkad01
441,Tyler Kleven,23,OTT,D,79,910,1031,46.9,-4.3,633,723,46.7,-5.1,7.5,90.9,98.4,53.0,47.0,14:28,14:06,30,64,-11.9,189,41.3,klevety01
442,John Klingberg,32,EDM,D,11,185,198,48.3,-9.1,139,141,49.6,-6.9,9.3,91.3,100.5,52.6,47.4,17:15,16:51,1,14,-1.7,39,48.7,klingjo01
443,Matthew Knies,22,TOR,LW,78,1158,1147,50.2,4.6,833,807,50.8,4.1,11.8,89.5,101.2,53.5,46.5,18:31,14:46,14,51,11.1,258,58.9,kniesma01
444,Cole Koepke,26,BOS,LW,73,602,736,45.0,-3.8,434,496,46.7,-1.4,9.8,92.1,101.9,30.5,69.5,11:15,10:28,8,33,-5.3,162,52.5,koepkco01
445,Ville Koivunen,21,PIT,RW,8,136,122,52.7,-2.1,108,92,54.0,1.4,5.2,93.8,99.0,68.4,31.6,18:07,15:27,3,6,0.5,30,50.0,koivuvi01
446,Keegan Kolesar,27,VEG,RW,82,1012,979,50.8,-0.1,721,684,51.3,-0.3,8.6,90.6,99.2,47.1,52.9,13:12,12:42,13,34,9.1,167,52.7,koleske01
447,Vladislav Kolyachonok,23,TOT,D,35,446,449,49.8,0.3,304,315,49.1,-0.5,6.7,88.2,94.9,58.9,41.1,13:01,12:41,6,32,0.2,57,35.1,kolyavl01
447,Vladislav Kolyachonok,23,UTA,D,23,314,280,52.9,1.0,210,196,51.7,-0.3,8.3,86.7,94.9,62.3,37.7,12:20,12:11,4,23,2.3,37,32.4,kolyavl01
447,Vladislav Kolyachonok,23,PIT,D,12,132,169,43.9,-1.4,94,119,44.1,-1.0,3.3,90.9,94.2,53.3,46.7,14:20,13:39,2,9,-2.0,20,40.0,kolyavl01
448,Travis Konecny,27,PHI,RW,82,1380,1404,49.6,2.0,988,959,50.7,0.7,10.1,87.0,97.1,58.5,41.5,20:36,16:35,26,96,3.3,404,46.5,konectr01
449,Anže Kopitar,37,LAK,C,81,1295,1192,52.1,-1.7,896,837,51.7,-3.0,12.3,89.9,102.2,48.5,51.5,18:57,15:04,30,65,2.9,197,49.7,kopitan01
450,Joona Koppanen,26,PIT,LW,11,87,105,45.3,-2.6,61,79,43.6,-4.1,10.8,87.5,98.3,21.4,78.6,13:23,11:31,0,11,-3.6,16,62.5,koppajo01
451,Kevin Korchinski,20,CHI,D,16,210,265,44.2,-2.6,147,200,42.4,-4.0,11.5,87.1,98.6,51.9,48.1,17:05,16:09,4,14,-0.5,32,43.8,korchke01
452,Kaedan Korczak,24,VEG,D,40,541,553,49.5,-0.1,389,380,50.6,1.4,11.4,93.1,104.6,54.3,45.7,15:04,14:47,7,36,6.1,87,39.1,korczka01
453,Klim Kostin,25,SJS,C/LW,35,296,390,43.1,-5.5,209,282,42.6,-6.0,6.8,91.6,98.4,46.4,53.6,10:41,9:45,5,27,-6.6,52,53.8,kostikl01
454,Jesperi Kotkaniemi,24,CAR,C,78,1138,821,58.1,-1.5,790,612,56.3,-2.3,10.2,90.1,100.4,58.3,41.7,14:04,12:39,18,64,7.6,219,52.5,kotkaje01
455,Johnathan Kovacevic,27,NJD,D,81,1268,1221,50.9,-0.7,882,869,50.4,0.1,9.3,91.9,101.3,38.0,62.0,19:49,17:14,28,100,4.7,222,34.2,kovacjo01
456,Nikolai Kovalenko,25,TOT,RW,57,581,636,47.7,-1.9,416,447,48.2,-0.6,10.2,87.5,97.7,49.2,50.8,12:20,11:28,16,40,-4.9,97,46.4,kovalni01
456,Nikolai Kovalenko,25,SJS,RW,29,259,340,43.2,-2.7,183,250,42.3,-2.9,11.4,89.6,101.0,50.5,49.5,12:40,11:36,8,23,-3.7,39,46.2,kovalni01
456,Nikolai Kovalenko,25,COL,RW,28,322,296,52.1,-1.3,233,197,54.2,1.5,9.2,85.1,94.3,47.8,52.2,12:00,11:20,8,17,-1.2,58,46.6,kovalni01
457,Tyson Kozak,22,BUF,C,21,161,219,42.4,-5.4,123,153,44.6,-2.8,7.8,91.6,99.4,35.1,64.9,10:29,10:10,2,10,-1.5,35,31.4,kozakty01
458,Peyton Krebs,24,BUF,C,81,953,1013,48.5,-1.6,669,728,47.9,-1.9,11.4,90.0,101.4,40.4,59.6,13:56,12:52,10,46,-9.5,199,40.2,krebspe01
459,Chris Kreider,33,NYR,LW,68,847,909,48.2,-1.7,588,673,46.6,-3.5,10.2,90.0,100.1,49.1,50.9,16:45,12:10,9,39,-4.7,261,58.2,kreidch01
460,Nikita Kucherov,31,TBL,RW,78,1523,1342,53.2,3.7,1102,978,53.0,3.8,13.7,90.1,103.9,59.6,40.4,21:11,17:21,30,122,16.3,550,48.2,kucheni01
461,Kirill Kudryavtsev,20,VAN,D,2,25,18,58.1,1.0,19,14,57.6,2.7,11.1,100.0,111.1,46.2,53.8,14:08,12:57,0,2,0.6,5,40.0,kudryki01
462,Brett Kulak,31,EDM,D,82,1538,1384,52.6,-2.2,1127,967,53.8,-0.9,7.9,89.6,97.5,52.2,47.8,20:32,18:39,23,81,8.0,293,46.1,kulakbr01
463,Jiri Kulich,20,BUF,C,62,916,852,51.8,2.2,654,620,51.3,2.0,10.6,88.0,98.6,53.2,46.8,14:48,13:20,15,33,-1.9,262,51.1,kulicji01
464,Dmitry Kulikov,34,FLA,D,70,1171,1056,52.6,-4.1,829,790,51.2,-4.8,9.3,91.7,101.0,55.6,44.4,19:16,17:08,32,78,7.8,173,37.0,kulikdm01
465,Luke Kunin,27,TOT,C,75,786,1115,41.3,-8.1,522,772,40.3,-9.0,8.2,89.4,97.6,43.2,56.8,14:41,12:21,12,30,-16.4,217,51.6,kuninlu01
465,Luke Kunin,27,SJS,C,63,655,988,39.9,-8.2,435,693,38.6,-9.6,9.3,89.1,98.4,44.4,55.6,15:15,12:44,10,26,-16.5,185,51.4,kuninlu01
465,Luke Kunin,27,CBJ,C,12,131,127,50.8,-5.2,87,79,52.4,-2.3,2.0,91.5,93.5,34.4,65.6,11:46,10:18,2,4,0.1,32,53.1,kuninlu01
466,Rasmus Kupari,24,WPG,C,59,456,475,49.0,-1.0,327,326,50.1,-0.2,5.8,93.1,98.9,23.9,76.1,10:16,9:11,9,30,0.0,99,53.5,kuparra01
467,Sean Kuraly,32,CBJ,C,82,864,922,48.4,-0.4,594,624,48.8,-0.2,8.5,91.3,99.7,32.1,67.9,11:46,10:47,17,38,-6.6,194,45.4,kuralse01
468,Philipp Kurashev,25,CHI,C,51,512,666,43.5,-1.0,378,471,44.5,0.6,5.9,87.3,93.2,49.6,50.4,13:43,12:25,13,27,-8.0,112,48.2,kurasph01
469,Andrei Kuzmenko,28,TOT,F,66,896,813,52.4,1.8,610,582,51.2,0.2,9.7,89.2,98.9,62.4,37.6,15:38,12:52,22,57,4.1,183,45.4,kuzmean01
469,Andrei Kuzmenko,28,CGY,F,37,512,443,53.6,3.8,334,321,51.0,1.1,7.3,90.6,97.9,68.5,31.5,14:49,12:29,14,27,0.9,87,44.8,kuzmean01
469,Andrei Kuzmenko,28,LAK,F,22,301,263,53.4,-0.1,216,188,53.5,-0.1,14.5,89.7,104.2,52.3,47.7,16:31,12:58,7,21,3.1,75,41.3,kuzmean01
469,Andrei Kuzmenko,28,PHI,F,7,83,107,43.7,-3.1,60,73,45.1,-4.0,7.3,81.0,88.3,60.7,39.3,17:08,14:33,1,9,0.0,21,61.9,kuzmean01
470,Oliver Kylington,27,TOT,D,19,251,217,53.6,1.5,175,148,54.2,2.6,6.3,90.6,96.9,55.0,45.0,12:18,11:59,5,15,2.0,31,19.4,kylinol01
470,Oliver Kylington,27,COL,D,13,194,156,55.4,0.5,134,100,57.3,3.5,5.9,87.9,93.8,50.0,50.0,12:59,12:37,5,11,2.2,24,16.7,kylinol01
470,Oliver Kylington,27,ANA,D,6,57,61,48.3,1.4,41,48,46.1,-1.6,7.7,96.7,104.4,68.6,31.4,10:48,10:37,0,4,-0.2,7,28.6,kylinol01
471,Jordan Kyrou,26,STL,C,82,1239,1114,52.7,5.7,863,789,52.2,5.1,11.8,91.1,103.0,59.4,40.6,17:29,15:11,21,79,16.8,465,51.4,kyroujo01
472,Zachary L'Heureux,21,NSH,LW,62,655,669,49.5,-2.5,452,475,48.8,-2.2,9.1,90.3,99.4,37.3,62.7,12:03,11:03,14,33,-0.9,151,51.7,lheurza01
473,Kevin Labanc,29,CBJ,RW,34,352,317,52.6,3.9,237,204,53.7,4.3,8.9,91.1,100.0,42.9,57.1,10:30,9:54,6,14,1.0,93,37.6,labanke01
474,Joseph LaBate,31,CBJ,C,6,28,75,27.2,-21.8,21,49,30.0,-20.6,20.0,94.4,114.4,22.2,77.8,9:06,9:06,0,1,-1.5,5,60.0,labatjo01
475,Jackson LaCombe,24,ANA,D,75,1373,1422,49.1,4.6,998,1001,49.9,5.9,9.3,90.9,100.1,45.8,54.2,22:18,17:56,35,78,-0.2,268,50.0,lacomja01
476,Tanner Laczynski,27,VEG,C,8,51,71,41.8,-9.7,37,48,43.5,-12.4,4.0,92.9,96.9,54.3,45.7,8:36,8:26,0,0,-0.1,6,33.3,laczyta01
477,Alex Laferriere,23,LAK,RW,77,1232,984,55.6,3.5,876,690,55.9,3.1,11.2,91.4,102.7,52.5,47.5,16:32,14:46,14,48,10.6,384,50.3,laferal01
478,Sam Lafferty,29,BUF,C/LW,60,472,548,46.3,-4.6,314,396,44.2,-6.3,5.5,89.2,94.7,37.6,62.4,9:53,9:24,5,22,-7.0,93,53.8,laffesa01
479,Alexis Lafrenière,23,NYR,LW,82,1368,1214,53.0,5.8,971,889,52.2,4.8,10.6,86.7,97.4,65.7,34.3,17:00,15:26,25,46,-3.3,302,50.7,lafreal01
480,William Lagesson,28,DET,D,7,74,107,40.9,-10.3,51,77,39.8,-12.6,7.9,90.7,98.6,61.1,38.9,14:34,14:09,0,7,-1.1,10,50.0,lageswi01
481,Patrik Laine,26,MTL,RW,52,493,653,43.0,-5.1,342,449,43.2,-5.2,10.6,88.3,98.9,73.0,27.0,14:18,11:21,13,38,-5.2,215,54.0,lainepa01
482,Brad Lambert,21,WPG,C,5,50,51,49.5,-2.4,31,32,49.2,-2.6,5.9,95.0,100.9,70.6,29.4,11:36,10:21,0,1,-0.1,9,11.1,lambebr01
483,Maveric Lamoureux,21,UTA,D,15,229,172,57.1,3.8,149,124,54.6,2.3,11.4,92.0,103.4,52.9,47.1,16:07,15:21,3,16,0.1,41,41.5,lamouma01
484,Hendrix Lapierre,22,WSH,C,27,240,234,50.6,0.1,162,162,50.0,-2.1,7.8,90.1,97.9,71.9,28.1,9:48,9:09,5,17,-2.5,37,48.6,lapiehe01
485,Dylan Larkin,28,DET,C,82,1350,1244,52.0,6.3,960,914,51.2,5.1,10.4,87.4,97.8,45.5,54.5,20:04,15:51,39,94,2.6,456,51.3,larkidy01
486,Adam Larsson,32,SEA,D,82,1481,1594,48.2,-0.1,1080,1138,48.7,0.5,12.6,90.2,102.9,45.6,54.4,21:11,18:26,33,55,-8.5,263,42.6,larssad01
487,Scott Laughton,30,TOT,C,80,822,1113,42.5,-5.6,605,733,45.2,-4.6,8.9,87.5,96.4,41.7,58.3,14:36,12:35,19,59,0.3,237,52.7,laughsc01
487,Scott Laughton,30,PHI,C,60,664,826,44.6,-4.6,490,543,47.4,-3.7,8.5,85.8,94.3,44.1,55.9,15:06,12:49,14,48,2.9,192,54.7,laughsc01
487,Scott Laughton,30,TOR,C,20,158,287,35.5,-9.5,115,190,37.7,-8.7,11.1,92.2,103.3,33.9,66.1,13:06,11:56,5,11,-2.6,45,44.4,laughsc01
488,Jakub Lauko,24,TOT,C,56,398,609,39.5,-8.8,277,422,39.6,-9.1,8.5,89.6,98.1,31.7,68.3,10:43,9:48,6,25,-11.8,87,48.3,laukoja01
488,Jakub Lauko,24,MIN,C,38,235,377,38.4,-10.7,162,262,38.2,-11.5,8.1,91.7,99.8,32.9,67.1,10:03,8:58,5,18,-5.4,60,48.3,laukoja01
488,Jakub Lauko,24,BOS,C,18,163,232,41.3,-5.2,115,160,41.8,-4.6,9.0,86.4,95.3,30.1,69.9,12:07,11:34,1,7,-6.4,27,48.1,laukoja01
489,Jeremy Lauzon,27,NSH,D,28,392,391,50.1,-2.1,270,287,48.5,-2.4,7.4,90.8,98.2,38.9,61.1,17:58,15:18,4,19,-5.0,70,35.7,lauzoje01
490,Raphael Lavoie,24,VEG,C,9,85,79,51.8,-2.8,54,64,45.8,-9.8,3.4,88.6,92.1,58.2,41.8,10:05,9:33,0,3,-1.4,25,40.0,lavoira01
491,Curtis Lazar,29,NJD,C/RW,48,316,436,42.0,-10.6,210,326,39.2,-12.5,6.6,92.7,99.3,39.4,60.6,10:34,9:32,3,11,-5.8,51,52.9,lazarcu01
492,Brett Leason,25,ANA,RW,62,546,785,41.0,-4.6,380,531,41.7,-4.0,9.6,92.2,101.8,29.5,70.5,12:59,10:44,7,30,-7.3,156,50.6,leasobr01
493,Nick Leddy,33,STL,D,31,474,505,48.4,-0.8,327,343,48.8,-1.4,12.4,88.8,101.2,52.3,47.7,18:40,17:56,11,43,4.5,50,42.0,leddyni01
494,Anders Lee,34,NYI,LW,82,1377,1267,52.1,3.6,975,900,52.0,2.5,10.8,89.8,100.6,52.7,47.3,17:04,14:36,12,67,12.3,393,59.5,leean01
495,Andre Lee,24,LAK,LW,19,150,143,51.2,-0.7,97,95,50.5,-1.4,5.5,87.7,93.1,53.8,46.2,9:10,9:09,4,8,0.5,31,58.1,leean02
496,Nathan Legare,24,NJD,RW,3,16,31,34.0,-20.1,10,17,37.0,-14.6,0.0,87.5,87.5,53.8,46.2,10:41,10:33,0,0,0.4,4,75.0,legarna01
497,Artturi Lehkonen,29,COL,LW,69,1382,1051,56.8,4.3,1003,795,55.8,2.8,12.4,90.4,102.8,58.2,41.8,20:23,17:07,12,55,22.9,292,50.7,lehkoar01
498,Jonathan Lekkerimäki,20,VAN,RW,24,242,218,52.6,2.4,173,161,51.8,1.9,7.3,86.6,93.9,58.6,41.4,12:30,10:36,4,8,2.4,57,52.6,lekkejo01
499,Ryan Leonard,20,WSH,RW,9,105,113,48.2,-0.6,79,79,50.0,0.7,3.6,90.6,94.1,53.1,46.9,14:11,13:42,4,6,0.6,31,54.8,leonary01
500,Kris Letang,37,PIT,D,74,1410,1492,48.6,-3.1,992,1075,48.0,-2.9,9.7,88.9,98.6,50.6,49.4,23:32,19:29,37,100,-5.9,361,45.4,letankr01
501,Vinni Lettieri,29,BOS,C,26,284,314,47.5,2.7,199,234,46.0,1.6,6.1,88.7,94.8,44.1,55.9,13:31,12:26,10,6,-1.8,95,54.7,lettivi01
502,Artyom Levshunov,19,CHI,D,18,269,343,44.0,-2.3,194,261,42.6,-2.8,7.6,87.0,94.6,61.5,38.5,20:19,18:44,4,26,-6.8,66,31.8,levshar01
503,Trevor Lewis,38,LAK,C,60,475,572,45.4,-9.6,350,375,48.3,-6.8,8.2,91.8,100.1,47.9,52.1,10:13,9:37,4,22,-7.9,114,46.5,lewistr01
504,Timothy Liljegren,25,TOT,D,68,1108,1271,46.6,1.2,798,893,47.2,2.0,7.9,89.1,97.0,49.5,50.5,19:12,17:11,15,64,-5.9,251,40.6,liljeti01
504,Timothy Liljegren,25,SJS,D,67,1106,1250,46.9,1.4,796,879,47.5,2.2,7.9,88.9,96.9,49.6,50.4,19:16,17:15,15,63,-5.5,251,40.6,liljeti01
504,Timothy Liljegren,25,TOR,D,1,2,21,8.7,-29.8,2,14,12.5,-24.2,0.0,100.0,100.0,42.9,57.1,13:55,12:02,0,1,-0.5,0,,liljeti01
505,Esa Lindell,30,DAL,D,80,1320,1587,45.4,-6.5,943,1125,45.6,-4.4,12.4,93.2,105.6,35.1,64.9,22:11,18:23,30,109,-1.9,229,43.2,lindees01
506,Ryan Lindgren,26,TOT,D,72,1210,1233,49.5,-1.6,839,868,49.2,-2.0,9.4,90.6,100.0,52.0,48.0,19:42,17:12,12,72,-8.6,205,30.7,lindgry01
506,Ryan Lindgren,26,NYR,D,54,919,956,49.0,0.4,635,674,48.5,-0.1,10.2,90.4,100.6,53.6,46.4,19:56,17:13,10,55,-9.6,146,28.8,lindgry01
506,Ryan Lindgren,26,COL,D,18,291,277,51.2,-6.9,204,194,51.3,-7.2,6.7,91.4,98.1,45.8,54.2,18:60,17:08,2,17,1.0,59,35.6,lindgry01
507,Elias Lindholm,30,BOS,C,82,1115,1116,50.0,2.7,789,792,49.9,3.1,11.3,88.5,99.8,50.4,49.6,18:05,13:22,22,39,0.4,301,50.2,lindhel01
508,Hampus Lindholm,31,BOS,D,17,263,259,50.4,3.2,188,183,50.7,4.3,9.4,87.6,97.0,44.6,55.4,20:51,15:22,14,30,-0.3,81,43.2,lindhha01
509,Blake Lizotte,27,PIT,C,59,555,649,46.1,-5.2,381,442,46.3,-4.3,9.7,89.8,99.6,23.7,76.3,12:43,11:21,10,36,-6.0,103,50.5,lizotbl01
510,Mason Lohrei,24,BOS,D,77,1287,1360,48.6,1.5,876,958,47.8,1.0,9.8,85.8,95.7,61.0,39.0,19:32,17:06,36,104,-8.1,258,35.7,lohrema01
511,Ryan Lomberg,30,CGY,LW,80,590,689,46.1,-6.1,412,472,46.6,-5.1,7.0,92.4,99.3,37.7,62.3,8:39,8:31,11,18,-4.8,127,52.0,lombery01
512,Steven Lorentz,28,TOR,C/LW,80,602,710,45.9,-1.7,432,468,48.0,-0.3,9.3,93.0,102.3,25.5,74.5,10:33,9:23,12,25,0.4,140,54.3,lorenst01
513,Adam Lowry,31,WPG,LW,73,1005,966,51.0,0.7,726,695,51.1,0.1,10.1,92.7,102.8,32.1,67.9,15:26,13:24,20,44,3.0,196,50.5,lowryad01
514,Jake Lucchini,29,NSH,F,3,25,28,47.2,-6.6,14,17,45.2,-11.8,12.5,66.7,79.2,8.3,91.7,11:29,9:44,0,0,-0.3,3,66.7,lucchja01
515,Jett Luchanko,18,PHI,F,4,32,49,39.5,-6.3,27,39,40.9,-7.6,5.9,84.6,90.5,44.4,55.6,14:03,11:22,1,1,-0.4,10,30.0,luchaje01
516,John Ludvig,24,COL,D,8,96,107,47.3,-5.0,75,80,48.4,-2.9,4.0,90.0,94.0,27.5,72.5,12:57,12:42,1,5,-1.8,13,69.2,ludvijo01
517,Cameron Lund,20,SJS,C,11,116,130,47.2,1.0,91,97,48.4,3.1,6.8,78.8,85.6,47.0,53.0,11:30,10:33,1,2,-2.3,19,63.2,lundca01
518,Anton Lundell,23,FLA,C,79,1137,910,55.5,-0.7,809,657,55.2,0.2,9.5,91.6,101.1,57.6,42.4,16:43,13:23,27,60,9.2,317,49.8,lundean01
519,Isac Lundeström,25,ANA,C,79,668,949,41.3,-5.7,459,645,41.6,-5.3,8.2,90.6,98.8,27.3,72.7,13:33,10:56,15,26,-8.6,105,57.1,lundeis01
520,Nils Lundkvist,24,DAL,D,39,642,568,53.1,2.9,436,414,51.3,1.9,6.9,93.9,100.7,49.7,50.3,15:01,14:43,6,31,3.2,145,35.9,lundkni01
521,Tristan Luneau,21,ANA,D,6,73,121,37.6,-7.5,53,92,36.6,-8.5,7.1,88.3,95.5,46.8,53.2,16:33,16:09,1,6,-3.5,16,37.5,luneatr01
522,Eetu Luostarinen,26,FLA,C,80,1002,882,53.2,-3.5,701,640,52.3,-3.4,8.4,92.6,101.0,55.6,44.4,15:17,12:45,20,43,0.5,185,47.0,luostee01
523,Olle Lycksell,25,PHI,RW,19,194,181,51.7,1.4,137,121,53.1,0.4,5.2,91.7,96.9,54.6,45.4,11:53,10:57,4,17,-0.9,34,29.4,lycksol01
524,Fabian Lysell,22,BOS,RW,12,103,137,42.9,-3.4,74,100,42.5,-5.4,10.9,87.0,97.8,56.0,44.0,13:27,12:27,2,3,-1.9,38,55.3,lyselfa01
525,Ilya Lyubushkin,30,DAL,D,80,1052,1240,45.9,-5.1,755,884,46.1,-3.1,9.9,91.8,101.6,37.9,62.1,17:23,14:59,20,109,-0.3,146,34.9,lyubuil01
526,Olli Määttä,30,TOT,D,77,1296,1220,51.5,-0.5,912,862,51.4,-1.0,8.3,91.9,100.3,46.5,53.5,19:33,17:48,26,104,4.5,179,40.8,maattol01
526,Olli Määttä,30,UTA,D,70,1212,1115,52.1,-1.2,847,789,51.8,-1.9,8.4,91.8,100.2,46.5,53.5,19:55,18:03,25,96,2.9,171,40.9,maattol01
526,Olli Määttä,30,DET,D,7,84,105,44.4,3.8,65,73,47.1,6.0,7.8,92.7,100.6,47.5,52.5,15:52,15:21,1,8,1.5,8,37.5,maattol01
527,Matias Maccelli,24,UTA,LW,55,752,612,55.1,3.4,529,451,54.0,1.7,6.4,88.9,95.3,58.1,41.9,13:44,12:19,11,46,-0.5,200,43.0,maccema01
528,Kurtis MacDermid,30,NJD,LW/D,23,73,128,36.3,-15.9,48,83,36.6,-14.6,3.0,87.5,90.5,57.1,42.9,5:47,5:43,1,9,-1.1,15,46.7,macdeku01
529,Zack MacEwen,28,OTT,C,21,174,152,53.4,-1.7,116,104,52.7,-3.3,6.0,93.1,99.1,63.3,36.7,7:46,7:42,3,7,-0.4,47,55.3,macewza01
530,Connor Mackey,28,NYR,D,2,27,25,51.9,-0.3,18,20,47.4,-3.1,10.0,91.7,101.7,38.9,61.1,16:08,14:55,0,1,0.1,4,25.0,mackeco01
531,Nathan MacKinnon,29,COL,C,79,1887,1304,59.1,8.1,1338,942,58.7,7.8,11.0,88.9,99.9,63.8,36.2,22:47,18:54,27,121,35.1,590,54.2,mackina01
532,Kyle MacLean,25,NYI,F,81,611,744,45.1,-5.3,439,516,46.0,-5.1,6.6,89.8,96.4,48.9,51.1,9:58,9:38,12,26,-8.7,120,50.8,macleky01
533,Josh Mahura,26,SEA,D,64,715,814,46.8,-2.0,515,558,48.0,-0.7,10.2,91.7,101.9,54.7,45.3,13:45,13:08,10,41,-2.3,135,43.0,mahurjo01
534,Logan Mailloux,21,MTL,D,7,116,131,47.0,-0.6,86,103,45.5,-3.7,12.7,82.4,95.1,69.8,30.2,16:12,15:52,0,4,-1.1,22,45.5,mailllo01
535,Cale Makar,26,COL,D,80,1891,1451,56.6,4.1,1315,1047,55.7,2.8,11.4,89.4,100.9,60.8,39.2,25:43,19:55,60,113,27.3,623,39.5,makarca01
536,James Malatesta,21,CBJ,LW,2,12,32,27.3,-6.9,7,25,21.9,-15.2,16.7,86.7,103.3,25.0,75.0,10:34,10:31,1,4,-1.1,1,0.0,malatja01
537,Beck Malenstyn,26,BUF,LW,76,550,654,45.7,-4.5,381,457,45.5,-4.4,7.1,88.3,95.4,34.9,65.1,10:32,9:03,10,39,-8.4,133,50.4,malenbe01
538,Sam Malinski,26,COL,D,76,1196,1095,52.2,-2.3,818,744,52.4,-2.1,9.0,91.9,100.9,42.7,57.3,15:57,15:24,29,68,3.9,279,41.2,malinsa01
539,Evgeni Malkin,38,PIT,C,68,1068,1064,50.1,1.1,743,762,49.4,1.1,9.1,87.2,96.2,65.6,34.4,17:47,15:17,30,79,0.7,254,49.6,malkiev01
540,Jeff Malott,28,LAK,F,12,119,110,52.0,-1.3,81,80,50.3,-1.6,4.2,96.5,100.7,47.9,52.1,10:17,9:58,2,4,0.0,28,46.4,malotje01
541,Victor Mancini,22,TOT,D,31,362,536,40.3,-11.9,264,376,41.3,-10.9,7.7,91.6,99.3,53.9,46.1,15:18,14:59,3,29,-8.5,72,37.5,mancivi01
541,Victor Mancini,22,VAN,D,16,181,266,40.5,-12.3,128,172,42.7,-9.4,5.3,91.7,97.0,57.3,42.7,15:30,15:13,2,9,-2.6,37,18.9,mancivi01
541,Victor Mancini,22,NYR,D,15,181,270,40.1,-11.5,136,204,40.0,-12.2,9.7,91.5,101.2,49.5,50.5,15:05,14:45,1,20,-5.8,35,57.1,mancivi01
542,Andrew Mangiapane,28,WSH,LW,81,910,828,52.4,2.7,643,566,53.2,2.6,8.0,91.8,99.7,47.5,52.5,13:02,11:39,11,49,3.6,183,51.9,mangian01
543,Josh Manson,33,COL,D,48,731,690,51.4,-4.8,499,490,50.5,-5.4,10.0,87.8,97.7,39.9,60.1,18:02,16:27,20,74,-7.6,167,38.9,mansojo01
544,Anthony Mantha,30,CGY,RW,13,159,161,49.7,0.1,113,100,53.1,4.7,14.3,95.9,110.2,43.8,56.3,13:54,11:55,3,7,0.0,35,42.9,manthan01
545,Brad Marchand,36,TOT,LW,71,1053,1014,50.9,0.8,740,740,50.0,0.3,10.2,88.9,99.2,51.3,48.7,18:19,13:51,21,86,-3.8,380,51.1,marchbr03
545,Brad Marchand,36,BOS,LW,61,883,877,50.2,2.0,616,636,49.2,1.6,10.4,88.4,98.8,48.7,51.3,18:26,13:47,19,71,-2.3,341,51.3,marchbr03
545,Brad Marchand,36,FLA,LW,10,170,137,55.4,-6.8,124,104,54.4,-7.6,9.3,92.2,101.5,69.5,30.5,17:37,14:13,2,15,-1.4,39,48.7,marchbr03
546,Kirill Marchenko,24,CBJ,RW,79,1423,1260,53.0,6.3,1036,917,53.0,6.0,12.1,91.2,103.3,59.3,40.7,18:35,15:58,36,84,11.4,434,47.7,marchki01
547,Jonathan Marchessault,34,NSH,C,78,1217,1197,50.4,-1.0,842,879,48.9,-2.0,7.8,87.9,95.8,64.6,35.4,17:59,14:48,10,89,2.5,381,54.1,audymjo01
548,Mason Marchment,29,DAL,F,62,860,841,50.6,1.5,620,620,50.0,2.5,12.6,91.3,103.9,51.6,48.4,15:20,13:23,22,58,-1.3,257,52.1,marchma01
549,John Marino,27,UTA,D,35,705,621,53.2,0.3,495,437,53.1,0.2,10.8,88.3,99.1,49.3,50.7,21:10,18:53,10,32,5.5,76,38.2,marinjo01
550,Mitch Marner,27,TOR,RW,81,1348,1348,50.0,3.9,971,964,50.2,3.0,13.1,89.9,103.1,48.6,51.4,21:19,16:11,56,106,11.6,393,44.0,marnemi01
551,Pat Maroon,36,CHI,LW,68,621,785,44.2,0.3,457,574,44.3,1.4,8.0,90.7,98.7,45.9,54.1,11:32,10:33,4,37,-10.2,133,54.9,maroopa01
552,Matt Martin,35,NYI,LW,32,179,285,38.6,-9.9,135,189,41.7,-7.4,5.8,92.1,97.9,50.7,49.3,8:33,8:31,3,15,-4.8,39,43.6,martima02
553,Alec Martinez,37,CHI,D,44,605,860,41.3,-2.0,430,638,40.3,-2.8,10.2,90.0,100.3,49.5,50.5,18:44,16:42,9,41,-11.8,116,32.8,martial01
554,Jordan Martinook,32,CAR,LW,79,1237,870,58.7,-0.5,865,616,58.4,0.5,9.8,91.1,100.9,46.3,53.7,15:18,13:04,18,53,0.7,251,44.6,martijo01
555,Emil Martinsen Lilleberg,23,TBL,D,76,951,1000,48.7,-2.2,673,729,48.0,-3.0,9.0,90.8,99.8,49.9,50.1,15:17,14:27,12,56,-4.9,163,28.2,martiem01
556,Denton Mateychuk,20,CBJ,D,45,637,754,45.8,-4.4,455,531,46.1,-4.3,12.2,91.4,103.6,42.6,57.4,18:02,16:24,19,35,-5.6,111,39.6,mateyde01
557,Mike Matheson,30,MTL,D,80,1511,1706,47.0,-0.6,1055,1202,46.7,-1.0,10.9,88.6,99.5,43.1,56.9,25:05,19:40,43,107,-6.2,366,40.7,mathemi01
558,Nikolas Matinpalo,26,OTT,D,41,457,488,48.4,-0.4,319,365,46.6,-3.4,7.7,92.4,100.1,54.7,45.3,12:37,12:34,8,31,-2.9,94,45.7,matinni01
559,Auston Matthews,27,TOR,C,67,1146,1075,51.6,6.1,831,755,52.4,6.1,12.8,88.7,101.5,52.9,47.1,20:28,15:52,29,62,9.8,480,54.4,matthau01
560,Scott Mayfield,32,NYI,D,66,910,1070,46.0,-4.8,654,739,46.9,-4.6,11.6,92.9,104.5,48.5,51.5,17:00,15:20,27,59,-4.0,151,33.8,mayfisc01
561,Carter Mazur,22,DET,LW,1,1,0,100.0,37.1,1,0,100.0,33.3,,,,100.0,0.0,1:10,1:10,0,0,,0,,mazurca01
562,Charlie McAvoy,27,BOS,D,50,920,878,51.2,3.0,649,636,50.5,2.9,10.9,89.5,100.4,60.3,39.7,23:40,18:37,26,72,0.2,204,48.0,mcavoch01
563,Jack McBain,25,UTA,C,82,963,957,50.2,-3.7,677,660,50.6,-3.2,9.3,92.6,101.9,47.9,52.1,13:34,11:50,16,63,3.3,189,47.6,mcbaija03
564,Jake McCabe,31,TOR,D,66,1167,1301,47.3,-1.3,832,894,48.2,-0.9,12.8,91.1,103.9,37.3,62.7,21:31,18:50,9,83,6.7,170,43.5,mccabja01
565,Jared McCann,28,SEA,C,82,1065,1150,48.1,-0.2,761,829,47.9,-0.7,12.9,88.7,101.6,50.4,49.6,17:13,13:08,29,66,0.5,418,48.3,mccanja01
566,Michael McCarron,29,NSH,RW,74,750,836,47.3,-5.0,506,591,46.1,-5.5,7.2,88.9,96.1,19.9,80.1,13:45,11:24,15,29,-6.6,166,48.2,mccarmi01
567,Connor McDavid,28,EDM,C,67,1553,1010,60.6,10.6,1137,758,60.0,9.1,11.4,87.4,98.8,65.0,35.0,22:02,18:44,32,74,25.3,370,53.0,mcdavco01
568,Ryan McDonagh,35,TBL,D,82,1334,1412,48.6,-3.1,964,993,49.3,-1.8,13.6,92.8,106.4,37.2,62.8,20:22,17:35,24,115,8.3,195,40.0,mcdonry01
569,Brock McGinn,30,ANA,LW,26,230,319,41.9,-4.9,158,204,43.6,-2.7,10.8,91.1,101.9,36.2,63.8,11:43,10:04,7,8,-1.4,48,62.5,mcginbr01
570,Rutger McGroarty,20,PIT,RW,8,129,86,60.0,5.9,98,71,58.0,6.0,7.9,90.7,98.6,67.6,32.4,14:37,13:51,2,5,2.2,22,50.0,mcgroru01
571,Dylan McIlrath,32,WSH,D,17,166,221,42.9,-7.5,113,148,43.3,-9.3,9.9,89.4,99.2,53.5,46.5,11:39,11:26,3,17,-3.4,36,27.8,mcilrdy01
572,Marc McLaughlin,25,TOT,F,14,98,110,47.1,-4.7,68,75,47.6,-4.6,10.0,88.5,98.5,33.8,66.3,9:12,9:07,2,6,-1.0,24,54.2,mclauma01
572,Marc McLaughlin,25,BOS,F,12,86,94,47.8,-2.5,59,63,48.4,-2.6,9.1,90.9,100.0,29.6,70.4,9:12,9:05,2,6,-0.9,23,56.5,mclauma01
572,Marc McLaughlin,25,NJD,F,2,12,16,42.9,-18.8,9,12,42.9,-17.1,14.3,75.0,89.3,66.7,33.3,9:16,9:16,0,0,-0.1,1,0.0,mclauma01
573,Ryan McLeod,25,BUF,C,79,1054,1112,48.7,-1.4,765,811,48.5,-1.1,13.5,88.6,102.1,45.7,54.3,16:50,14:01,26,70,-5.6,200,49.0,mcleory01
574,Bobby McMann,28,TOR,F,74,955,1018,48.4,1.8,709,708,50.0,3.1,10.4,91.6,102.0,50.2,49.8,14:30,13:16,16,33,4.7,289,58.5,mcmanbo02
575,Connor McMichael,24,WSH,C,82,1237,1251,49.7,-0.9,899,871,50.8,-0.6,13.3,90.5,103.7,52.9,47.1,16:49,14:20,20,68,7.0,322,55.3,mcmicco01
576,Brayden McNabb,34,VEG,D,82,1436,1419,50.3,-0.9,999,972,50.7,-1.3,12.4,92.8,105.1,52.0,48.0,20:07,18:07,21,79,11.1,242,40.1,mcnabbr01
577,Mason McTavish,22,ANA,C,76,1082,1300,45.4,-0.9,778,956,44.9,-1.5,11.7,91.1,102.7,49.6,50.4,16:53,14:19,18,51,-5.3,352,51.1,mctavma01
578,Jaycob Megna,32,FLA,D,8,106,83,56.1,-5.2,75,55,57.7,-3.0,2.2,91.4,93.7,45.1,54.9,16:06,14:15,1,6,1.6,14,35.7,megnaja02
579,Timo Meier,28,NJD,RW,80,1473,1249,54.1,4.5,1028,889,53.6,5.4,8.8,91.5,100.3,47.9,52.1,17:52,15:58,22,73,14.2,525,45.3,meierti01
580,Jacob Melanson,21,SEA,RW,1,9,11,45.0,-2.2,7,8,46.7,7.8,25.0,75.0,100.0,0.0,100.0,9:53,9:53,1,1,-0.3,0,,melanja01
581,Dawson Mercer,23,NJD,C,82,1158,1158,50.0,-2.1,805,824,49.4,-1.4,8.8,91.9,100.7,42.8,57.2,17:53,14:22,18,56,2.8,280,50.4,merceda01
582,Georgii Merkulov,24,BOS,F,6,61,82,42.7,-4.5,48,58,45.3,-0.4,9.4,93.5,102.9,52.3,47.7,13:44,12:13,1,2,1.0,13,53.8,merkuge01
583,Dakota Mermis,31,TOT,D,4,63,62,50.4,7.6,48,47,50.5,5.2,10.3,83.9,94.2,44.0,56.0,15:12,15:08,0,5,0.4,13,46.2,mermida01
583,Dakota Mermis,31,TOR,D,3,50,46,52.1,10.7,40,34,54.1,10.4,8.7,90.5,99.2,45.0,55.0,16:41,16:37,0,5,0.6,8,50.0,mermida01
583,Dakota Mermis,31,UTA,D,1,13,16,44.8,-1.7,8,13,38.1,-13.0,16.7,70.0,86.7,40.0,60.0,10:47,10:40,0,0,-0.2,5,40.0,mermida01
584,Jonathon Merrill,32,MIN,D,70,754,948,44.3,-4.2,559,674,45.3,-3.6,7.8,91.4,99.2,42.0,58.0,14:06,13:13,14,64,-5.0,111,42.3,merrijo01
585,Ben Meyers,26,SEA,F,8,50,73,40.7,-5.7,34,48,41.5,-2.0,3.8,89.3,93.1,41.9,58.1,8:21,8:21,1,1,0.0,10,40.0,meyerbe01
586,Matvei Michkov,20,PHI,RW,80,1150,1158,49.8,2.1,846,772,52.3,2.7,10.9,85.7,96.6,64.3,35.7,16:41,13:51,14,82,11.2,359,55.7,michkma01
587,Jacob Middleton,29,MIN,D,67,1190,1467,44.8,-3.8,843,1030,45.0,-4.5,10.1,92.7,102.8,45.0,55.0,21:52,19:46,21,64,-7.2,224,43.3,middlja01
588,Keaton Middleton,26,COL,D,41,430,391,52.4,-2.1,300,274,52.3,-2.5,6.6,92.5,99.0,42.1,57.9,11:29,10:46,7,27,0.1,111,39.6,middlke01
589,Ilya Mikheyev,30,CHI,F,80,861,1000,46.3,2.6,629,728,46.4,3.5,13.1,88.8,101.8,39.7,60.3,15:41,13:31,21,54,-9.3,221,62.4,mikheil01
590,Niko Mikkola,28,FLA,D,76,1446,1208,54.5,-2.4,1042,886,54.0,-1.6,9.5,90.5,100.0,56.2,43.8,20:12,18:13,15,99,10.4,264,43.9,mikkoni01
591,Sonny Milano,28,WSH,LW,3,17,28,37.8,-7.1,15,24,38.5,-5.5,0.0,81.3,81.3,50.0,50.0,7:13,7:04,0,1,0.3,4,100.0,milanso01
592,Colin Miller,32,WPG,D,60,793,763,51.0,1.7,556,543,50.6,0.8,8.8,94.0,102.8,52.3,47.7,14:31,13:55,12,53,2.2,187,36.4,milleco02
593,J.T. Miller,31,TOT,C,72,1011,975,50.9,2.0,727,724,50.1,1.8,12.8,86.4,99.2,51.0,49.0,18:12,14:10,28,71,0.7,272,50.4,millejt01
593,J.T. Miller,31,VAN,C,40,544,526,50.8,1.5,390,395,49.7,1.0,11.9,87.8,99.7,57.3,42.7,17:57,13:60,11,36,1.2,151,54.3,millejt01
593,J.T. Miller,31,NYR,C,32,467,449,51.0,2.7,337,329,50.6,2.7,13.9,84.8,98.7,43.6,56.4,18:31,14:23,17,35,-0.5,121,45.5,millejt01
594,K'Andre Miller,25,NYR,D,74,1368,1411,49.2,0.7,980,1024,48.9,0.1,11.2,88.7,99.9,45.4,54.6,21:57,18:56,47,97,-7.8,261,42.1,milleka01
595,Michael Milne,22,MIN,LW,1,2,6,25.0,-23.2,2,3,40.0,-4.6,0.0,100.0,100.0,0.0,100.0,6:34,6:34,0,0,0.0,0,,milnemi01
596,Fraser Minten,20,TOT,C,21,193,244,44.2,-5.8,150,167,47.3,-3.9,6.9,89.5,96.4,38.7,61.3,13:01,11:48,2,10,-2.0,52,46.2,mintefr01
596,Fraser Minten,20,TOR,C,15,127,175,42.1,-10.2,100,118,45.9,-6.7,6.1,90.1,96.2,48.1,51.9,12:14,10:59,1,4,-1.4,37,43.2,mintefr01
596,Fraser Minten,20,BOS,C,6,66,69,48.9,5.3,50,49,50.5,2.9,8.3,88.2,96.6,22.2,77.8,15:01,13:49,1,6,-0.6,15,53.3,mintefr01
597,Pavel Mintyukov,21,ANA,D,68,968,1308,42.5,-4.5,714,944,43.1,-3.9,11.0,90.6,101.6,42.2,57.8,17:36,15:51,13,62,-13.0,180,38.3,mintypa01
598,Daniil Miromanov,27,CGY,D/RW,44,786,716,52.3,2.4,512,484,51.4,2.2,8.1,92.4,100.5,48.1,51.9,17:41,17:07,11,42,-2.2,143,36.4,miromda01
599,Ivan Miroshnichenko,20,WSH,LW,18,141,142,49.8,-3.4,105,87,54.7,2.1,7.8,92.6,100.4,31.3,68.8,9:21,8:23,3,11,-0.6,32,43.8,mirosiv01
600,Daniil Misyul,24,NJD,D,1,10,8,55.6,5.0,7,6,53.8,8.5,0.0,66.7,66.7,87.5,12.5,12:23,12:23,0,1,0.0,1,0.0,misyuda01
601,Ian Mitchell,26,BOS,D,15,151,221,40.6,-6.8,106,153,40.9,-6.7,11.9,91.3,103.2,49.6,50.4,15:36,14:30,5,13,-4.4,26,38.5,mitchia01
602,Casey Mittelstadt,26,TOT,C,81,1099,1147,48.9,-4.1,775,833,48.2,-4.8,10.0,86.5,96.5,55.9,44.1,17:04,14:46,19,80,-9.1,185,56.8,mitteca01
602,Casey Mittelstadt,26,COL,C,63,885,869,50.5,-4.5,616,630,49.4,-5.4,10.9,87.0,97.9,56.1,43.9,17:00,14:40,16,65,-5.8,149,55.0,mitteca01
602,Casey Mittelstadt,26,BOS,C,18,214,278,43.5,-2.5,159,203,43.9,-2.1,6.0,84.7,90.7,55.3,44.7,17:17,15:07,3,15,-3.3,36,63.9,mitteca01
603,Sean Monahan,30,CBJ,C,54,932,810,53.5,5.6,679,583,53.8,6.4,12.2,89.6,101.7,52.5,47.5,19:01,14:55,13,52,8.8,214,59.8,monahse01
604,Brandon Montour,30,SEA,D,81,1668,1719,49.2,1.7,1181,1260,48.4,0.0,9.3,88.8,98.1,49.3,50.7,22:59,20:21,25,97,-7.9,531,43.5,montobr01
605,Ian Moore,23,ANA,D,3,44,46,48.9,3.6,33,39,45.8,2.4,4.5,100.0,104.5,76.2,23.8,13:38,13:38,0,1,-1.0,9,44.4,mooreia01
606,Oliver Moore,20,CHI,C,9,89,111,44.5,1.5,66,80,45.2,3.3,10.2,84.8,95.0,45.1,54.9,13:35,12:50,1,11,0.2,16,62.5,mooreol01
607,Trevor Moore,29,LAK,LW,71,1084,914,54.3,1.6,791,637,55.4,2.4,10.7,90.6,101.4,48.6,51.4,16:53,13:49,23,46,-0.6,322,47.5,mooretr01
608,Mason Morelli,28,VEG,F,1,2,4,33.3,-12.8,1,3,25.0,-19.2,0.0,66.7,66.7,0.0,100.0,7:31,7:31,0,0,-0.1,1,0.0,morelma01
609,Josh Morrissey,29,WPG,D,80,1722,1605,51.8,2.7,1273,1157,52.4,2.6,10.3,91.5,101.8,62.9,37.1,24:23,20:47,32,78,12.4,433,39.7,morrijo04
610,Scott Morrow,22,CAR,D,14,272,191,58.7,2.5,188,148,56.0,1.8,11.1,89.8,100.9,66.7,33.3,15:48,15:11,5,21,1.1,61,37.7,morrosc02
611,Sam Morton,25,CGY,F,1,7,10,41.2,-10.1,7,6,53.8,7.0,20.0,100.0,120.0,33.3,66.7,12:25,11:14,0,0,-0.2,3,33.3,mortosa01
612,J.J. Moser,24,TBL,D,54,874,855,50.5,-0.9,619,594,51.0,0.0,13.4,91.4,104.8,46.3,53.7,18:51,16:49,23,45,1.5,146,32.9,moserja01
613,Tyler Motte,29,DET,C,55,441,529,45.5,-3.1,310,353,46.8,-2.1,7.3,88.0,95.3,50.6,49.4,11:19,9:45,16,31,-1.3,134,49.3,mottety01
614,Jacob Moverare,26,LAK,D,49,564,492,53.4,-0.1,405,329,55.2,1.7,10.6,89.2,99.8,51.4,48.6,11:52,11:40,7,24,1.3,76,39.5,moverja01
615,Ty Mueller,21,VAN,C,2,12,30,28.6,-22.9,7,20,25.9,-25.4,0.0,100.0,100.0,36.4,63.6,10:18,10:18,0,1,-0.1,2,50.0,muellty01
616,Shakir Mukhamadullin,23,SJS,D,30,433,469,48.0,0.9,288,314,47.8,-0.1,6.7,89.6,96.4,47.0,53.0,18:04,16:15,5,33,-3.9,84,35.7,mukhash01
617,Connor Murphy,31,CHI,D,68,1013,1268,44.4,-0.6,732,883,45.3,1.4,9.2,91.1,100.3,36.5,63.5,20:37,18:15,17,64,-6.7,193,43.5,murphco02
618,Brett Murray,26,BUF,LW,3,15,28,34.9,-10.2,7,20,25.9,-17.9,0.0,91.7,91.7,58.3,41.7,7:55,7:31,1,0,-0.7,0,,murrabr02
619,Philippe Myers,28,TOR,D,36,506,541,48.3,1.9,350,379,48.0,1.0,8.2,92.3,100.5,51.7,48.3,16:14,15:11,13,45,-1.6,121,38.0,myersph01
620,Tyler Myers,34,VAN,D,71,1153,1286,47.3,-3.4,819,877,48.3,-1.1,11.5,88.7,100.2,44.2,55.8,20:48,17:60,31,61,-1.1,233,37.3,myersty01
621,Bradly Nadeau,19,CAR,LW,2,25,15,62.5,7.9,22,14,61.1,8.6,12.5,77.8,90.3,63.6,36.4,11:29,10:29,0,0,1.1,8,100.0,nadeabr01
622,Vladislav Namestnikov,32,WPG,C,78,1028,936,52.3,3.7,765,653,53.9,5.0,10.0,93.2,103.2,67.1,32.9,15:05,13:06,15,38,2.3,168,56.0,namesvl01
623,Frank Nazar,21,CHI,C,53,594,749,44.2,0.8,417,550,43.1,0.8,10.9,88.8,99.7,50.6,49.4,15:52,13:34,8,57,-8.1,171,53.2,nazarfr01
624,Martin Nečas,26,TOT,C,79,1463,1000,59.4,2.3,1058,754,58.4,1.5,10.0,88.2,98.3,61.7,38.3,18:60,15:21,23,83,14.0,394,49.2,necasma01
624,Martin Nečas,26,CAR,C,49,818,581,58.5,-1.4,593,448,57.0,-2.4,11.4,87.8,99.2,60.6,39.4,18:05,14:22,15,52,2.7,233,48.5,necasma01
624,Martin Nečas,26,COL,C,30,645,419,60.6,8.4,465,306,60.3,7.8,8.3,88.9,97.2,63.0,37.0,20:30,16:57,8,31,11.4,161,50.3,necasma01
625,Jake Neighbours,22,STL,LW,82,1018,1116,47.7,-1.2,709,796,47.1,-2.1,11.0,90.6,101.6,55.0,45.0,15:54,13:45,14,51,0.2,196,62.2,neighja01
626,Brock Nelson,33,TOT,C,80,1297,1323,49.5,-1.6,913,928,49.6,-2.6,11.3,90.1,101.4,54.4,45.6,18:55,15:36,40,50,3.4,360,53.6,nelsobr01
626,Brock Nelson,33,NYI,C,61,999,1038,49.0,-0.3,714,737,49.2,-1.1,10.6,89.9,100.5,54.2,45.8,19:21,15:46,30,34,0.4,290,55.9,nelsobr01
626,Brock Nelson,33,COL,C,19,298,285,51.1,-5.5,199,191,51.0,-6.9,13.7,91.1,104.8,55.0,45.0,17:30,15:03,10,16,3.0,70,44.3,nelsobr01
627,Simon Nemec,20,NJD,D,27,311,387,44.6,-6.4,210,290,42.0,-8.2,5.8,91.3,97.1,64.6,35.4,14:59,13:47,5,24,-4.9,63,41.3,nemecsi01
628,Nikita Nesterenko,23,ANA,C,20,180,212,45.9,0.3,119,156,43.3,-2.8,9.8,87.1,96.9,34.9,65.1,10:19,10:15,2,7,-0.6,41,48.8,nesteni02
629,Alex Newhook,24,MTL,C,82,1017,1178,46.3,-1.3,708,818,46.4,-1.2,8.9,88.7,97.6,59.7,40.3,15:08,13:30,15,38,-4.6,264,44.7,newhoal01
630,Valeri Nichushkin,29,COL,RW,43,753,630,54.4,1.7,529,457,53.7,0.0,13.1,89.7,102.8,57.1,42.9,19:44,15:24,7,42,3.3,212,55.7,nichuva01
631,Nino Niederreiter,32,WPG,RW,82,1072,1075,49.9,0.0,784,777,50.2,-0.5,9.3,93.5,102.9,35.6,64.4,14:51,13:31,17,60,-1.3,271,55.4,niedeni01
632,Matthew Nieto,32,PIT,LW,32,253,306,45.3,-6.2,170,215,44.2,-6.8,4.4,90.2,94.6,18.2,81.8,12:15,10:10,1,19,-3.9,46,67.4,nietoma01
633,Stefan Noesen,31,NJD,RW,78,1097,950,53.6,2.8,763,688,52.6,2.9,9.6,87.8,97.4,48.9,51.1,15:56,13:10,14,73,10.0,284,58.1,noesest01
634,Joshua Norris,25,TOT,C,56,736,768,48.9,-2.9,525,537,49.4,-2.8,8.6,88.7,97.3,40.9,59.1,18:21,13:07,13,33,-2.0,178,53.9,norrijo01
634,Joshua Norris,25,OTT,C,53,693,726,48.8,-3.3,495,505,49.5,-3.1,8.2,89.1,97.3,40.0,60.0,18:20,13:01,13,31,-1.9,173,54.3,norrijo01
634,Joshua Norris,25,BUF,C,3,43,42,50.6,5.7,30,32,48.4,3.2,15.8,81.8,97.6,61.9,38.1,18:36,14:44,0,2,-0.1,5,40.0,norrijo01
635,Tomáš Nosek,32,FLA,C,59,528,409,56.4,-0.7,368,302,54.9,-1.9,6.9,93.6,100.5,48.6,51.4,9:49,8:39,5,20,7.7,114,41.2,nosekto01
636,Thomas Novak,27,TOT,C,54,716,570,55.7,4.5,501,401,55.5,5.5,6.8,89.2,96.0,62.0,38.0,13:14,11:54,12,48,5.5,155,59.4,novakth01
636,Thomas Novak,27,NSH,C,52,692,531,56.6,5.3,483,373,56.4,6.2,7.1,89.3,96.4,61.6,38.4,13:14,11:53,11,47,6.8,147,59.9,novakth01
636,Thomas Novak,27,PIT,C,2,24,39,38.1,-11.9,18,28,39.1,-5.7,0.0,87.5,87.5,68.8,31.3,13:01,12:22,1,1,-1.2,8,50.0,novakth01
637,Ryan Nugent-Hopkins,31,EDM,C,78,1204,986,55.0,1.2,855,702,54.9,0.9,8.5,90.2,98.7,52.1,47.9,18:58,14:08,29,49,11.8,293,56.0,nugenry01
638,Darnell Nurse,29,EDM,D,76,1532,1451,51.4,-5.1,1126,1014,52.6,-3.5,9.2,91.1,100.3,52.1,47.9,22:22,19:38,16,69,8.1,393,47.8,nurseda01
639,Alexander Nylander,26,TOR,LW,5,30,34,46.9,0.7,22,27,44.9,-3.3,8.3,88.9,97.2,57.1,42.9,9:53,8:15,1,3,0.0,8,50.0,nylanal01
640,William Nylander,28,TOR,RW,82,1372,1439,48.8,2.1,993,1064,48.3,0.1,11.3,90.7,102.1,55.0,45.0,19:31,16:16,28,79,7.0,467,54.2,nylanwi01
641,Jani Nyman,20,SEA,RW,12,121,162,42.8,-6.9,92,116,44.2,-7.6,7.3,92.1,99.4,46.8,53.2,13:59,11:40,2,5,-2.8,48,45.8,nymanja01
642,Gustav Nyquist,35,TOT,RW,79,1234,1043,54.2,4.8,859,763,53.0,3.7,7.8,87.1,94.9,56.3,43.7,16:51,13:55,19,59,-0.2,234,44.0,nyquigu01
642,Gustav Nyquist,35,NSH,RW,57,985,762,56.4,6.8,682,572,54.4,5.3,8.2,86.0,94.2,59.7,40.3,17:39,14:39,13,49,2.2,171,41.5,nyquigu01
642,Gustav Nyquist,35,MIN,RW,22,249,281,47.0,-2.1,177,191,48.1,-1.6,5.8,90.7,96.5,43.9,56.1,14:46,12:01,6,10,-2.4,63,50.8,nyquigu01
643,Liam O'Brien,30,UTA,C,28,249,256,49.3,-4.3,175,173,50.3,-4.0,8.2,93.0,101.2,47.0,53.0,9:18,9:17,2,8,0.6,73,46.6,obrieli01
644,Drew O'Connor,26,TOT,F,84,1093,1029,51.5,1.9,773,749,50.8,1.7,7.4,89.3,96.7,46.9,53.1,14:28,12:47,36,61,-5.2,247,47.4,oconndr01
644,Drew O'Connor,26,PIT,F,53,685,657,51.0,1.2,489,482,50.4,1.2,6.4,89.3,95.7,46.3,53.7,14:37,12:39,24,39,-4.5,171,48.0,oconndr01
644,Drew O'Connor,26,VAN,F,31,408,372,52.3,3.2,284,267,51.5,2.5,9.0,89.3,98.3,48.0,52.0,14:12,12:59,12,22,-0.7,76,46.1,oconndr01
645,Logan O'Connor,28,COL,RW,80,949,856,52.6,-1.8,640,574,52.7,-1.6,7.3,90.9,98.1,33.8,66.2,14:07,12:06,17,32,2.5,175,50.9,oconnlo01
646,Ryan O'Reilly,33,NSH,C,79,1344,1112,54.7,5.2,957,821,53.8,4.9,9.5,86.0,95.5,58.5,41.5,18:59,15:13,31,64,2.1,270,55.9,oreilry01
647,Jordan Oesterle,32,TOT,D,37,572,578,49.7,1.9,401,411,49.4,2.2,10.4,89.9,100.4,48.0,52.0,17:09,16:24,15,51,-2.1,100,38.0,oestejo01
647,Jordan Oesterle,32,BOS,D,22,364,352,50.8,4.1,252,248,50.4,4.3,11.3,90.4,101.7,44.1,55.9,17:36,17:02,7,33,-0.1,55,36.4,oestejo01
647,Jordan Oesterle,32,NSH,D,15,208,226,47.9,-1.5,149,163,47.8,-0.9,9.1,89.3,98.4,52.6,47.4,16:29,15:29,8,18,-2.0,45,40.0,oestejo01
648,Liam Ohgren,21,MIN,LW,24,205,274,42.8,-3.7,141,191,42.5,-5.0,7.5,89.3,96.8,46.3,53.7,11:06,9:58,5,9,-4.0,66,48.5,ohgreli01
649,Oskar Olausson,22,COL,RW,2,6,10,37.5,-23.8,4,6,40.0,-23.0,0.0,100.0,100.0,40.0,60.0,6:49,6:49,0,2,-0.1,3,100.0,olausos01
650,Jamie Oleksiak,32,SEA,D,82,1208,1445,45.5,-3.9,875,1035,45.8,-3.8,10.8,90.6,101.4,39.0,61.0,18:47,16:04,23,89,-14.1,174,37.9,oleksja01
651,Mathieu Olivier,27,CBJ,F,82,957,1201,44.3,-5.7,668,809,45.2,-4.9,9.6,90.1,99.7,42.0,58.0,14:28,13:18,22,49,-4.8,200,55.5,olivima01
652,Victor Olofsson,29,VEG,RW,56,727,630,53.6,1.6,517,449,53.5,0.6,10.5,93.8,104.3,57.1,42.9,14:30,13:06,8,25,11.3,211,51.7,olofsvi01
653,Dmitry Orlov,33,CAR,D,76,1530,1056,59.2,-0.4,1084,797,57.6,-1.1,10.2,89.8,100.0,54.7,45.3,19:60,17:54,21,98,6.0,310,37.7,orlovdm01
654,Zack Ostapchuk,21,TOT,C,56,414,502,45.2,-4.4,289,356,44.8,-5.3,4.2,93.4,97.6,48.1,51.9,9:25,8:56,8,19,-4.0,53,49.1,ostapza01
654,Zack Ostapchuk,21,OTT,C,43,316,372,45.9,-5.0,217,269,44.7,-7.0,4.4,92.8,97.2,49.3,50.7,9:20,8:52,7,13,-4.5,43,46.5,ostapza01
654,Zack Ostapchuk,21,SJS,C,13,98,130,43.0,-2.3,72,87,45.3,0.0,3.8,95.0,98.8,45.8,54.2,9:43,9:10,1,6,0.5,10,60.0,ostapza01
655,Noah Ostlund,20,BUF,C,8,84,68,55.3,4.4,54,55,49.5,-1.4,0.0,82.9,82.9,50.0,50.0,10:33,9:51,2,4,-1.6,13,30.8,ostluno01
656,Brennan Othmann,22,NYR,LW,22,232,210,52.5,3.0,169,156,52.0,3.1,11.1,95.0,106.2,70.7,29.3,9:58,9:45,1,6,0.8,49,40.8,othmabr01
657,Ville Ottavainen,22,SEA,D,1,15,9,62.5,9.2,10,5,66.7,13.6,20.0,0.0,20.0,80.0,20.0,14:24,14:24,0,0,0.1,4,25.0,ottavvi01
658,Alex Ovechkin,39,WSH,LW,65,919,935,49.6,0.1,673,675,49.9,-0.9,14.6,90.0,104.6,77.5,22.5,17:43,13:33,12,47,-1.4,508,46.7,ovechal01
659,Brayden Pachal,25,CGY,D,76,1004,981,50.6,-0.7,682,707,49.1,-2.2,7.8,93.5,101.4,61.7,38.3,14:14,12:59,16,64,-5.9,196,31.1,pachabr01
660,Max Pacioretty,36,TOR,LW,37,469,501,48.4,-2.0,353,364,49.2,-1.8,8.8,90.0,98.8,49.8,50.2,13:30,12:22,5,27,1.0,130,53.8,pacioma01
661,Jean-Gabriel Pageau,32,NYI,C,79,1177,1123,51.2,1.9,848,784,52.0,2.0,9.5,89.8,99.3,50.3,49.7,16:60,13:42,25,47,8.3,232,51.7,pageaje01
662,Ondřej Palát,33,NJD,LW,77,964,1021,48.6,-4.0,653,749,46.6,-5.0,10.2,90.3,100.5,60.3,39.7,13:45,12:37,24,56,-6.2,192,50.0,palaton01
663,Kyle Palmieri,33,NYI,RW,82,1261,1394,47.5,-3.0,901,990,47.6,-3.8,10.3,88.6,98.9,53.4,46.6,18:31,15:07,18,55,-7.6,363,46.6,palmiky01
664,Artemi Panarin,33,NYR,LW,80,1477,1250,54.2,8.0,1068,923,53.6,7.2,11.1,87.1,98.2,66.4,33.6,19:41,16:32,25,97,2.5,586,40.4,panarar01
665,Colton Parayko,31,STL,D,64,1179,1320,47.2,-3.1,843,894,48.5,-0.5,12.1,90.0,102.1,41.3,58.7,23:45,21:04,27,86,2.1,251,49.8,parayco01
666,Zayne Parekh,18,CGY,D,1,13,10,56.5,9.4,9,9,50.0,2.5,37.5,100.0,137.5,33.3,66.7,20:31,18:33,0,1,-0.1,3,66.7,parekza01
667,Juuso Pärssinen,23,TOT,C,48,391,465,45.7,-6.7,262,335,43.9,-6.9,9.6,90.6,100.1,53.6,46.4,10:32,9:54,4,18,-9.6,61,49.2,parssju01
667,Juuso Pärssinen,23,COL,C,22,168,156,51.9,-4.4,107,108,49.8,-5.8,11.3,91.7,102.9,52.1,47.9,9:47,9:06,0,5,-1.5,24,62.5,parssju01
667,Juuso Pärssinen,23,NSH,C,15,153,173,46.9,-2.4,103,132,43.8,-2.6,5.6,88.0,93.6,58.2,41.8,12:13,11:13,2,9,-3.5,28,39.3,parssju01
667,Juuso Pärssinen,23,NYR,C,11,70,136,34.0,-14.3,52,95,35.4,-11.1,13.9,93.4,107.3,49.3,50.7,9:46,9:44,2,4,-4.6,9,44.4,parssju01
668,David Pastrňák,28,BOS,RW,82,1414,1283,52.4,6.6,1017,950,51.7,6.2,13.3,87.3,100.5,68.8,31.2,20:11,16:42,40,118,1.0,624,51.1,pastrda01
669,Nick Paul,29,TBL,LW,76,1010,1026,49.6,-1.5,712,733,49.3,-1.7,11.1,92.8,103.9,42.4,57.6,16:27,14:43,19,48,1.4,255,55.3,paulni01
670,Tanner Pearson,32,VEG,LW,78,853,943,47.5,-4.0,608,660,47.9,-4.2,8.5,91.9,100.4,47.2,52.8,11:47,11:30,15,46,-2.2,201,54.2,pearsta01
671,Andrew Peeke,26,BOS,D,76,1119,1318,45.9,-3.1,767,921,45.4,-3.3,8.8,90.4,99.2,46.8,53.2,18:36,16:45,15,98,-6.2,205,39.0,peekean01
672,Adam Pelech,30,NYI,D,60,1237,1005,55.2,6.1,876,700,55.6,6.1,8.1,90.0,98.1,47.2,52.8,21:07,19:02,36,58,7.3,278,39.2,pelecad01
673,Jakob Pelletier,23,TOT,LW,49,497,468,51.5,1.4,361,331,52.2,1.3,10.5,92.6,103.1,53.1,46.9,11:33,10:41,11,25,1.8,92,58.7,pelleja01
673,Jakob Pelletier,23,PHI,LW,25,214,216,49.8,1.9,164,142,53.6,4.4,9.0,88.9,97.9,40.6,59.4,10:31,10:14,5,10,1.3,40,60.0,pelleja01
673,Jakob Pelletier,23,CGY,LW,24,283,252,52.9,0.4,197,189,51.0,-1.7,11.8,95.9,107.7,63.8,36.2,12:38,11:10,6,15,0.6,52,57.7,pelleja01
674,Nicklaus Perbix,26,TBL,D,74,1031,969,51.6,1.4,721,700,50.7,0.5,10.2,90.9,101.1,50.1,49.9,14:41,14:25,21,62,-0.8,190,34.7,perbini01
675,Cole Perfetti,23,WPG,C,82,1117,991,53.0,4.1,817,680,54.6,5.3,9.9,92.0,101.9,73.3,26.7,15:11,13:28,20,55,3.0,284,50.4,perfeco01
676,Gabriel Perreault,19,NYR,RW,5,45,69,39.5,-16.7,32,46,41.0,-16.4,0.0,96.9,96.9,61.5,38.5,14:26,13:09,1,6,-1.3,10,50.0,perrega01
677,David Perron,36,OTT,LW,43,502,495,50.4,2.5,373,350,51.6,3.6,7.4,89.9,97.2,51.8,48.2,14:01,11:59,13,25,-0.5,135,52.6,perroda01
678,Corey Perry,39,EDM,RW,81,957,766,55.5,1.9,670,559,54.5,0.2,9.7,92.1,101.8,64.9,35.1,11:56,10:38,13,44,6.1,200,50.0,perryco01
679,Scott Perunovich,26,TOT,D,35,500,472,51.4,4.4,362,351,50.8,2.1,10.3,86.8,97.1,64.2,35.8,16:00,14:55,10,29,2.5,43,41.9,perunsc01
679,Scott Perunovich,26,STL,D,24,314,263,54.4,9.3,221,203,52.1,6.1,10.0,88.2,98.2,67.9,32.1,14:37,13:33,4,18,5.2,26,34.6,perunsc01
679,Scott Perunovich,26,NYI,D,11,186,209,47.1,-4.2,141,148,48.8,-5.4,10.7,85.0,95.7,58.0,42.0,19:02,17:53,6,11,-2.7,17,52.9,perunsc01
680,Brett Pesce,30,NJD,D,72,1333,1258,51.4,-0.8,933,910,50.6,-0.2,8.0,89.9,97.8,49.6,50.4,21:19,18:60,25,62,4.0,218,45.4,pescebr01
681,JJ Peterka,23,BUF,RW,77,1242,1202,50.8,2.1,902,884,50.5,2.2,14.3,87.0,101.3,57.1,42.9,18:11,15:16,22,87,-1.9,384,45.1,peterjo01
682,Alexander Petrovic,32,DAL,D,5,56,56,50.0,3.0,40,47,46.0,-2.0,7.7,87.9,95.6,54.2,45.8,14:06,13:59,1,5,-0.6,16,31.3,petroal01
683,Jeff Petry,37,DET,D,44,656,864,43.2,-4.5,453,636,41.6,-5.4,9.2,92.9,102.1,46.0,54.0,18:54,17:31,16,51,-8.1,107,30.8,petryje01
684,Elias Pettersson,26,VAN,C,64,889,921,49.1,-0.3,611,628,49.3,0.4,11.1,87.7,98.9,50.5,49.5,18:40,14:54,22,45,4.6,251,43.4,petteel01
685,Elias Pettersson,20,VAN,D,28,333,321,50.9,2.2,227,230,49.7,1.8,3.7,93.6,97.3,64.8,35.2,12:49,12:31,1,24,0.5,68,27.9,petteel02
686,Marcus Pettersson,28,TOT,D,78,1532,1515,50.3,-0.5,1087,1086,50.0,0.2,11.8,89.2,101.0,42.2,57.8,21:41,18:57,32,88,0.8,215,32.6,pettema01
686,Marcus Pettersson,28,PIT,D,47,1005,940,51.7,1.1,709,674,51.3,1.9,10.8,88.6,99.4,46.7,53.3,22:03,19:12,23,60,-0.4,142,30.3,pettema01
686,Marcus Pettersson,28,VAN,D,31,527,575,47.8,-3.2,378,412,47.8,-2.8,13.8,90.3,104.1,34.8,65.2,21:09,18:35,9,28,1.2,73,37.0,pettema01
687,Michael Pezzetta,26,MTL,C,25,140,122,53.4,6.8,97,83,53.9,7.2,7.0,89.1,96.1,44.0,56.0,5:56,5:56,2,9,0.9,31,45.2,pezzemi01
688,Isaak Phillips,23,CHI,D,3,23,42,35.4,-7.4,16,30,34.8,-10.0,16.7,88.9,105.6,47.6,52.4,11:54,11:35,0,2,-0.8,5,60.0,phillis01
689,Noah Philp,26,EDM,F,15,131,109,54.6,-0.3,95,72,56.9,0.5,7.7,92.7,100.4,65.8,34.2,9:05,8:57,1,8,1.3,35,48.6,philpno01
690,Owen Pickering,21,PIT,D,25,295,308,48.9,0.1,211,234,47.4,-0.1,6.8,90.7,97.5,43.6,56.4,14:49,13:27,5,11,-0.1,51,29.4,pickeow01
691,Alex Pietrangelo,35,VEG,D,71,1462,1417,50.8,-0.6,1081,1012,51.6,-0.4,10.4,89.4,99.7,54.5,45.5,22:24,19:25,25,106,10.0,291,42.3,pietral01
692,Shane Pinto,24,OTT,C,70,983,1030,48.8,-1.1,694,706,49.6,-0.4,10.1,91.0,101.1,31.9,68.1,17:33,14:27,27,44,-0.7,268,47.4,pintosh01
693,Neal Pionk,29,WPG,D,69,1310,1283,50.5,1.2,954,909,51.2,1.2,11.5,90.9,102.4,46.4,53.6,22:04,18:56,30,72,4.1,302,40.7,pionkne01
694,Vasily Podkolzin,23,EDM,RW,82,1137,870,56.7,3.4,838,597,58.4,5.2,7.4,89.8,97.2,53.8,46.2,13:13,12:28,20,55,10.1,206,55.3,podkova01
695,Ryan Poehling,26,PHI,C,68,723,836,46.4,-3.2,530,540,49.5,-1.9,11.0,87.5,98.6,37.8,62.2,13:53,12:08,11,43,3.3,142,50.7,poehlry01
696,Brayden Point,28,TBL,C,77,1301,1294,50.1,-0.4,943,940,50.1,0.0,13.6,90.6,104.2,60.5,39.5,19:29,15:60,17,45,5.0,356,53.4,pointbr01
697,Matthew Poitras,20,BOS,C,33,377,366,50.7,3.5,253,277,47.7,0.6,7.9,91.4,99.3,62.6,37.4,13:05,12:06,14,28,-0.3,76,38.2,poitrma01
698,Jason Polin,25,COL,F,2,11,10,52.4,-4.2,6,5,54.5,0.2,0.0,100.0,100.0,33.3,66.7,5:11,5:11,0,0,0.2,6,50.0,polinja01
699,Vasiliy Ponomarev,22,PIT,C,7,46,56,45.1,-6.7,30,39,43.5,-5.4,0.0,93.3,93.3,38.1,61.9,10:02,9:01,3,4,-1.5,13,61.5,ponomva01
700,Martin Pospisil,25,CGY,C,81,1155,985,54.0,3.4,801,712,52.9,2.4,8.9,91.2,100.1,61.7,38.3,13:48,12:54,17,53,-2.1,234,48.7,pospima01
701,Andrew Poturalski,31,SJS,C,3,34,54,38.6,-15.4,23,32,41.8,-12.2,5.3,92.3,97.6,48.4,51.6,14:27,13:23,0,1,0.3,6,83.3,poturan01
702,Samuel Poulin,23,PIT,RW,7,84,60,58.3,8.9,57,53,51.8,3.6,6.1,97.4,103.5,46.9,53.1,10:04,9:53,2,7,-0.6,11,27.3,poulisa01
703,Owen Power,22,BUF,D,79,1486,1402,51.5,2.6,1049,1021,50.7,1.8,10.6,87.5,98.2,52.4,47.6,21:19,18:14,26,73,-11.7,299,46.5,powerow01
704,Nikita Prishchepov,20,COL,C,10,62,55,53.0,2.4,44,37,54.3,3.0,6.9,90.5,97.4,37.5,62.5,6:22,6:22,0,2,0.1,10,40.0,prishni01
705,Aliaksei Protas,24,WSH,C,76,1149,1055,52.1,2.2,825,748,52.4,1.5,15.5,90.4,105.9,57.7,42.3,16:27,14:45,19,56,8.5,250,57.2,protaal01
706,Ivan Provorov,28,CBJ,D,82,1536,1669,47.9,-1.2,1083,1184,47.8,-1.8,11.8,90.0,101.8,45.3,54.7,23:21,19:47,29,120,-11.8,269,37.2,provoiv01
707,Jesse Puljujärvi,26,TOT,RW,31,371,344,51.9,0.7,265,253,51.2,0.5,7.1,92.7,99.8,46.3,53.7,11:47,10:50,3,15,-1.7,103,48.5,puljuje01
707,Jesse Puljujärvi,26,PIT,RW,26,306,298,50.7,0.2,213,217,49.5,0.0,8.3,92.3,100.6,45.0,55.0,11:36,10:42,3,11,-2.8,84,45.2,puljuje01
707,Jesse Puljujärvi,26,FLA,RW,5,65,46,58.6,3.0,52,36,59.1,1.6,2.7,95.8,98.5,51.6,48.4,12:44,11:29,0,4,1.1,19,63.2,puljuje01
708,Ryan Pulock,30,NYI,D,74,1224,1461,45.6,-6.5,864,1024,45.8,-6.8,9.6,91.6,101.2,46.0,54.0,21:05,17:58,32,78,-11.4,226,42.9,pulocry01
709,Valtteri Puustinen,25,PIT,RW,13,82,110,42.7,-11.0,59,76,43.7,-8.1,4.8,89.5,94.2,45.5,54.5,9:54,8:48,3,4,0.1,16,50.0,puustva01
710,Mikael Pyyhtia,23,CBJ,LW,47,427,562,43.2,-4.5,285,387,42.4,-5.7,6.8,90.1,97.0,43.0,57.0,12:06,10:36,9,26,-8.7,71,45.1,pyyhtmi01
711,Jacob Quillan,22,TOR,F,1,2,6,25.0,-38.4,0,6,0.0,-66.2,,100.0,,,,5:21,5:21,0,0,-0.7,1,0.0,quillja01
712,Jack Quinn,23,BUF,RW,74,891,947,48.5,-1.5,647,714,47.5,-2.4,10.4,89.0,99.4,56.7,43.3,14:52,12:32,12,52,-12.8,277,44.4,quinnja01
713,Darren Raddysh,28,TBL,D,73,1152,1066,51.9,1.8,840,783,51.8,1.5,10.0,91.5,101.5,63.4,36.6,17:18,15:23,10,55,9.6,282,38.3,raddyda01
714,Taylor Raddysh,26,WSH,RW,80,934,900,50.9,0.6,648,646,50.1,-1.6,9.6,89.1,98.6,35.3,64.7,12:22,11:48,11,44,2.5,185,50.3,raddyta01
715,Rickard Rakell,31,PIT,RW,81,1498,1359,52.4,3.4,1059,1000,51.4,3.0,11.7,85.7,97.4,62.0,38.0,19:18,16:37,20,77,-2.3,409,49.6,rakelri01
716,Mikko Rantanen,28,TOT,RW,82,1615,1359,54.3,3.2,1129,972,53.7,3.5,12.5,88.2,100.7,61.4,38.6,21:15,17:23,40,82,12.5,444,47.7,rantami01
716,Mikko Rantanen,28,COL,RW,49,1052,853,55.2,3.4,728,588,55.3,3.9,13.5,86.7,100.3,64.6,35.4,22:30,18:24,22,48,13.9,287,47.0,rantami01
716,Mikko Rantanen,28,DAL,RW,20,292,354,45.2,-0.2,210,269,43.8,0.0,14.1,91.4,105.5,45.6,54.4,19:07,15:29,10,20,-4.5,78,47.4,rantami01
716,Mikko Rantanen,28,CAR,RW,13,271,152,64.1,6.9,191,115,62.4,6.5,5.8,88.3,94.1,67.8,32.2,19:49,16:26,8,14,3.1,79,50.6,rantami01
717,Michael Rasmussen,25,DET,C,77,767,899,46.0,-2.1,519,635,45.0,-3.8,9.8,89.5,99.3,47.0,53.0,13:25,11:31,10,42,-1.9,192,52.1,rasmumi01
718,Aatu Räty,22,VAN,C,33,310,295,51.2,2.2,206,224,47.9,-0.1,11.3,87.9,99.2,52.6,47.4,10:39,10:23,2,8,1.8,60,56.7,ratyaa01
719,Lucas Raymond,22,DET,LW,82,1231,1150,51.7,5.6,870,851,50.6,3.9,10.5,87.4,97.9,45.9,54.1,18:47,14:59,28,80,6.4,382,50.3,raymolu01
720,Ryan Reaves,38,TOR,RW,35,202,260,43.7,-6.9,139,180,43.6,-7.6,4.5,95.0,99.6,23.3,76.7,7:48,7:47,4,10,-2.7,31,45.2,reavery01
721,Lukas Reichel,22,CHI,LW,70,580,831,41.1,-4.6,432,606,41.6,-3.0,7.8,90.7,98.6,49.0,51.0,11:55,10:40,13,36,-11.7,117,61.5,reichlu01
722,Mike Reilly,31,NYI,D,18,290,217,57.2,6.9,217,157,58.0,6.5,4.7,91.4,96.1,66.0,34.0,15:10,13:24,2,16,4.0,68,45.6,reillmi01
723,Cole Reinhardt,24,OTT,LW,17,108,138,43.9,-5.4,78,101,43.6,-6.2,7.5,87.3,94.8,37.7,62.3,8:12,8:12,1,7,-2.1,22,59.1,reinhco01
724,Sam Reinhart,29,FLA,C,79,1482,1021,59.2,4.5,1046,742,58.5,4.8,9.4,88.6,97.9,57.9,42.1,20:30,15:42,24,74,18.0,424,50.2,reinhsa01
725,Matt Rempe,22,NYR,C,42,296,387,43.3,-5.4,224,263,46.0,-2.0,10.9,95.2,106.1,36.0,64.0,8:30,8:29,4,8,-5.4,59,50.8,rempema01
726,Anthony Richard,28,PHI,C,15,161,165,49.4,4.4,117,119,49.6,3.2,9.2,88.0,97.1,56.5,43.5,12:22,10:58,3,6,2.2,36,52.8,richaan01
727,Morgan Rielly,30,TOR,D,82,1595,1667,48.9,2.5,1160,1192,49.3,1.8,9.6,89.6,99.2,61.2,38.8,21:23,19:21,20,99,5.5,303,41.6,riellmo01
728,Sam Rinzel,20,CHI,D,9,158,175,47.4,6.6,123,136,47.5,7.9,11.0,89.4,100.4,44.0,56.0,23:22,19:28,2,13,-3.9,51,43.1,rinzesa01
729,Rasmus Ristolainen,30,PHI,D,63,1044,1081,49.1,0.7,762,726,51.2,0.9,10.0,89.5,99.5,40.3,59.7,20:31,17:36,25,52,3.2,193,51.8,ristora01
730,Calum Ritchie,20,COL,C,7,86,92,48.3,-9.2,65,65,50.0,-8.3,4.3,79.1,83.4,67.3,32.7,12:47,12:10,1,4,0.6,20,55.0,ritchca01
731,Jason Robertson,25,DAL,LW,82,1242,1216,50.5,1.5,878,895,49.5,1.7,12.1,89.6,101.8,46.9,53.1,17:48,14:42,24,92,11.6,407,51.8,roberja01
732,Matthew Robertson,23,NYR,D,2,27,26,50.9,10.4,17,20,45.9,7.1,25.0,93.3,118.3,66.7,33.3,17:38,16:54,1,2,-0.4,4,50.0,roberma02
733,Nicholas Robertson,23,TOR,LW,69,766,776,49.7,2.9,562,526,51.7,4.5,7.9,91.4,99.3,59.1,40.9,12:00,10:56,17,26,-0.8,232,48.3,roberni01
734,Justin Robidas,21,CAR,C,2,29,15,65.9,3.6,19,12,61.3,5.7,14.3,87.5,101.8,71.4,28.6,11:09,10:56,0,1,0.0,7,42.9,robidju01
735,Eric Robinson,29,CAR,LW,82,1055,724,59.3,0.3,761,554,57.9,-0.1,11.2,89.6,100.8,57.9,42.1,12:16,11:29,9,42,5.8,214,51.4,robiner01
736,Evan Rodrigues,31,FLA,C,82,1274,958,57.1,1.6,915,726,55.8,1.0,7.9,89.7,97.6,57.4,42.6,15:13,13:45,21,62,7.7,331,48.6,rodriev01
737,Alexander Romanov,25,NYI,D,64,1319,1427,48.0,-2.1,957,974,49.6,-0.8,9.2,90.8,100.0,46.8,53.2,22:18,20:17,24,81,-6.0,252,39.7,romanal01
738,Kevin Rooney,31,CGY,C,70,461,519,47.0,-5.2,320,349,47.8,-3.9,8.2,89.4,97.6,37.8,62.2,9:25,7:27,9,30,-4.1,104,51.9,rooneke01
739,Isak Rosen,21,BUF,RW,8,81,74,52.3,7.1,55,58,48.7,2.7,5.4,87.8,93.2,39.1,60.9,9:38,9:27,1,5,-0.9,15,53.3,rosenis01
740,Jack Roslovic,28,CAR,C,81,1181,860,57.9,-1.7,815,653,55.5,-3.2,10.5,87.2,97.8,57.1,42.9,13:49,12:22,19,63,-0.6,288,48.3,rosloja01
741,Marco Rossi,23,MIN,C,82,1326,1291,50.7,4.7,947,892,51.5,5.1,10.6,89.8,100.5,55.9,44.1,18:15,15:49,18,60,9.0,265,51.3,rossima01
742,Joshua Roy,21,MTL,RW,12,112,165,40.4,-9.6,78,125,38.4,-11.8,7.0,88.3,95.3,62.5,37.5,11:01,10:53,3,5,-1.7,30,46.7,royjo01
743,Matt Roy,29,WSH,D,69,1130,1244,47.6,-4.7,811,863,48.4,-4.3,12.6,90.9,103.5,44.4,55.6,19:53,17:60,15,91,-1.5,247,34.0,royma04
744,Nicolas Roy,27,VEG,C,71,885,864,50.6,0.1,632,608,51.0,0.0,8.5,89.7,98.2,43.6,56.4,15:13,13:15,20,58,9.6,185,57.8,royni01
745,Chad Ruhwedel,34,NYR,D,5,52,68,43.3,-5.9,36,51,41.4,-6.3,17.4,94.6,112.0,44.8,55.2,14:06,11:45,1,4,-0.4,7,14.3,ruhwech01
746,Bryan Rust,32,PIT,RW,71,1166,1237,48.5,-0.5,858,928,48.0,-0.4,12.8,85.2,98.0,58.9,41.1,19:45,15:51,17,64,-5.9,335,56.7,rustbr01
747,Jan Rutta,34,SJS,D,54,745,906,45.1,-0.8,488,635,43.5,-1.8,9.6,91.3,100.9,45.6,54.4,17:15,15:28,11,55,-11.8,152,36.2,ruttaja02
748,Derek Ryan,38,EDM,C,36,302,311,49.3,-6.8,208,214,49.3,-6.9,6.4,91.0,97.4,42.1,57.9,9:21,9:02,9,11,-2.6,42,47.6,ryande01
749,Jonas Røndbjerg,25,VEG,RW,13,107,108,49.8,-5.6,76,75,50.3,-5.0,2.2,88.4,90.5,46.8,53.2,9:38,9:14,3,1,-0.6,21,52.4,rondbjo01
750,Brandon Saad,32,TOT,LW,72,989,916,51.9,1.8,718,668,51.8,1.9,8.8,89.0,97.8,54.4,45.6,14:49,13:30,21,55,8.3,216,58.8,saadbr01
750,Brandon Saad,32,STL,LW,43,547,577,48.7,-0.5,386,418,48.0,-0.7,7.7,88.1,95.8,52.9,47.1,14:36,13:10,13,28,0.7,131,57.3,saadbr01
750,Brandon Saad,32,VEG,LW,29,442,339,56.6,5.0,332,250,57.0,5.4,10.2,90.4,100.6,56.5,43.5,15:09,14:01,8,27,7.6,85,61.2,saadbr01
751,Scott Sabourin,32,SJS,F,1,3,14,17.6,-25.5,2,11,15.4,-32.2,0.0,71.4,71.4,66.7,33.3,10:27,10:27,0,0,-0.9,1,0.0,sabousc01
752,Dylan Samberg,26,WPG,D,60,1135,1081,51.2,1.1,833,747,52.7,2.1,12.5,91.7,104.1,41.4,58.6,21:08,18:36,33,64,8.3,224,42.4,sambedy01
753,Mackie Samoskevich,22,FLA,RW,72,935,734,56.0,0.5,686,549,55.5,1.1,6.7,90.6,97.3,61.7,38.3,13:19,11:39,9,46,15.7,277,46.6,samosma01
754,Mattias Samuelsson,24,BUF,D,62,887,1068,45.4,-5.3,665,771,46.3,-3.9,12.1,89.9,101.9,36.0,64.0,19:18,16:31,11,55,-11.6,106,49.1,samuema02
755,Jake Sanderson,22,OTT,D,80,1506,1504,50.0,0.2,1106,1041,51.5,2.1,7.6,89.8,97.5,43.4,56.6,24:27,18:24,53,98,0.2,421,46.3,sandeja01
756,Rasmus Sandin,24,WSH,D,82,1382,1417,49.4,-1.5,1022,979,51.1,-0.2,11.8,89.9,101.7,46.5,53.5,19:11,17:46,26,71,7.2,225,34.7,sandira01
757,Travis Sanheim,28,PHI,D,82,1670,1764,48.6,0.7,1213,1188,50.5,0.4,10.6,87.8,98.4,46.6,53.4,24:30,21:31,51,127,9.9,306,45.4,sanhetr01
758,Steven Santini,29,TBL,D,1,11,11,50.0,-2.4,8,6,57.1,9.0,33.3,75.0,108.3,40.0,60.0,11:37,11:37,0,0,0.4,3,33.3,santist01
759,Max Sasson,24,VAN,F,29,237,284,45.5,-2.6,160,197,44.8,-2.7,10.1,92.1,102.2,51.9,48.1,10:20,10:19,6,12,-0.9,46,67.4,sassoma01
760,David Savard,34,MTL,D,75,846,1178,41.8,-7.3,583,805,42.0,-6.9,9.9,90.6,100.5,41.2,58.8,16:35,13:22,18,51,-14.0,113,42.5,savarda01
761,Matthew Savoie,21,EDM,C,4,54,47,53.5,5.2,38,34,52.8,3.9,7.7,76.0,83.7,65.5,34.5,12:31,12:31,1,1,-0.1,15,40.0,savoima01
762,Mark Scheifele,31,WPG,C,82,1408,1530,47.9,-3.1,1023,1112,47.9,-4.2,13.1,90.3,103.3,63.3,36.7,20:26,17:28,25,105,3.3,340,53.2,scheima01
763,Brayden Schenn,33,STL,C,82,1176,1252,48.4,-0.2,797,870,47.8,-1.2,12.1,89.2,101.3,52.2,47.8,17:34,15:16,13,56,4.0,278,51.8,schenbr01
764,Luke Schenn,35,TOT,D,76,1031,1116,48.0,-5.2,740,766,49.1,-2.9,7.7,91.8,99.5,36.0,64.0,15:57,14:39,16,63,2.3,197,39.1,schenlu01
764,Luke Schenn,35,NSH,D,61,837,855,49.5,-3.0,595,585,50.4,-0.5,6.7,91.2,97.9,37.8,62.2,15:35,14:23,13,48,3.1,166,39.8,schenlu01
764,Luke Schenn,35,WPG,D,15,194,261,42.6,-13.9,145,181,44.5,-12.2,12.0,94.3,106.2,30.1,69.9,17:28,15:42,3,15,-0.8,31,35.5,schenlu01
765,Nick Schmaltz,28,UTA,C,82,1333,1119,54.4,1.9,939,808,53.7,0.9,9.5,87.6,97.1,58.8,41.2,18:35,14:50,31,93,9.7,374,49.7,schmani01
766,Nate Schmidt,33,FLA,D,80,1235,918,57.4,2.0,863,663,56.6,2.1,8.3,90.9,99.2,58.8,41.2,16:32,14:34,28,88,13.8,207,33.8,schmina01
767,Braden Schneider,23,NYR,D,80,1163,1404,45.3,-5.6,864,1015,46.0,-4.5,9.9,91.7,101.6,37.7,62.3,17:52,16:04,19,96,-9.6,224,42.4,schnebr01
768,Corey Schueneman,29,STL,D,4,59,46,56.2,7.1,45,25,64.3,14.9,2.9,93.8,96.7,51.4,48.6,14:03,13:46,0,2,1.3,9,44.4,schueco01
769,Jimmy Schuldt,29,SJS,D,8,74,98,43.0,-3.2,54,69,43.9,-0.9,0.0,93.5,93.5,50.0,50.0,13:47,12:50,1,6,-1.2,9,44.4,schulja01
770,Jaden Schwartz,32,SEA,C,81,1303,1257,50.9,3.7,924,915,50.2,2.5,11.0,88.4,99.4,51.2,48.8,17:53,15:30,43,60,-6.3,356,54.5,schwaja01
771,Cole Schwindt,23,VEG,RW,42,306,378,44.7,-5.5,223,269,45.3,-5.7,9.9,92.6,102.5,48.5,51.5,9:15,8:59,6,21,1.5,68,47.1,schwico01
772,Donovan Sebrango,23,OTT,D,2,24,21,53.3,5.1,17,15,53.1,6.5,0.0,88.9,88.9,33.3,66.7,10:19,10:19,0,0,-0.3,2,0.0,sebrado01
773,Nick Seeler,31,PHI,D,77,1034,1325,43.8,-6.5,743,829,47.3,-4.4,12.9,90.6,103.5,50.3,49.7,17:17,15:40,23,85,-0.1,237,34.6,seeleni01
774,Tyler Seguin,33,DAL,C,20,288,246,53.9,2.7,199,185,51.8,1.2,17.6,92.7,110.3,56.7,43.3,16:09,13:17,4,13,2.8,93,49.5,seguity01
775,Moritz Seider,23,DET,D,82,1591,1630,49.4,2.8,1146,1145,50.0,3.7,9.5,89.6,99.1,44.9,55.1,25:04,20:11,30,85,5.6,368,44.0,seidemo01
776,Mikhail Sergachev,26,UTA,D,77,1604,1379,53.8,0.7,1143,990,53.6,0.4,10.0,88.1,98.1,51.5,48.5,25:07,18:47,32,126,1.9,367,36.0,sergami01
777,Damon Severson,30,CBJ,D,70,1156,1194,49.2,0.9,822,835,49.6,0.8,11.3,88.9,100.3,48.2,51.8,19:03,17:08,28,85,1.0,197,46.2,severda01
778,Michael Sgarbossa,32,WSH,C,3,24,29,45.3,-18.5,17,16,51.5,-16.3,25.0,90.0,115.0,66.7,33.3,9:20,9:19,0,0,1.2,4,25.0,sgarbmi01
779,Yegor Sharangovich,26,CGY,C,73,1055,958,52.4,0.9,727,697,51.1,-0.5,6.2,91.3,97.5,59.0,41.0,16:39,13:47,17,51,-0.9,289,44.3,sharaye01
780,Ryan Shea,27,PIT,D,39,514,535,49.0,-2.5,364,393,48.1,-2.6,7.9,89.4,97.3,39.3,60.7,16:44,15:01,14,35,-3.2,65,29.2,sheary01
781,Conor Sheary,32,TBL,LW,5,42,52,44.7,-7.5,28,34,45.2,-11.5,5.0,87.5,92.5,44.4,55.6,11:20,11:04,0,0,-1.0,8,37.5,shearco01
782,Kiefer Sherwood,29,VAN,RW,78,934,930,50.1,1.0,644,659,49.4,0.7,12.3,87.2,99.5,38.3,61.7,14:53,12:36,26,49,-2.7,280,50.4,sherwki01
783,Dominik Shine,31,DET,F,9,57,78,42.2,-5.0,45,51,46.9,-2.1,8.1,89.2,97.3,44.1,55.9,8:39,8:35,3,5,-0.1,8,62.5,shinedo01
784,Devin Shore,30,MIN,C,55,382,553,40.9,-6.9,272,376,42.0,-6.3,4.0,94.0,98.0,40.3,59.7,8:39,8:29,7,14,-7.6,77,53.2,shorede01
785,Jonas Siegenthaler,27,NJD,D,55,887,888,50.0,-3.1,625,621,50.2,-1.6,8.5,93.6,102.1,38.7,61.3,19:36,17:35,14,59,5.0,133,39.1,siegejo01
786,Cole Sillinger,21,CBJ,C,66,849,1024,45.3,-4.8,617,718,46.2,-3.9,10.7,88.1,98.8,48.4,51.6,16:55,14:08,21,50,-10.9,231,55.8,sillico01
787,Owen Sillinger,27,CBJ,F,1,6,19,24.0,-18.7,3,12,20.0,-24.1,0.0,100.0,100.0,60.0,40.0,13:09,11:39,1,1,-0.5,1,0.0,silliow01
788,Colton Sissons,31,NSH,C,72,780,842,48.1,-4.5,550,594,48.1,-3.5,8.6,89.5,98.1,30.2,69.8,14:22,11:59,20,32,-2.2,150,53.3,sissoco01
789,Jeff Skinner,32,EDM,LW/C,72,912,817,52.7,-1.9,657,581,53.1,-1.8,8.1,91.6,99.7,60.5,39.5,12:60,11:47,19,41,5.6,265,54.3,skinnje01
790,Brady Skjei,30,NSH,D,82,1480,1460,50.3,-1.4,1068,1102,49.2,-2.0,8.3,89.3,97.6,51.3,48.7,21:53,17:59,32,101,-5.9,324,48.1,skjeibr01
791,Juraj Slafkovsky,20,MTL,LW,79,1156,1157,50.0,3.6,838,801,51.1,5.2,11.7,89.5,101.2,56.8,43.2,17:21,14:14,16,71,-4.1,286,46.5,slafkju01
792,Landon Slaggert,22,CHI,LW,33,304,423,41.8,-2.5,214,311,40.8,-2.6,7.6,89.3,96.9,42.5,57.5,12:18,11:32,9,12,-4.2,60,56.7,slaggla01
793,Jaccob Slavin,30,CAR,D,80,1763,1316,57.3,-3.0,1227,957,56.2,-2.9,11.0,88.8,99.8,52.6,47.4,21:34,18:27,61,78,8.4,319,34.5,slavija01
794,Brendan Smith,35,DAL,D,32,394,387,50.4,-0.1,276,291,48.7,-1.4,7.8,88.6,96.4,47.5,52.5,13:13,12:13,7,28,-2.2,80,33.8,smithbr05
795,Cole Smith,29,NSH,F,71,709,754,48.5,-3.2,488,554,46.8,-4.2,6.4,90.2,96.6,22.8,77.2,13:36,11:13,18,41,-1.4,140,49.3,smithco02
796,Craig Smith,35,TOT,C,59,546,710,43.5,-2.9,407,499,44.9,-1.4,9.6,89.1,98.7,46.3,53.7,11:20,10:34,16,38,-8.8,169,53.3,smithcr01
796,Craig Smith,35,CHI,C,40,373,506,42.4,-3.3,283,366,43.6,-0.9,9.5,89.4,98.8,45.2,54.8,11:39,10:34,10,26,-6.1,123,60.2,smithcr01
796,Craig Smith,35,DET,C,19,173,204,45.9,-1.7,124,133,48.2,-1.4,10.0,88.2,98.2,49.0,51.0,10:40,10:33,6,12,-2.7,46,34.8,smithcr01
797,Givani Smith,26,TOT,RW,13,48,98,32.9,-14.8,32,69,31.7,-16.2,0.0,94.4,94.4,12.0,88.0,6:20,6:18,2,2,-3.1,10,50.0,smithgi01
797,Givani Smith,26,COL,RW,7,28,45,38.4,-12.3,18,29,38.3,-11.1,0.0,92.3,92.3,12.5,87.5,6:21,6:21,2,1,-1.9,6,50.0,smithgi01
797,Givani Smith,26,SJS,RW,6,20,53,27.4,-16.9,14,40,25.9,-20.3,0.0,96.4,96.4,11.1,88.9,6:17,6:13,0,1,-1.2,4,50.0,smithgi01
798,Reilly Smith,33,TOT,RW,79,1039,1044,49.9,0.5,752,748,50.1,0.7,10.2,91.1,101.3,48.1,51.9,15:26,12:50,26,70,-0.9,213,60.6,smithre01
798,Reilly Smith,33,NYR,RW,58,752,804,48.3,-0.6,547,582,48.4,-0.5,10.0,90.2,100.2,46.6,53.4,15:36,12:44,20,50,-3.6,152,58.6,smithre01
798,Reilly Smith,33,VEG,RW,21,287,240,54.5,3.9,205,166,55.3,4.7,10.6,95.0,105.6,52.0,48.0,15:01,13:07,6,20,2.7,61,65.6,smithre01
799,Ty Smith,24,CAR,D,8,94,76,55.3,-1.0,70,51,57.9,1.3,9.3,91.4,100.7,68.6,31.4,13:40,11:01,1,3,-0.4,26,53.8,smithty01
800,Will Smith,19,SJS,C,74,1011,1090,48.1,2.8,725,791,47.8,2.5,9.8,88.1,97.9,54.9,45.1,15:51,13:47,13,73,-2.9,277,45.8,smithwi01
801,Jimmy Snuggerud,20,STL,RW,7,68,104,39.5,-7.4,47,65,42.0,-5.4,12.1,91.7,103.8,59.1,40.9,15:28,13:21,4,7,-2.0,27,37.0,snuggji01
802,Elmer Söderblom,23,DET,RW,26,321,341,48.5,-0.2,235,255,48.0,-3.4,9.9,91.2,101.1,44.4,55.6,13:22,13:01,5,21,2.1,84,45.2,soderel01
803,Ilya Solovyov,24,CGY,D,5,70,74,48.6,0.7,49,53,48.0,-1.4,3.3,87.5,90.8,51.4,48.6,15:40,13:15,3,6,-1.7,18,33.3,solovil01
804,Carson Soucy,30,TOT,D,75,1003,1200,45.5,-5.6,713,865,45.2,-5.3,8.8,90.4,99.2,41.3,58.7,17:55,15:56,17,78,-14.7,196,41.3,soucyca01
804,Carson Soucy,30,VAN,D,59,751,984,43.3,-8.2,523,704,42.6,-8.6,8.9,90.2,99.1,36.7,63.3,18:22,15:59,15,65,-13.6,149,41.6,soucyca01
804,Carson Soucy,30,NYR,D,16,252,216,53.8,3.9,190,161,54.1,5.9,8.6,91.4,100.0,58.6,41.4,16:14,15:43,2,13,-1.1,47,40.4,soucyca01
805,Justin Sourdif,22,FLA,RW,1,7,3,70.0,11.7,4,2,66.7,9.5,25.0,,,57.1,42.9,9:27,9:27,0,0,0.5,2,100.0,sourdju01
806,Jordan Spence,23,LAK,D,79,1297,975,57.1,5.6,912,661,58.0,5.9,10.1,92.1,102.1,54.0,46.0,16:47,15:03,15,72,8.3,261,33.0,spencjo01
807,Daniel Sprong,27,TOT,RW,30,317,281,53.0,1.1,219,206,51.5,0.8,10.9,88.9,99.8,56.0,44.0,12:12,10:33,4,14,0.3,112,49.1,spronda01
807,Daniel Sprong,27,NJD,RW,11,139,105,57.0,4.2,93,73,56.0,5.9,10.9,82.9,93.9,58.5,41.5,12:29,11:19,1,5,1.1,50,48.0,spronda01
807,Daniel Sprong,27,SEA,RW,10,97,103,48.5,-0.1,68,75,47.6,-1.9,13.5,94.1,107.6,49.0,51.0,12:22,10:26,2,3,-0.4,33,36.4,spronda01
807,Daniel Sprong,27,VAN,RW,9,81,73,52.6,-2.3,58,58,50.0,-3.1,8.1,88.2,96.3,61.5,38.5,11:39,9:44,1,6,-0.4,29,65.5,spronda01
808,Jared Spurgeon,35,MIN,D,66,1188,1149,50.8,4.6,851,786,52.0,5.6,10.1,91.2,101.2,50.1,49.9,20:27,17:54,22,52,1.9,240,44.6,spurgja01
809,Jack St. Ivany,25,PIT,D,19,231,270,46.1,-4.9,157,195,44.6,-6.3,6.7,92.8,99.5,41.6,58.4,16:22,14:03,7,16,-1.9,35,34.3,stivajo01
810,Jordan Staal,36,CAR,C,75,1191,824,59.1,0.1,825,590,58.3,0.4,9.8,90.8,100.6,45.8,54.2,15:26,13:05,9,41,5.2,197,54.3,staaljo01
811,Steven Stamkos,34,NSH,C,82,1280,1230,51.0,-0.4,896,896,50.0,-0.7,8.4,86.5,94.9,67.1,32.9,17:60,14:45,18,57,1.2,356,48.9,stamkst01
812,Logan Stankoven,21,TOT,C,78,1142,950,54.6,2.5,806,688,53.9,3.3,9.1,90.0,99.1,48.9,51.1,15:05,13:16,20,51,6.3,343,56.6,stanklo01
812,Logan Stankoven,21,DAL,C,59,850,728,53.9,3.9,597,524,53.3,4.4,8.3,91.8,100.1,47.9,52.1,15:06,13:21,15,41,6.3,258,57.4,stanklo01
812,Logan Stankoven,21,CAR,C,19,292,222,56.8,-2.1,209,164,56.0,-0.4,11.5,83.8,95.3,51.9,48.1,15:04,13:02,5,10,0.0,85,54.1,stanklo01
813,Logan Stanley,26,WPG,D,63,786,914,46.2,-5.3,569,635,47.3,-5.1,7.8,95.0,102.8,38.6,61.4,15:35,14:20,11,59,-3.7,134,36.6,stanllo01
814,Spencer Stastney,25,NSH,D,23,338,326,50.9,-3.3,238,234,50.4,-2.6,5.5,89.9,95.5,47.4,52.6,16:11,14:56,5,20,1.3,43,34.9,stastsp01
815,Troy Stecher,30,EDM,D,66,758,835,47.6,-8.5,543,594,47.8,-8.6,7.6,92.5,100.1,49.6,50.4,13:52,13:10,11,50,-2.1,133,41.4,stechtr01
816,Sam Steel,26,DAL,C,79,883,823,51.8,2.8,594,599,49.8,1.9,7.3,90.5,97.9,41.7,58.3,14:08,11:60,13,41,2.0,177,50.3,steelsa01
817,Alex Steeves,25,TOR,F,7,55,59,48.2,0.7,42,39,51.9,3.0,10.0,100.0,110.0,24.0,76.0,9:53,9:39,0,0,0.7,12,58.3,steeval02
818,Kevin Stenlund,28,UTA,C,82,907,941,49.1,-5.0,639,636,50.1,-3.8,9.4,89.3,98.7,38.4,61.6,14:21,11:41,16,50,-2.0,197,52.3,stenlke01
819,Mitchell Stephens,27,SEA,C,28,172,236,42.2,-5.4,122,166,42.4,-5.0,5.1,89.1,94.2,49.5,50.5,9:14,7:46,1,8,-2.0,37,51.4,stephmi01
820,Chandler Stephenson,30,SEA,C,78,1114,1279,46.6,-2.4,779,924,45.7,-3.6,12.1,87.7,99.8,46.2,53.8,19:31,14:59,30,58,-18.3,130,56.2,stephch02
821,Matthew Stienburg,24,COL,C,8,40,39,50.6,-1.9,31,25,55.4,3.3,8.7,87.5,96.2,36.8,63.2,6:05,5:33,0,3,0.3,8,50.0,stienma01
822,Riley Stillman,26,CAR,D,5,38,25,60.3,8.1,29,17,63.0,12.0,9.5,70.0,79.5,33.3,66.7,7:11,6:59,0,4,0.9,5,20.0,stillri01
823,Mark Stone,32,VEG,RW,66,1096,990,52.5,1.1,791,684,53.6,1.3,11.5,90.5,102.1,61.0,39.0,19:15,15:28,38,73,11.0,227,57.7,stonema01
824,Dylan Strome,27,WSH,C,82,1196,1194,50.0,-0.5,857,863,49.8,-2.0,12.3,88.9,101.3,77.7,22.3,17:23,14:21,21,79,-0.2,271,55.4,stromdy01
825,Ryan Strome,31,ANA,C,82,1210,1287,48.5,3.7,889,930,48.9,4.3,9.9,90.5,100.4,52.5,47.5,16:41,14:05,19,66,-8.4,263,52.1,stromry01
826,Jayden Struble,23,MTL,D,56,789,733,51.8,6.5,535,500,51.7,6.2,9.8,89.4,99.2,61.0,39.0,14:57,14:27,23,51,3.4,136,34.6,strubja01
827,Nico Sturm,29,TOT,C,62,557,607,47.9,-0.6,388,429,47.5,-0.4,7.0,91.5,98.5,40.6,59.4,10:25,9:10,7,20,-3.9,115,51.3,sturmni01
827,Nico Sturm,29,SJS,C,47,391,458,46.1,-0.3,268,321,45.5,-0.4,9.0,90.7,99.8,37.9,62.1,10:08,9:02,3,16,-5.5,75,50.7,sturmni01
827,Nico Sturm,29,FLA,C,15,166,149,52.7,-2.6,120,108,52.6,-1.4,2.6,93.8,96.5,49.4,50.6,11:18,9:32,4,4,1.6,40,52.5,sturmni01
828,Tim Stützle,23,OTT,LW,82,1455,1187,55.1,7.5,1056,837,55.8,8.1,9.5,88.7,98.2,67.6,32.4,19:49,16:16,23,69,10.8,326,49.7,stuetti02
829,Oskar Sundqvist,30,STL,C,67,614,705,46.6,-2.4,429,462,48.1,-0.6,7.6,90.1,97.8,35.4,64.6,13:12,11:06,19,41,2.6,130,46.2,sundqos01
830,Aydar Suniev,20,CGY,LW,1,12,18,40.0,-14.0,8,18,30.8,-26.1,50.0,100.0,150.0,50.0,50.0,14:48,12:46,0,1,0.0,2,50.0,sunieay01
831,Pius Suter,28,VAN,F,81,1039,1026,50.3,1.5,728,740,49.6,1.0,12.6,87.4,100.0,45.2,54.8,17:21,13:43,19,52,1.0,263,52.5,suterpi01
832,Ryan Suter,40,STL,D,82,1191,1437,45.3,-4.9,832,999,45.4,-4.8,10.8,91.3,102.1,42.6,57.4,19:28,17:25,15,64,-5.3,158,39.2,suterry01
833,Nick Suzuki,25,MTL,C,82,1385,1283,51.9,6.8,1005,911,52.5,7.7,12.9,89.1,102.0,54.5,45.5,20:04,16:01,31,86,2.0,347,49.6,suzukni01
834,Ryan Suzuki,23,CAR,C,2,13,8,61.9,5.3,8,7,53.3,-0.8,20.0,100.0,120.0,75.0,25.0,6:36,6:36,0,0,-0.1,1,0.0,suzukry01
835,Fedor Svechkov,21,NSH,C,52,553,553,50.0,-1.3,381,397,49.0,-1.6,6.3,87.5,93.7,66.8,33.2,12:53,11:13,6,45,-2.7,150,42.7,svechfe01
836,Andrei Svechnikov,24,CAR,RW,72,1237,894,58.0,-1.2,866,680,56.0,-2.9,9.4,87.8,97.2,59.9,40.1,17:07,13:52,17,99,3.1,378,47.6,svechan01
837,Brandon Tanev,33,TOT,LW,79,779,973,44.5,-5.5,585,672,46.5,-3.1,8.9,89.7,98.7,39.5,60.5,13:14,11:13,23,52,-7.9,181,54.7,tanevbr01
837,Brandon Tanev,33,SEA,LW,60,614,801,43.4,-6.0,457,557,45.1,-4.0,8.9,89.5,98.4,39.6,60.4,13:56,11:41,17,40,-9.1,142,59.9,tanevbr01
837,Brandon Tanev,33,WPG,LW,19,165,172,49.0,-2.4,128,115,52.7,1.3,9.0,90.9,99.9,39.2,60.8,10:58,9:46,6,12,1.2,39,35.9,tanevbr01
838,Chris Tanev,35,TOR,D,75,1132,1324,46.1,-2.1,813,900,47.5,-1.5,12.6,92.7,105.3,31.4,68.6,19:45,17:15,10,80,8.8,120,35.8,tanevch01
839,Vladimir Tarasenko,33,DET,RW,80,931,1119,45.4,-3.2,671,810,45.3,-3.5,9.4,90.3,99.7,50.9,49.1,14:47,13:14,16,61,-1.2,281,47.3,tarasvl01
840,Tomáš Tatar,34,NJD,LW,74,665,631,51.3,0.2,458,459,49.9,-0.2,8.4,88.9,97.3,45.9,54.1,11:06,10:14,7,35,3.3,130,50.8,tatarto01
841,John Tavares,34,TOR,C,75,1077,1273,45.8,-1.1,782,928,45.7,-2.5,13.4,90.1,103.5,46.9,53.1,18:14,15:22,24,69,6.2,342,58.5,tavarjo01
842,Teuvo Teräväinen,30,CHI,F,82,909,1021,47.1,3.9,645,724,47.1,4.7,10.5,86.3,96.8,44.5,55.5,17:04,13:24,23,76,-7.9,224,49.6,teravte01
843,Troy Terry,27,ANA,C/RW,77,1288,1341,49.0,4.4,959,978,49.5,5.1,9.1,91.0,100.2,51.8,48.2,18:51,15:50,22,68,-5.9,368,51.1,terrytr01
844,Alexandre Texier,25,STL,C,31,304,359,45.9,-2.0,201,259,43.7,-4.3,9.8,91.0,100.8,50.6,49.4,12:29,11:35,5,13,-3.0,89,56.2,texieal01
845,Shea Theodore,29,VEG,D,67,1299,1187,52.3,1.7,899,826,52.1,0.2,11.2,90.9,102.1,58.0,42.0,21:60,19:10,28,105,13.0,333,38.4,theodsh01
846,Akil Thomas,25,LAK,C,25,212,227,48.3,-5.6,151,152,49.8,-3.9,5.5,91.1,96.6,40.8,59.2,9:55,9:48,1,5,-2.4,36,55.6,thomaak01
847,Robert Thomas,25,STL,C,70,1179,1108,51.6,3.7,847,794,51.6,3.6,13.0,89.9,102.9,52.6,47.4,19:57,16:15,22,99,13.6,308,47.1,thomaro01
848,Jack Thompson,22,SJS,D,31,410,494,45.4,-0.5,294,327,47.3,2.0,6.5,90.5,97.0,56.1,43.9,15:47,14:13,7,37,0.3,98,41.8,thompja01
849,Tage Thompson,27,BUF,C,76,1320,1215,52.1,3.6,946,863,52.3,4.3,12.9,86.8,99.7,53.9,46.1,18:45,15:46,21,54,2.2,506,47.8,thompta01
850,Henry Thrun,23,SJS,D,60,805,1104,42.2,-5.1,571,791,41.9,-4.9,8.0,89.5,97.4,47.4,52.6,17:31,16:07,12,37,-16.1,114,45.6,thrunhe01
851,Conor Timmins,26,TOT,D,68,1039,979,51.5,4.2,752,702,51.7,3.7,8.7,92.5,101.2,53.5,46.5,16:55,15:02,11,59,3.6,189,36.5,timmico01
851,Conor Timmins,26,TOR,D,51,724,736,49.6,0.9,520,505,50.7,1.4,7.3,92.6,100.0,53.8,46.2,16:19,14:30,10,44,1.1,132,38.6,timmico01
851,Conor Timmins,26,PIT,D,17,315,243,56.5,13.7,232,197,54.1,10.2,11.8,92.2,104.0,52.8,47.2,18:43,16:36,1,15,2.5,57,31.6,timmico01
852,Owen Tippett,25,PHI,RW,77,1121,1068,51.2,3.8,813,708,53.5,3.9,10.5,86.4,96.8,58.7,41.3,15:60,14:01,32,58,7.9,424,44.3,tippeow01
853,Brady Tkachuk,25,OTT,LW,72,1230,1042,54.1,6.1,899,722,55.5,7.6,8.3,89.5,97.8,55.0,45.0,18:14,14:52,19,48,14.1,506,58.5,tkachbr01
854,Matthew Tkachuk,27,FLA,LW/RW,52,972,652,59.9,5.4,712,498,58.8,4.8,9.8,87.8,97.6,59.6,40.4,18:14,14:51,10,47,12.4,316,49.4,tkachma01
855,Devon Toews,30,COL,D,76,1810,1423,56.0,3.2,1243,1007,55.2,2.3,11.3,90.1,101.4,58.1,41.9,24:35,21:10,35,81,18.3,342,40.4,toewsde01
856,Tyler Toffoli,32,SJS,C,78,1207,1088,52.6,9.2,842,772,52.2,8.7,9.6,86.0,95.6,55.9,44.1,16:56,13:49,18,52,2.5,410,56.8,toffoty01
857,Eeli Tolvanen,25,SEA,RW,81,997,1111,47.3,-1.4,720,763,48.6,0.1,10.2,90.9,101.2,53.0,47.0,14:19,12:60,13,45,-6.3,283,48.4,tolvaee01
858,Philip Tomasino,23,TOT,C,61,705,651,52.0,1.8,487,482,50.3,0.5,7.5,89.5,97.0,60.6,39.4,13:04,11:37,17,32,1.2,177,58.8,tomasph01
858,Philip Tomasino,23,PIT,C,50,593,555,51.7,1.9,406,410,49.8,0.0,7.4,88.8,96.2,61.8,38.2,13:27,11:57,15,24,0.8,150,58.0,tomasph01
858,Philip Tomasino,23,NSH,C,11,112,96,53.8,1.9,81,72,52.9,3.2,7.8,92.7,100.6,53.8,46.2,11:18,10:05,2,8,0.4,27,63.0,tomasph01
859,Dominic Toninato,30,WPG,C,5,28,38,42.4,-10.9,17,18,48.6,-6.1,0.0,100.0,100.0,33.3,66.7,8:16,7:48,0,2,0.2,4,50.0,tonindo01
860,Alexey Toropchenko,25,STL,RW,80,709,854,45.4,-4.2,478,562,46.0,-3.5,7.8,92.7,100.6,31.3,68.7,12:30,11:15,6,24,-2.8,171,52.6,toropal01
861,Yakov Trenin,28,MIN,C,76,731,874,45.5,-2.5,509,631,44.6,-4.3,8.7,91.8,100.4,38.5,61.5,12:31,11:16,12,51,-2.9,178,47.8,treniya01
862,Vincent Trocheck,31,NYR,C,82,1434,1311,52.2,4.8,1007,954,51.4,3.7,11.3,87.8,99.2,56.0,44.0,21:06,16:06,33,95,-4.0,380,53.2,trochvi01
863,Jacob Trouba,30,TOT,D,77,1303,1641,44.3,-3.6,935,1171,44.4,-3.2,10.8,90.3,101.1,40.0,60.0,20:31,17:53,29,90,-21.9,268,41.4,troubja01
863,Jacob Trouba,30,ANA,D,53,912,1172,43.8,-3.3,646,834,43.6,-3.4,10.9,90.2,101.1,42.4,57.6,20:45,18:22,23,67,-14.8,180,36.1,troubja01
863,Jacob Trouba,30,NYR,D,24,391,469,45.5,-4.0,289,337,46.2,-2.6,10.6,90.3,100.9,33.8,66.3,20:00,16:49,6,23,-7.1,88,52.3,troubja01
864,Maxim Tsyplakov,26,NYI,F,77,1066,1000,51.6,2.8,768,704,52.2,2.5,9.7,90.3,100.0,53.5,46.5,14:58,13:26,28,78,3.0,262,44.3,tsyplma01
865,Alex Tuch,28,BUF,RW,82,1260,1231,50.6,1.1,899,864,51.0,2.2,12.3,89.0,101.3,52.4,47.6,19:15,14:47,49,76,2.5,392,50.3,tuchal01
866,Tyler Tucker,24,STL,D,38,467,466,50.1,0.0,323,312,50.9,0.7,8.7,92.0,100.7,46.8,53.2,14:35,13:37,13,28,-1.1,98,33.7,tuckety01
867,Riley Tufte,26,BOS,LW,6,38,39,49.4,-2.1,25,30,45.5,-5.2,0.0,85.0,85.0,41.4,58.6,9:12,8:51,0,3,-0.1,5,20.0,tufteri01
868,Alex Turcotte,23,LAK,C,68,772,675,53.4,0.2,547,475,53.5,-0.6,9.8,91.6,101.4,48.3,51.7,11:44,10:54,9,39,4.7,148,53.4,turcoal02
869,T.J. Tynan,32,COL,C,9,64,45,58.7,6.4,39,30,56.5,4.3,3.6,88.2,91.8,51.7,48.3,7:51,7:01,0,5,0.8,10,50.0,tynant.01
870,Ryan Ufko,21,NSH,D,1,11,13,45.8,-1.4,10,11,47.6,1.3,16.7,90.0,106.7,46.2,53.8,15:37,15:37,0,2,-0.6,1,0.0,ufkory01
871,Urho Vaakanainen,26,TOT,D,51,703,815,46.3,-3.9,512,576,47.1,-3.4,10.5,92.5,103.0,37.1,62.9,16:25,15:30,10,40,-6.2,107,39.3,vaakaur01
871,Urho Vaakanainen,26,NYR,D,46,632,754,45.6,-5.5,463,540,46.2,-5.2,11.3,92.2,103.5,37.0,63.0,16:43,15:47,9,36,-7.3,95,41.1,vaakaur01
871,Urho Vaakanainen,26,ANA,D,5,71,61,53.8,10.8,49,36,57.6,14.7,3.4,96.0,99.4,37.9,62.1,13:36,12:52,1,4,1.1,12,25.0,vaakaur01
872,Juuso Välimäki,26,UTA,D,43,644,632,50.5,-2.1,446,451,49.7,-3.2,8.0,91.1,99.1,62.9,37.1,16:33,15:15,11,40,-0.5,109,36.7,valimju01
873,James van Riemsdyk,35,CBJ,LW,71,822,829,49.8,2.1,590,597,49.7,1.3,12.1,87.7,99.8,50.3,49.7,12:24,11:34,5,40,-2.6,149,57.0,vanrija01
874,Trevor van Riemsdyk,33,WSH,D,82,1238,1299,48.8,-2.3,874,880,49.8,-2.0,11.7,92.1,103.8,46.5,53.5,17:40,16:03,25,57,1.2,215,37.2,vanritr01
875,Frank Vatrano,30,ANA,LW,81,1210,1312,48.0,2.9,896,963,48.2,3.2,9.2,90.4,99.5,51.3,48.7,17:33,14:11,13,52,-7.3,415,56.4,vatrafr01
876,Joe Veleno,25,TOT,C,74,692,846,45.0,-2.0,483,580,45.4,-0.6,7.1,88.3,95.3,42.5,57.5,12:07,11:33,13,44,-8.7,141,53.2,velenjo01
876,Joe Veleno,25,DET,C,56,536,622,46.3,-1.0,369,407,47.6,1.2,6.8,89.1,95.9,44.6,55.4,11:57,11:22,10,35,-4.3,103,48.5,velenjo01
876,Joe Veleno,25,CHI,C,18,156,224,41.1,-4.8,114,173,39.7,-5.2,7.9,86.2,94.1,35.8,64.2,12:38,12:06,3,9,-4.3,38,65.8,velenjo01
877,Carter Verhaeghe,29,FLA,C,81,1520,1087,58.3,3.6,1102,827,57.1,3.2,8.2,88.2,96.4,58.6,41.4,17:52,15:18,23,81,21.1,481,50.1,verhaca01
878,Jimmy Vesey,31,TOT,LW,43,416,426,49.4,-1.1,298,305,49.4,-1.3,6.9,92.0,98.9,29.6,70.4,10:39,10:23,7,23,-3.1,75,48.0,veseyji02
878,Jimmy Vesey,31,NYR,LW,33,306,345,47.0,-2.7,218,250,46.6,-3.0,6.8,92.9,99.7,24.9,75.1,10:40,10:30,5,19,-2.4,61,49.2,veseyji02
878,Jimmy Vesey,31,COL,LW,10,110,81,57.6,4.3,80,55,59.3,4.8,7.1,88.1,95.2,45.0,55.0,10:34,10:02,2,4,-0.7,14,42.9,veseyji02
879,Jeffrey Viel,28,BOS,F,5,34,36,48.6,-0.2,25,22,53.2,4.4,0.0,93.3,93.3,33.3,66.7,7:41,7:41,2,4,0.2,6,50.0,vielje01
880,Gabriel Vilardi,25,WPG,C,71,1088,1137,48.9,-1.4,776,822,48.6,-3.0,12.7,90.5,103.2,68.5,31.5,18:08,15:17,22,41,3.5,232,56.0,vilarga01
881,Alex Vlasic,23,CHI,D,82,1223,1679,42.1,-3.1,908,1206,43.0,-1.0,11.5,88.0,99.6,42.7,57.3,23:16,19:13,53,97,-22.9,211,48.8,vlasial01
882,Marc-Édouard Vlasic,37,SJS,D,27,296,406,42.2,-5.0,218,264,45.2,-2.3,6.0,89.1,95.1,46.1,53.9,14:38,13:51,4,26,-2.4,52,38.5,vlasima01
883,Dmitri Voronkov,24,CBJ,LW,73,1157,1100,51.3,3.7,840,792,51.5,3.8,12.4,89.9,102.2,58.3,41.7,16:47,14:39,11,58,4.3,260,59.2,vorondi01
884,Jakub Vrána,28,TOT,LW,39,323,385,45.6,-4.2,227,274,45.3,-5.5,10.1,89.2,99.3,63.5,36.5,10:21,9:39,6,21,-3.8,91,51.6,vranaja01
884,Jakub Vrána,28,WSH,LW,26,186,237,44.0,-6.0,132,158,45.5,-6.2,16.0,93.5,109.5,63.0,37.0,9:50,9:12,5,15,-2.4,56,50.0,vranaja01
884,Jakub Vrána,28,NSH,LW,13,137,148,48.1,-1.6,95,116,45.0,-4.0,3.0,82.6,85.6,64.3,35.7,11:23,10:33,1,6,-1.4,35,54.3,vranaja01
885,Chris Wagner,33,COL,C,28,174,179,49.3,-3.8,126,122,50.8,-2.2,1.1,88.8,89.9,30.5,69.5,7:06,6:33,1,4,-1.5,48,60.4,wagnech01
886,Oliver Wahlstrom,24,TOT,RW,43,317,436,42.1,-4.6,221,292,43.1,-4.2,5.3,93.2,98.5,49.8,50.2,10:14,9:17,5,11,-4.4,105,51.4,wahlsol01
886,Oliver Wahlstrom,24,NYI,RW,27,166,271,38.0,-8.7,124,179,40.9,-7.1,4.4,92.6,97.0,42.0,58.0,10:04,8:55,3,8,-5.0,54,55.6,wahlsol01
886,Oliver Wahlstrom,24,BOS,RW,16,151,165,47.8,1.1,97,113,46.2,0.0,6.7,94.3,101.0,62.5,37.5,10:30,9:55,2,3,0.6,51,47.1,wahlsol01
887,Nathan Walker,30,STL,C,73,623,751,45.3,-4.0,416,511,44.9,-4.7,7.9,91.5,99.4,31.8,68.2,12:06,11:17,10,43,-6.1,133,54.1,walkena01
888,Sean Walker,30,CAR,D,82,1490,989,60.1,1.5,1027,723,58.7,1.1,7.2,88.9,96.1,58.1,41.9,16:50,15:25,40,67,4.7,375,38.7,walkese01
889,Jake Walman,28,TOT,D,65,1260,1221,50.8,3.5,896,834,51.8,4.8,10.8,88.6,99.4,51.7,48.3,22:46,17:45,27,80,0.8,382,42.9,walmaja01
889,Jake Walman,28,SJS,D,50,957,981,49.4,4.3,681,668,50.5,5.6,11.6,87.6,99.2,51.2,48.8,23:11,17:44,23,63,-3.1,302,41.4,walmaja01
889,Jake Walman,28,EDM,D,15,303,240,55.8,1.2,215,166,56.4,2.6,8.6,92.1,100.7,53.2,46.8,21:26,17:47,4,17,3.9,80,48.8,walmaja01
890,Taylor Ward,26,LAK,F,1,11,8,57.9,9.2,9,6,60.0,10.0,0.0,100.0,100.0,50.0,50.0,14:52,13:48,0,1,0.3,5,80.0,wardta01
891,Tim Washe,23,ANA,F,2,26,11,70.3,28.2,21,8,72.4,31.8,7.1,83.3,90.5,12.5,87.5,7:44,7:44,0,0,0.2,7,28.6,washeti01
892,Austin Watson,33,DET,LW,13,84,90,48.3,1.3,61,65,48.4,1.6,11.6,88.2,99.9,60.0,40.0,7:51,7:46,1,5,0.3,23,56.5,watsoau01
893,MacKenzie Weegar,31,CGY,D,81,1736,1433,54.8,5.3,1184,954,55.4,6.5,9.2,90.6,99.8,51.2,48.8,24:10,19:27,52,159,9.0,474,38.8,weegama01
894,Alexander Wennberg,30,SJS,C,77,1125,1190,48.6,4.2,754,834,47.5,2.7,10.3,87.5,97.8,49.9,50.1,18:51,14:39,38,41,-5.0,182,45.1,wennbal01
895,Zach Werenski,27,CBJ,D,81,2057,1875,52.3,6.9,1477,1307,53.1,7.8,9.8,90.2,100.0,56.6,43.4,26:45,22:27,49,120,5.4,638,46.7,werenza01
896,Colin White,28,SJS,C,3,18,22,45.0,-0.6,13,12,52.0,5.8,0.0,90.0,90.0,25.0,75.0,7:18,6:46,0,1,-0.5,3,33.3,whiteco02
897,Zach Whitecloud,28,VEG,D,74,1187,1102,51.9,0.4,871,789,52.5,0.3,8.0,91.7,99.7,54.8,45.2,17:31,16:26,14,74,9.2,194,37.1,whiteza01
898,Ozzy Wiesblatt,22,NSH,RW,5,35,63,35.7,-8.4,21,41,33.9,-14.9,14.3,95.7,109.9,14.8,85.2,11:06,10:47,0,1,0.3,10,40.0,wiesboz01
899,Jack Williams,22,CBJ,F,1,13,13,50.0,2.4,10,9,52.6,9.6,25.0,100.0,125.0,25.0,75.0,11:09,11:09,1,1,-0.3,1,0.0,willija02
900,Adam Wilsby,24,NSH,D,23,371,331,52.8,-0.1,251,239,51.2,-0.5,9.7,91.4,101.1,41.7,58.3,18:06,16:35,10,24,4.4,75,44.0,wilsbad01
901,Tom Wilson,30,WSH,RW,81,1190,1157,50.7,0.5,865,783,52.5,1.8,13.4,88.2,101.6,52.9,47.1,18:44,14:20,20,91,8.6,335,50.4,wilsoto01
902,Ryan Winterton,21,SEA,C,12,112,138,44.8,-3.8,75,96,43.9,-5.2,5.7,79.4,85.1,44.6,55.4,10:50,10:50,1,4,-1.7,24,62.5,wintery01
903,Matthew Wood,19,NSH,RW,6,60,61,49.6,0.9,40,48,45.5,-3.4,8.0,94.3,102.3,42.0,58.0,11:35,10:37,2,5,-1.0,17,47.1,woodma01
904,Miles Wood,29,COL,LW,37,416,414,50.1,-5.5,267,280,48.8,-6.9,8.0,90.9,98.8,40.1,59.9,11:21,10:42,6,26,-1.9,122,49.2,woodmi01
905,Parker Wotherspoon,27,BOS,D,55,780,870,47.3,-1.5,544,598,47.6,-0.7,7.9,90.3,98.2,41.1,58.9,18:02,16:34,15,68,-4.7,103,42.7,wothepa01
906,Shane Wright,21,SEA,C,79,936,1033,47.5,-1.0,669,740,47.5,-1.3,12.4,89.4,101.9,52.8,47.2,14:04,12:07,14,73,0.4,204,44.6,wrighsh01
907,Arber Xhekaj,24,MTL,D,70,838,982,46.0,-2.4,579,688,45.7,-3.0,8.2,90.8,99.0,46.3,53.8,14:37,13:40,16,59,-11.8,175,39.4,xhekaar01
908,Kailer Yamamoto,26,UTA,RW,12,164,108,60.3,7.4,123,86,58.9,4.3,2.7,94.9,97.7,50.0,50.0,12:07,11:25,1,8,2.6,26,50.0,yamamka01
909,Cameron York,24,PHI,D,66,1100,1185,48.1,-1.9,826,823,50.1,-2.2,9.0,88.2,97.1,44.5,55.5,20:47,18:42,25,90,3.9,169,38.5,yorkca01
910,Pavel Zacha,27,BOS,C,82,1186,1210,49.5,2.1,841,891,48.6,1.3,11.8,88.0,99.8,63.1,36.9,19:04,14:46,24,62,-4.1,257,51.4,zachapa01
911,Nikita Zadorov,29,BOS,D,81,1351,1456,48.1,0.1,968,1057,47.8,0.1,11.4,92.6,104.0,43.0,57.0,20:37,18:17,25,104,-4.0,267,39.3,zadorni01
912,Egor Zamula,24,PHI,D,63,883,882,50.0,2.5,648,589,52.4,2.8,9.2,87.1,96.2,47.3,52.7,16:31,15:19,15,52,2.4,113,32.7,zamulye01
913,Connor Zary,23,CGY,C,54,816,720,53.1,2.1,553,507,52.2,1.2,6.2,91.3,97.5,56.9,43.1,16:04,13:54,10,40,3.4,211,52.6,zaryco01
914,Trevor Zegras,23,ANA,C,57,812,942,46.3,0.7,581,711,45.0,-1.3,10.1,91.0,101.1,50.7,49.3,17:02,14:32,13,51,-8.8,197,49.7,zegratr01
915,Olen Zellweger,21,ANA,D,62,1048,1121,48.3,3.1,750,804,48.3,2.7,9.5,91.8,101.3,56.3,43.7,18:58,16:29,21,61,-7.0,302,43.0,zellwol01
916,Fabian Zetterlund,25,TOT,W,84,1198,1336,47.3,1.1,833,929,47.3,1.1,10.8,91.4,102.2,55.4,44.6,16:21,14:26,22,50,-4.8,356,50.8,zettefa01
916,Fabian Zetterlund,25,SJS,W,64,950,1080,46.8,1.3,662,757,46.7,1.3,11.6,91.4,103.0,53.1,46.9,16:59,15:03,20,44,-6.0,281,50.2,zettefa01
916,Fabian Zetterlund,25,OTT,W,20,248,256,49.2,1.1,171,172,49.9,1.1,7.8,91.4,99.1,66.2,33.8,14:18,12:27,2,6,1.2,75,53.3,zettefa01
917,Mika Zibanejad,31,NYR,C,82,1169,1223,48.9,-0.2,851,889,48.9,0.1,9.4,87.5,96.9,47.2,52.8,18:46,13:53,29,83,-6.9,383,47.8,zibanmi01
918,Artem Zub,29,OTT,D,56,940,987,48.8,-2.1,690,668,50.8,0.8,8.5,91.4,99.9,35.7,64.3,20:38,17:59,19,50,2.2,136,41.9,zubar01
919,Mats Zuccarello,37,MIN,LW,69,1092,1167,48.3,1.9,789,839,48.5,1.7,10.7,90.1,100.8,56.9,43.1,19:39,16:18,29,77,2.3,294,51.4,zuccama01
920,Jason Zucker,33,BUF,LW,73,970,1005,49.1,-0.8,720,716,50.1,1.1,12.7,88.8,101.5,47.9,52.1,15:60,13:07,20,73,-4.6,279,51.3,zuckeja01